Price,District,City,Town,Type,EnergyCertificate,GrossArea,TotalArea,Parking,HasParking,Floor,ConstructionYear,EnergyEfficiencyLevel,PublishDate,Garage,Elevator,ElectricCarsCharging,TotalRooms,NumberOfBedrooms,NumberOfWC,ConservationStatus,LivingArea,LotSize,BuiltArea,NumberOfBathrooms
165000.0,Porto,Trofa,Coronado (São Romão e São Mamede),House,,165.0,900.0,2.0,True,,2023.0,,,,False,,3.0,,,,149.0,,,3.0
195000.0,Porto,Vila Nova de Gaia,Mafamude e Vilar do Paraíso,House,F,,391.0,3.0,True,,1987.0,,,,False,,6.0,,,,319.0,,,2.0
595000.0,Porto,Porto,Paranhos,House,D,246.0,383.0,1.0,True,,1988.0,,,,True,,4.0,,,,243.0,,,4.0
270000.0,Porto,Valongo,Campo e Sobrado,House,D,200.0,447.0,1.0,True,,1990.0,,,,False,,4.0,,,,168.0,,,2.0
150000.0,Porto,Vila Nova de Gaia,Santa Marinha e São Pedro da Afurada,House,F,,128.0,0.0,False,,1986.0,,,,False,,3.0,,,,128.0,,,2.0
47500.0,Porto,Baião,Santa Cruz do Douro e São Tomé de Covelas,House,,,287.0,0.0,False,,1937.0,,,,False,,3.0,,,,150.0,,,0.0
125000.0,Porto,Paredes,Recarei,House,,664.0,856.0,3.0,True,,1996.0,,,,False,,3.0,,,,192.0,,,2.0
550000.0,Porto,Felgueiras,"Margaride (Santa Eulália), Várzea, Lagares, Varziela e Moure",House,C,1130.0,1130.0,0.0,False,,1987.0,,,,False,,4.0,,,,538.0,,,0.0
325000.0,Porto,Penafiel,Paço de Sousa,House,D,,900.0,0.0,False,,1986.0,,,,False,,4.0,,,,230.0,,,2.0
45000.0,Porto,Baião,Santa Marinha do Zêzere,House,,,1850.0,0.0,False,,2008.0,,,,False,,3.0,,,,82.0,,,1.0
490000.0,Porto,Gondomar,"Gondomar (São Cosme), Valbom e Jovim",House,D,1970.0,1112.0,0.0,False,,1970.0,,,,False,,7.0,,,,462.0,,,1.0
215000.0,Porto,Gondomar,"Gondomar (São Cosme), Valbom e Jovim",House,E,,1012.0,0.0,False,,1950.0,,,,False,,2.0,,,,118.0,,,1.0
78000.0,Porto,Paredes,Lordelo,House,F,89.0,778.0,0.0,False,,1962.0,,,,False,,4.0,,,,89.0,,,0.0
35000.0,Porto,Baião,Campelo e Ovil,House,,91.0,361.0,0.0,False,,1937.0,,,,False,,3.0,,,,91.0,,,2.0
42000.0,Porto,Felgueiras,Friande,House,E,,3134.0,0.0,False,,1976.0,,,,False,,3.0,,,,184.0,,,1.0
375000.0,Porto,Paredes,Astromil,House,E,,535.0,0.0,False,,1998.0,,,,False,,3.0,,,,276.0,,,2.0
65000.0,Porto,Baião,Ancede e Ribadouro,House,,,885.0,0.0,False,,1950.0,,,,False,,2.0,,,,45.0,,,0.0
116500.0,Porto,Felgueiras,"Margaride (Santa Eulália), Várzea, Lagares, Varziela e Moure",House,G,,300.0,1.0,True,,1977.0,,,,False,,5.0,,,,120.0,,,1.0
340000.0,Porto,Baião,Ancede e Ribadouro,House,D,497.0,494.0,2.0,True,,1999.0,,,,False,,5.0,,,,360.0,,,8.0
83000.0,Porto,Santo Tirso,Carreira e Refojos de Riba de Ave,House,F,,182.0,2.0,True,,1954.0,,,,False,,2.0,,,,111.0,,,1.0
375000.0,Porto,Porto,Paranhos,House,C,,215.0,0.0,False,,1986.0,,,,False,,3.0,,,,325.0,,,0.0
950000.0,Porto,Santo Tirso,Reguenga,House,D,,1000.0,1.0,True,,2010.0,,,,False,,3.0,,,,520.0,,,4.0
212000.0,Porto,Santo Tirso,São Tomé Negrelos,House,E,,232.0,0.0,False,,1973.0,,,,False,,5.0,,,,163.0,,,2.0
600000.0,Porto,Felgueiras,"Margaride (Santa Eulália), Várzea, Lagares, Varziela e Moure",House,C,,670.0,2.0,True,,1987.0,,,,False,,5.0,,,,5046.0,,,2.0
800000.0,Porto,Lousada,Figueiras e Covas,House,A+,424.0,3080.0,0.0,False,,2008.0,,,,False,,5.0,,,,423.0,,,6.0
225000.0,Porto,Baião,Ancede e Ribadouro,House,E,,900.0,0.0,False,,1983.0,,,,False,,5.0,,,,314.0,,,4.0
250000.0,Porto,Vila Nova de Gaia,Avintes,House,F,,1661.0,2.0,True,,1937.0,,,,False,,5.0,,,,231.0,,,1.0
950000.0,Porto,Vila Nova de Gaia,Arcozelo,House,E,269.0,881.0,3.0,True,,1988.0,,,,False,,4.0,,,,230.0,,,4.0
330000.0,Porto,Marco de Canaveses,Marco,House,D,277.0,400.0,0.0,False,,2006.0,,,,False,,5.0,,,,277.0,,,3.0
59500.0,Porto,Amarante,Mancelos,House,,,2003.0,0.0,False,,1937.0,,,,False,,2.0,,,,76.0,,,0.0
165000.0,Porto,Baião,Gove,House,F,,400.0,1.0,True,,1985.0,,,,False,,3.0,,,,268.0,,,1.0
400000.0,Porto,Gondomar,Rio Tinto,House,D,185.0,378.0,0.0,False,,1970.0,,,,False,,4.0,,,,185.0,,,3.0
79900.0,Porto,Amarante,Figueiró (Santiago e Santa Cristina),House,G,,1150.0,0.0,False,,1920.0,,,,False,,5.0,,,,264.0,,,0.0
785000.0,Porto,Valongo,Alfena,House,D,,877.0,1.0,True,,2011.0,,,,False,,4.0,,,,245.0,,,3.0
315000.0,Porto,Baião,Campelo e Ovil,House,F,265.0,1969.0,0.0,False,,1985.0,,,,False,,3.0,,,,173.0,,,4.0
220000.0,Porto,Porto,Campanhã,House,,331.0,445.0,1.0,True,,1925.0,,,,False,,4.0,,,,331.0,,,0.0
160000.0,Porto,Paços de Ferreira,Freamunde,House,,,1486.0,2.0,True,,1986.0,,,,False,,5.0,,,,163.0,,,5.0
539000.0,Porto,Felgueiras,Vila Verde e Santão,House,E,,392.0,3.0,True,,2017.0,,,,False,,3.0,,,,1788.0,,,3.0
1000000.0,Porto,Vila Nova de Gaia,Canidelo,House,A,,266.0,2.0,True,,2023.0,,,,False,,5.0,,,,266.0,,,0.0
182500.0,Porto,Porto,Campanhã,House,,,293.0,0.0,False,,1987.0,,,,False,,4.0,,,,208.0,,,0.0
425000.0,Porto,Vila Nova de Gaia,Arcozelo,House,D,277.0,1063.0,3.0,True,,1966.0,,,,False,,4.0,,,,277.0,,,2.0
595000.0,Porto,Valongo,Valongo,House,D,,1520.0,3.0,True,,2000.0,,,,False,,4.0,,,,364.0,,,8.0
495000.0,Porto,Amarante,Figueiró (Santiago e Santa Cristina),House,D,,2500.0,3.0,True,,1998.0,,,,False,,5.0,,,,427.0,,,4.0
190000.0,Porto,Vila Nova de Gaia,Gulpilhares e Valadares,House,D,91.0,1436.0,3.0,True,,1980.0,,,,False,,2.0,,,,91.0,,,1.0
900000.0,Porto,Vila Nova de Gaia,Canidelo,House,D,,1522.0,2.0,True,,1951.0,,,,False,,2.0,,,,92.0,,,0.0
195000.0,Porto,Lousada,Nevogilde,House,D,,510.0,3.0,True,,2003.0,,,,False,,4.0,,,,262.0,,,3.0
163000.0,Porto,Penafiel,Fonte Arcada,House,D,110.0,105.0,2.0,True,,1937.0,,,,False,,3.0,,,,110.0,,,1.0
800000.0,Porto,Vila Nova de Gaia,Canidelo,House,A,,232.0,3.0,True,,2022.0,,,,False,,4.0,,,,144.0,,,5.0
160000.0,Porto,Marco de Canaveses,Constance,House,F,,800.0,2.0,True,,1978.0,,,,False,,3.0,,,,182.0,,,2.0
370000.0,Porto,Porto,Campanhã,House,C,190.0,170.0,1.0,True,,1949.0,,,,False,,4.0,,,,170.0,,,3.0
199900.0,Porto,Gondomar,Fânzeres e São Pedro da Cova,House,,,8318.0,3.0,True,,2023.0,,,,False,,2.0,,,,180.0,,,0.0
380000.0,Porto,Penafiel,Cabeça Santa,House,B-,224.0,1600.0,1.0,True,,2011.0,,,,False,,3.0,,,,176.0,,,3.0
133000.0,Porto,Baião,Gestaçô,House,C,300.0,300.0,2.0,True,,2001.0,,,,False,,3.0,,,,181.0,,,2.0
365000.0,Porto,Vila Nova de Gaia,Oliveira do Douro,House,B,241.0,207.0,1.0,True,,2023.0,,,,False,,3.0,,,,207.0,,,3.0
370000.0,Porto,Vila do Conde,Touguinha e Touguinhó,House,,292.0,164.0,2.0,True,,2023.0,,,,False,,3.0,,,,292.0,,,6.0
565000.0,Porto,Porto,Ramalde,House,C,149.0,200.0,2.0,True,,1978.0,,,,False,,4.0,,,,130.0,,,2.0
780000.0,Porto,Matosinhos,São Mamede de Infesta e Senhora da Hora,House,D,107.0,671.0,1.0,True,,1991.0,,,,False,,4.0,,,,328.0,,,4.0
325000.0,Porto,Paços de Ferreira,Freamunde,House,,,558.0,2.0,True,,2022.0,,,,False,,3.0,,,,260.0,,,3.0
550000.0,Porto,Gondomar,Melres e Medas,House,A,546.0,1418.0,3.0,True,,2013.0,,,,False,,5.0,,,,546.0,,,4.0
154000.0,Porto,Matosinhos,São Mamede de Infesta e Senhora da Hora,House,,,29.0,0.0,False,,1988.0,,,,False,,1.0,,,,29.0,,,1.0
154000.0,Porto,Matosinhos,São Mamede de Infesta e Senhora da Hora,House,,,29.0,0.0,False,Mezzanine,1988.0,,,,False,,1.0,,,,29.0,,,1.0
848000.0,Porto,Vila Nova de Gaia,Canidelo,House,,338.0,263.0,2.0,True,,,,,,False,,4.0,,,,207.0,,,5.0
798000.0,Porto,Vila Nova de Gaia,Canidelo,House,,324.0,256.0,2.0,True,,,,,,False,,4.0,,,,207.0,,,5.0
330000.0,Porto,Maia,Águas Santas,House,D,291.0,300.0,1.0,True,,1986.0,,,,False,,3.0,,,,277.0,,,3.0
277500.0,Porto,Felgueiras,Pombeiro de Ribavizela,House,D,,436.0,1.0,True,,1993.0,,,,False,,3.0,,,,420.0,,,5.0
255000.0,Porto,Vila Nova de Gaia,Avintes,House,C,,114.0,0.0,False,Ground Floor,2020.0,,,,False,,2.0,,,,131.0,,,2.0
224000.0,Porto,Amarante,Lufrei,House,F,340.0,1516.0,0.0,False,,2002.0,,,,False,,3.0,,,,170.0,,,2.0
69000.0,Porto,Amarante,Lufrei,House,F,,70.0,0.0,False,,2002.0,,,,False,,2.0,,,,70.0,,,1.0
287500.0,Porto,Gondomar,Rio Tinto,House,D,,110.0,0.0,False,1st Floor,1999.0,,,,False,,3.0,,,,110.0,,,2.0
798000.0,Porto,Vila Nova de Gaia,Canidelo,House,,319.0,250.0,2.0,True,,,,,,False,,4.0,,,,204.0,,,5.0
599000.0,Porto,Felgueiras,"Margaride (Santa Eulália), Várzea, Lagares, Varziela e Moure",House,,,600.0,3.0,True,,1998.0,,,,False,,5.0,,,,341.0,,,3.0
171500.0,Porto,Gondomar,Fânzeres e São Pedro da Cova,House,D,,293.0,2.0,True,,1984.0,,,,False,,3.0,,,,156.0,,,1.0
798000.0,Porto,Vila Nova de Gaia,Canidelo,House,,322.0,256.0,2.0,True,,,,,,False,,4.0,,,,204.0,,,5.0
299900.0,Porto,Paços de Ferreira,Meixomil,House,F,,850.0,2.0,True,,2006.0,,,,False,,3.0,,,,390.0,,,2.0
275000.0,Porto,Marco de Canaveses,Penhalonga e Paços de Gaiolo,House,A+,,634.0,1.0,True,,2021.0,,,,False,,2.0,,,,98.0,,,2.0
499000.0,Porto,Trofa,Bougado (São Martinho e Santiago),House,,170.0,1100.0,1.0,True,,1977.0,,,,False,,4.0,,,,431.0,,,0.0
275000.0,Porto,Valongo,Ermesinde,House,D,198.0,168.0,1.0,True,,1995.0,,,,False,,3.0,,,,168.0,,,3.0
475000.0,Porto,Porto,"Aldoar, Foz do Douro e Nevogilde",House,B,111.0,100.0,0.0,False,,1988.0,,,,False,,2.0,,,,100.0,,,2.0
499000.0,Porto,Porto,"Aldoar, Foz do Douro e Nevogilde",House,B,123.0,113.0,0.0,False,,1988.0,,,,False,,3.0,,,,113.0,,,2.0
725000.0,Porto,Porto,"Aldoar, Foz do Douro e Nevogilde",House,,970.0,970.0,0.0,False,,1951.0,,,,False,,5.0,,,,211.0,,,5.0
445000.0,Porto,Vila Nova de Gaia,Vilar de Andorinho,House,C,250.0,211.0,1.0,True,,2022.0,,,,False,,3.0,,,,171.0,,,5.0
1000000.0,Porto,Porto,Bonfim,House,C,,126.0,3.0,True,,1938.0,,,,False,,3.0,,,,319.0,,,3.0
250000.0,Porto,Gondomar,Fânzeres e São Pedro da Cova,House,D,,143.0,3.0,True,,2007.0,,,,False,,3.0,,,,143.0,,,3.0
375000.0,Porto,Matosinhos,"Custóias, Leça do Balio e Guifões",House,,,160.0,2.0,True,,1992.0,,,,False,,3.0,,,,160.0,,,0.0
49900.0,Porto,Paredes,Gandra,House,,,144.0,0.0,False,,2001.0,,,,False,,3.0,,,,82.0,,,0.0
195000.0,Porto,Felgueiras,Vila Fria e Vizela (São Jorge),House,D,,288.0,1.0,True,,2003.0,,,,False,,3.0,,,,288.0,,,3.0
585000.0,Porto,Santo Tirso,Vilarinho,House,D,,1300.0,2.0,True,,2016.0,,,,False,,3.0,,,,684.0,,,4.0
195000.0,Porto,Penafiel,Croca,House,E,,299.0,1.0,True,1st Floor,2004.0,,,,False,,3.0,,,,138.0,,,2.0
750000.0,Porto,Vila do Conde,Vila do Conde,House,C,300.0,192.0,1.0,True,,2002.0,,,,False,,4.0,,,,276.0,,,4.0
37500.0,Porto,Felgueiras,Macieira da Lixa e Caramos,House,,,466.0,0.0,False,,1937.0,,,,False,,2.0,,,,267.0,,,1.0
395000.0,Porto,Maia,Castêlo da Maia,House,E,,420.0,1.0,True,,2001.0,,,,False,,4.0,,,,284.0,,,4.0
340000.0,Porto,Maia,Cidade da Maia,House,C,,127.0,1.0,True,,1986.0,,,,False,,3.0,,,,127.0,,,3.0
345000.0,Porto,Gondomar,"Gondomar (São Cosme), Valbom e Jovim",House,D,240.0,188.0,1.0,True,,1984.0,,,,False,,4.0,,,,188.0,,,3.0
769500.0,Porto,Vila Nova de Gaia,"Sandim, Olival, Lever e Crestuma",House,C,,2165.0,3.0,True,,1994.0,,,,False,,5.0,,,,444.0,,,6.0
205000.0,Porto,Felgueiras,Regilde,House,A,,200.0,1.0,True,,2023.0,,,,False,,3.0,,,,155.0,,,3.0
290000.0,Porto,Maia,Moreira,House,F,,589.0,2.0,True,,1938.0,,,,False,,3.0,,,,138.0,,,1.0
699000.0,Porto,Póvoa de Varzim,"Póvoa de Varzim, Beiriz e Argivai",House,C,477.0,293.0,3.0,True,,2007.0,,,,False,,3.0,,,,293.0,,,5.0
250000.0,Porto,Penafiel,Penafiel,House,B-,,2834.0,2.0,True,,2016.0,,,,False,,4.0,,,,179.0,,,2.0
520000.0,Porto,Felgueiras,"Margaride (Santa Eulália), Várzea, Lagares, Varziela e Moure",House,B,,318.0,3.0,True,,2023.0,,,,False,,3.0,,,,582.0,,,3.0
320000.0,Porto,Penafiel,Rio de Moinhos,House,A,,244.0,2.0,True,,2022.0,,,,False,,3.0,,,,193.0,,,4.0
160000.0,Porto,Gondomar,Rio Tinto,House,G,222.0,720.0,0.0,False,,1937.0,,,,False,,4.0,,,,200.0,,,4.0
335000.0,Porto,Valongo,Alfena,House,C,293.0,310.0,2.0,True,,2003.0,,,,False,,4.0,,,,248.0,,,5.0
69900.0,Porto,Baião,Gestaçô,House,F,147.0,6514.0,3.0,True,,1978.0,,,,False,,2.0,,,,63.0,,,1.0
132700.0,Porto,Felgueiras,Sendim,House,E,,121.0,1.0,True,,1988.0,,,,False,,3.0,,,,121.0,,,2.0
242000.0,Porto,Póvoa de Varzim,Balazar,House,,,1000.0,2.0,True,,1980.0,,,,False,,4.0,,,,184.0,,,0.0
249000.0,Porto,Felgueiras,"Margaride (Santa Eulália), Várzea, Lagares, Varziela e Moure",House,F,,993.0,2.0,True,,1992.0,,,,False,,3.0,,,,160.0,,,2.0
129000.0,Porto,Marco de Canaveses,Sande e São Lourenço,House,F,160.0,130.0,0.0,False,,1964.0,,,,False,,3.0,,,,60.0,,,1.0
525000.0,Porto,Felgueiras,"Margaride (Santa Eulália), Várzea, Lagares, Varziela e Moure",House,B,,379.0,3.0,True,Ground Floor,2023.0,,,,False,,4.0,,,,501.0,,,3.0
515000.0,Porto,Felgueiras,"Margaride (Santa Eulália), Várzea, Lagares, Varziela e Moure",House,B,,318.0,3.0,True,Ground Floor,2023.0,,,,False,,3.0,,,,516.0,,,3.0
515000.0,Porto,Felgueiras,"Margaride (Santa Eulália), Várzea, Lagares, Varziela e Moure",House,B,,318.0,3.0,True,Ground Floor,2023.0,,,,False,,3.0,,,,516.0,,,3.0
535000.0,Porto,Felgueiras,"Margaride (Santa Eulália), Várzea, Lagares, Varziela e Moure",House,B,,415.0,3.0,True,Ground Floor,2023.0,,,,False,,4.0,,,,508.0,,,4.0
350000.0,Porto,Vila Nova de Gaia,Grijó e Sermonde,House,,,252.0,1.0,True,,,,,,False,,3.0,,,,252.0,,,0.0
350000.0,Porto,Vila Nova de Gaia,Grijó e Sermonde,House,,,168.0,1.0,True,,,,,,False,,3.0,,,,168.0,,,0.0
350000.0,Porto,Vila Nova de Gaia,Grijó e Sermonde,House,,,209.0,1.0,True,,,,,,False,,3.0,,,,209.0,,,0.0
89500.0,Porto,Trofa,Alvarelhos e Guidões,House,F,85.0,1135.0,2.0,True,,1937.0,,,,False,,3.0,,,,162.0,,,1.0
175000.0,Porto,Gondomar,Rio Tinto,House,F,,334.0,0.0,False,,1951.0,,,,False,,3.0,,,,154.0,,,0.0
400000.0,Porto,Felgueiras,Airães,House,C,,1550.0,1.0,True,,2013.0,,,,False,,3.0,,,,374.0,,,2.0
330000.0,Porto,Vila Nova de Gaia,Mafamude e Vilar do Paraíso,House,D,274.0,190.0,3.0,True,,1995.0,,,,False,,3.0,,,,168.0,,,4.0
375000.0,Porto,Felgueiras,Friande,House,E,,456.0,3.0,True,,2008.0,,,,False,,3.0,,,,375.0,,,4.0
55000.0,Porto,Lousada,Vilar do Torno e Alentém,House,E,,878.0,0.0,False,,1980.0,,,,False,,2.0,,,,90.0,,,1.0
35000.0,Porto,Santo Tirso,São Tomé Negrelos,House,,76.0,400.0,0.0,False,,1984.0,,,,False,,1.0,,,,71.0,,,1.0
329500.0,Porto,Gondomar,Fânzeres e São Pedro da Cova,House,C,237.0,225.0,3.0,True,,1983.0,,,,False,,4.0,,,,158.0,,,4.0
175000.0,Porto,Marco de Canaveses,Vila Boa de Quires e Maureles,House,F,,459.0,2.0,True,,1997.0,,,,False,,4.0,,,,218.0,,,3.0
380000.0,Porto,Gondomar,"Gondomar (São Cosme), Valbom e Jovim",House,E,,275.0,2.0,True,,1988.0,,,,False,,3.0,,,,192.0,,,4.0
510000.0,Porto,Matosinhos,"Perafita, Lavra e Santa Cruz do Bispo",House,C,286.0,330.0,3.0,True,,1998.0,,,,False,,3.0,,,,256.0,,,3.0
495000.0,Porto,Felgueiras,"Margaride (Santa Eulália), Várzea, Lagares, Varziela e Moure",House,D,,939.0,3.0,True,,1970.0,,,,False,,4.0,,,,501.0,,,3.0
430000.0,Porto,Felgueiras,Vila Verde e Santão,House,D,,700.0,1.0,True,,1997.0,,,,False,,4.0,,,,363.0,,,3.0
432000.0,Porto,Gondomar,"Gondomar (São Cosme), Valbom e Jovim",House,C,254.0,892.0,3.0,True,,1992.0,,,,False,,3.0,,,,170.0,,,4.0
850000.0,Porto,Matosinhos,São Mamede de Infesta e Senhora da Hora,House,C,,437.0,3.0,True,,2000.0,,,,False,,3.0,,,,163.0,,,3.0
252000.0,Porto,Santo Tirso,"Santo Tirso, Couto (Santa Cristina e São Miguel) e Burgães",House,E,,279.0,1.0,True,,2005.0,,,,True,,3.0,,,,107.0,,,2.0
650000.0,Porto,Vila Nova de Gaia,Mafamude e Vilar do Paraíso,House,A,408.0,385.0,2.0,True,,1995.0,,,,False,,4.0,,,,136.0,,,6.0
56000.0,Porto,Penafiel,Duas Igrejas,House,,50.0,365.0,2.0,True,,1937.0,,,,False,,2.0,,,,50.0,,,0.0
349000.0,Porto,Maia,Folgosa,House,E,,708.0,1.0,True,,1980.0,,,,False,,2.0,,,,75.0,,,0.0
135000.0,Porto,Amarante,Telões,House,E,181.0,2036.0,0.0,False,,2020.0,,,,False,,2.0,,,,73.0,,,2.0
495000.0,Porto,Marco de Canaveses,Sande e São Lourenço,House,C,,407.0,1.0,True,,1986.0,,,,False,,4.0,,,,234.0,,,2.0
318000.0,Porto,Paços de Ferreira,Ferreira,House,B-,,1085.0,2.0,True,,1996.0,,,,False,,4.0,,,,418.0,,,0.0
138000.0,Porto,Santo Tirso,"Santo Tirso, Couto (Santa Cristina e São Miguel) e Burgães",House,,65.0,465.0,0.0,False,,1986.0,,,,False,,3.0,,,,65.0,,,0.0
640000.0,Porto,Porto,Ramalde,House,,121.0,636.0,0.0,False,,1989.0,,,,False,,8.0,,,,110.0,,,4.0
315000.0,Porto,Maia,Milheirós,House,D,214.0,105.0,3.0,True,1st Floor,2002.0,,,,False,,3.0,,,,138.0,,,3.0
445000.0,Porto,Vila do Conde,Labruge,House,C,191.0,198.0,1.0,True,,2013.0,,,,False,,4.0,,,,207.0,,,3.0
50000.0,Porto,Lousada,Sousela,House,F,,167.0,0.0,False,,1962.0,,,,False,,2.0,,,,42.0,,,1.0
87500.0,Porto,Gondomar,Fânzeres e São Pedro da Cova,House,,346.0,360.0,2.0,True,,1989.0,,,,False,,4.0,,,,346.0,,,8.0
140000.0,Porto,Porto,"Cedofeita, Santo Ildefonso, Sé, Miragaia, São Nicolau e Vitória",House,F,27.0,27.0,0.0,False,1st Floor,1951.0,,,,False,,1.0,,,,27.0,,,2.0
220000.0,Porto,Vila Nova de Gaia,Grijó e Sermonde,House,,,115.0,0.0,False,,1988.0,,,,False,,2.0,,,,115.0,,,1.0
449000.0,Porto,Vila Nova de Gaia,Madalena,House,C,242.0,150.0,2.0,True,,2003.0,,,,False,,3.0,,,,171.0,,,4.0
220000.0,Porto,Vila Nova de Gaia,Grijó e Sermonde,House,,,96.0,0.0,False,,1937.0,,,,False,,2.0,,,,96.0,,,1.0
495000.0,Porto,Marco de Canaveses,Marco,House,C,,3400.0,3.0,True,,2007.0,,,,False,,4.0,,,,255.0,,,4.0
30000.0,Porto,Baião,Gestaçô,House,,,126.0,1.0,True,,1937.0,,,,False,,3.0,,,,126.0,,,2.0
739000.0,Porto,Vila Nova de Gaia,São Felix da Marinha,House,D,390.0,1421.0,2.0,True,,2019.0,,,,False,,8.0,,,,390.0,,,4.0
235000.0,Porto,Vila do Conde,Fornelo e Vairão,House,C,,200.0,1.0,True,,2007.0,,,,False,,3.0,,,,160.0,,,3.0
380000.0,Porto,Lousada,Lustosa e Barrosas (Santo Estêvão),House,D,,1500.0,3.0,True,,1989.0,,,,False,,7.0,,,,444.0,,,6.0
180000.0,Porto,Felgueiras,Vila Cova da Lixa e Borba de Godim,House,,672.0,7799.0,3.0,True,,,,,,False,,5.0,,,,425.0,,,0.0
125000.0,Porto,Amarante,Gondar,House,,406.0,3000.0,2.0,True,,2000.0,,,,False,,3.0,,,,406.0,,,0.0
225500.0,Porto,Maia,Águas Santas,House,C,117.0,270.0,1.0,True,Ground Floor,1981.0,,,,False,,3.0,,,,117.0,,,2.0
166500.0,Porto,Maia,Cidade da Maia,House,B-,1000.0,1000.0,0.0,False,,2018.0,,,,False,,2.0,,,,150.0,,,2.0
617500.0,Porto,Matosinhos,São Mamede de Infesta e Senhora da Hora,House,,700.0,2280.0,0.0,False,,1937.0,,,,False,,5.0,,,,520.0,,,1.0
337500.0,Porto,Trofa,Coronado (São Romão e São Mamede),House,,290.0,216.0,2.0,True,,2023.0,,,,False,,3.0,,,,197.0,,,3.0
337500.0,Porto,Trofa,Coronado (São Romão e São Mamede),House,,290.0,218.0,2.0,True,,2023.0,,,,False,,3.0,,,,197.0,,,3.0
175000.0,Porto,Baião,Campelo e Ovil,House,G,206.0,122.0,2.0,True,,2000.0,,,,False,,3.0,,,,206.0,,,4.0
269000.0,Porto,Paredes,Paredes,House,D,156.0,638.0,1.0,True,,2003.0,,,,False,,3.0,,,,156.0,,,2.0
850000.0,Porto,Matosinhos,"Custóias, Leça do Balio e Guifões",House,B-,,2512.0,3.0,True,,2016.0,,,,False,,4.0,,,,302.0,,,4.0
140000.0,Porto,Matosinhos,São Mamede de Infesta e Senhora da Hora,House,D,93.0,78.0,1.0,True,,1988.0,,,,False,,2.0,,,,93.0,,,1.0
289900.0,Porto,Felgueiras,Regilde,House,,,550.0,1.0,True,,2001.0,,,,False,,5.0,,,,440.0,,,5.0
59000.0,Porto,Penafiel,Abragão,House,,78.0,5000.0,0.0,False,,1995.0,,,,False,,2.0,,,,78.0,,,0.0
650000.0,Porto,Maia,Cidade da Maia,House,D,,259.0,2.0,True,,2009.0,,,,False,,4.0,,,,222.0,,,4.0
98000.0,Porto,Penafiel,Paço de Sousa,House,E,199.0,380.0,0.0,False,,1937.0,,,,False,,3.0,,,,79.0,,,1.0
475000.0,Porto,Felgueiras,"Margaride (Santa Eulália), Várzea, Lagares, Varziela e Moure",House,B,,318.0,3.0,True,Ground Floor,2023.0,,,,False,,3.0,,,,502.0,,,3.0
395000.0,Porto,Trofa,Bougado (São Martinho e Santiago),House,D,383.0,584.0,2.0,True,,2007.0,,,,False,,3.0,,,,150.0,,,2.0
575000.0,Porto,Gondomar,Melres e Medas,House,E,300.0,2960.0,3.0,True,,2003.0,,,,False,,4.0,,,,200.0,,,4.0
300000.0,Porto,Santo Tirso,São Tomé Negrelos,House,D,365.0,800.0,0.0,False,,2005.0,,,,False,,3.0,,,,365.0,,,3.0
170000.0,Porto,Amarante,Figueiró (Santiago e Santa Cristina),House,E,,765.0,3.0,True,,1982.0,,,,False,,3.0,,,,300.0,,,2.0
190000.0,Porto,Felgueiras,Torrados e Sousa,House,D,,2000.0,0.0,False,,1993.0,,,,False,,5.0,,,,174.0,,,2.0
66000.0,Porto,Vila do Conde,"Bagunte, Ferreiró, Outeiro Maior e Parada",House,,124.0,1480.0,3.0,True,,1937.0,,,,False,,7.0,,,,62.0,,,0.0
87000.0,Porto,Amarante,Vila Meã,House,,,4755.0,2.0,True,,1937.0,,,,False,,2.0,,,,232.0,,,1.0
750000.0,Porto,Matosinhos,"Perafita, Lavra e Santa Cruz do Bispo",House,,352.0,278.0,2.0,True,,2023.0,,,,False,,4.0,,,,278.0,,,5.0
475000.0,Porto,Santo Tirso,Monte Córdova,House,,,3130.0,1.0,True,,1974.0,,,,False,,4.0,,,,539.0,,,0.0
390000.0,Porto,Amarante,"Amarante (São Gonçalo), Madalena, Cepelos e Gatão",House,E,450.0,600.0,3.0,True,,2000.0,,,,False,,4.0,,,,300.0,,,4.0
429000.0,Porto,Maia,Pedrouços,House,B,,341.0,2.0,True,,2018.0,,,,False,,4.0,,,,424.0,,,5.0
565000.0,Porto,Vila Nova de Gaia,Serzedo e Perosinho,House,,223.0,290.0,1.0,True,,2023.0,,,,False,,3.0,,,,208.0,,,0.0
436000.0,Porto,Vila Nova de Gaia,Gulpilhares e Valadares,House,F,256.0,242.0,3.0,True,,2003.0,,,,False,,3.0,,,,164.0,,,4.0
203000.0,Porto,Póvoa de Varzim,"Aver-o-Mar, Amorim e Terroso",House,,200.0,400.0,1.0,True,,1937.0,,,,False,,3.0,,,,400.0,,,2.0
368000.0,Porto,Gondomar,Baguim do Monte,House,D,267.0,195.0,1.0,True,,1981.0,,,,False,,4.0,,,,155.0,,,2.0
370000.0,Porto,Póvoa de Varzim,"Aver-o-Mar, Amorim e Terroso",House,C,211.0,220.0,1.0,True,,2005.0,,,,False,,4.0,,,,181.0,,,3.0
169900.0,Porto,Valongo,Ermesinde,House,D,232.0,232.0,1.0,True,Ground Floor,1984.0,,,,False,,2.0,,,,92.0,,,2.0
185000.0,Porto,Marco de Canaveses,Marco,House,B,,215.0,2.0,True,,2008.0,,,,False,,3.0,,,,215.0,,,3.0
998783.0,Porto,Vila Nova de Gaia,Canidelo,House,A,245.0,184.0,2.0,True,,,,,,False,,3.0,,,,184.0,,,4.0
906606.0,Porto,Vila Nova de Gaia,Canidelo,House,,222.0,180.0,2.0,True,,,,,,False,,3.0,,,,180.0,,,4.0
994919.0,Porto,Vila Nova de Gaia,Canidelo,House,A,293.0,207.0,2.0,True,,,,,,False,,3.0,,,,207.0,,,3.0
350000.0,Porto,Valongo,Ermesinde,House,D,,714.0,2.0,True,,1985.0,,,,False,,5.0,,,,266.0,,,3.0
450000.0,Porto,Santo Tirso,Lamelas e Guimarei,House,A,,1545.0,2.0,True,,1986.0,,,,False,,4.0,,,,280.0,,,3.0
269000.0,Porto,Gondomar,"Gondomar (São Cosme), Valbom e Jovim",House,D,,155.0,3.0,True,,1959.0,,,,False,,3.0,,,,103.0,,,4.0
200000.0,Porto,Maia,Castêlo da Maia,House,,180.0,672.0,0.0,False,,1937.0,,,,False,,4.0,,,,180.0,,,1.0
270000.0,Porto,Gondomar,Fânzeres e São Pedro da Cova,House,F,110.0,415.0,1.0,True,,1937.0,,,,False,,4.0,,,,55.0,,,2.0
235000.0,Porto,Marco de Canaveses,Penhalonga e Paços de Gaiolo,House,D,278.0,1089.0,2.0,True,,2008.0,,,,False,,4.0,,,,159.0,,,0.0
350000.0,Porto,Porto,Lordelo do Ouro e Massarelos,House,E,,48.0,0.0,False,,1951.0,,,,False,,3.0,,,,96.0,,,5.0
355000.0,Porto,Penafiel,Rans,House,A,,321.0,2.0,True,,2019.0,,,,False,,3.0,,,,196.0,,,2.0
350000.0,Porto,Maia,Cidade da Maia,House,D,150.0,140.0,1.0,True,,1970.0,,,,False,,4.0,,,,140.0,,,2.0
375000.0,Porto,Felgueiras,Airães,House,D,,692.0,3.0,True,,1994.0,,,,False,,4.0,,,,401.0,,,3.0
478000.0,Porto,Santo Tirso,"Santo Tirso, Couto (Santa Cristina e São Miguel) e Burgães",House,,,4900.0,2.0,True,,1980.0,,,,False,,3.0,,,,244.0,,,2.0
435000.0,Porto,Gondomar,Fânzeres e São Pedro da Cova,House,A,,279.0,1.0,True,,,,,,False,,3.0,,,,279.0,,,5.0
435000.0,Porto,Gondomar,Fânzeres e São Pedro da Cova,House,A,,279.0,1.0,True,,,,,,False,,3.0,,,,279.0,,,5.0
410000.0,Porto,Gondomar,Fânzeres e São Pedro da Cova,House,A,,195.0,1.0,True,,,,,,False,,3.0,,,,195.0,,,5.0
410000.0,Porto,Gondomar,Fânzeres e São Pedro da Cova,House,A,,195.0,1.0,True,,,,,,False,,3.0,,,,195.0,,,5.0
410000.0,Porto,Gondomar,Fânzeres e São Pedro da Cova,House,A,,195.0,1.0,True,,,,,,False,,3.0,,,,195.0,,,5.0
326000.0,Porto,Trofa,Coronado (São Romão e São Mamede),House,C,270.0,186.0,2.0,True,,2007.0,,,,False,,3.0,,,,186.0,,,5.0
210000.0,Porto,Maia,Cidade da Maia,House,E,120.0,120.0,1.0,True,1st Floor,1990.0,,,,False,,3.0,,,,96.0,,,4.0
325000.0,Porto,Gondomar,Baguim do Monte,House,C,319.0,369.0,3.0,True,,2003.0,,,,False,,3.0,,,,137.0,,,3.0
65000.0,Porto,Baião,Teixeira e Teixeiró,House,,,123.0,0.0,False,,1937.0,,,,False,,5.0,,,,123.0,,,0.0
380000.0,Porto,Gondomar,"Gondomar (São Cosme), Valbom e Jovim",House,B-,,436.0,0.0,False,,2019.0,,,,False,,2.0,,,,93.0,,,3.0
130000.0,Porto,Amarante,Fregim,House,B,,200.0,2.0,True,,2022.0,,,,False,,1.0,,,,55.0,,,1.0
299000.0,Porto,Felgueiras,Idães,House,A,,600.0,2.0,True,,2000.0,,,,False,,3.0,,,,297.0,,,2.0
960000.0,Porto,Vila Nova de Gaia,São Felix da Marinha,House,B,381.0,606.0,3.0,True,,2011.0,,,,False,,4.0,,,,275.0,,,5.0
85000.0,Porto,Matosinhos,"Perafita, Lavra e Santa Cruz do Bispo",House,,50.0,390.0,0.0,False,,1934.0,,,,False,,2.0,,,,50.0,,,0.0
450000.0,Porto,Vila Nova de Gaia,Pedroso e Seixezelo,House,E,,2325.0,1.0,True,,1937.0,,,,False,,2.0,,,,100.0,,,3.0
92500.0,Porto,Vila Nova de Gaia,Canidelo,House,E,,80.0,0.0,False,,1937.0,,,,False,,2.0,,,,80.0,,,1.0
270000.0,Porto,Maia,Águas Santas,House,D,152.0,140.0,1.0,True,,1973.0,,,,False,,4.0,,,,140.0,,,2.0
349900.0,Porto,Vila Nova de Gaia,Serzedo e Perosinho,House,C,,209.0,2.0,True,,2003.0,,,,False,,3.0,,,,209.0,,,3.0
285000.0,Porto,Felgueiras,Friande,House,D,,1820.0,3.0,True,,2001.0,,,,False,,4.0,,,,310.0,,,4.0
175000.0,Porto,Amarante,Fregim,House,B,,250.0,2.0,True,,2022.0,,,,False,,2.0,,,,70.0,,,1.0
690000.0,Porto,Amarante,Gondar,House,D,,468.0,2.0,True,,2002.0,,,,False,,3.0,,,,468.0,,,5.0
180000.0,Porto,Felgueiras,Vila Fria e Vizela (São Jorge),House,F,,2248.0,2.0,True,,1937.0,,,,False,,3.0,,,,256.0,,,1.0
320000.0,Porto,Penafiel,Luzim e Vila Cova,House,F,230.0,3130.0,2.0,True,,1981.0,,,,False,,3.0,,,,115.0,,,2.0
295000.0,Porto,Vila Nova de Gaia,Serzedo e Perosinho,House,D,,470.0,2.0,True,,1981.0,,,,False,,6.0,,,,270.0,,,2.0
229000.0,Porto,Maia,Cidade da Maia,House,,153.0,105.0,0.0,False,Ground Floor,1970.0,,,,False,,2.0,,,,89.0,,,2.0
248000.0,Porto,Maia,Cidade da Maia,House,,189.0,143.0,0.0,False,Ground Floor,1972.0,,,,False,,2.0,,,,89.0,,,2.0
179000.0,Porto,Felgueiras,Refontoura,House,D,,350.0,2.0,True,,1984.0,,,,False,,3.0,,,,240.0,,,2.0
210000.0,Porto,Vila Nova de Gaia,Oliveira do Douro,House,D,98.0,270.0,0.0,False,,1951.0,,,,False,,2.0,,,,74.0,,,1.0
339000.0,Porto,Porto,"Aldoar, Foz do Douro e Nevogilde",House,D,,94.0,1.0,True,,1989.0,,,,False,,3.0,,,,140.0,,,1.0
60000.0,Porto,Amarante,Gouveia (São Simão),House,,,780.0,0.0,False,,1993.0,,,,False,,2.0,,,,30.0,,,0.0
275000.0,Porto,Felgueiras,"Margaride (Santa Eulália), Várzea, Lagares, Varziela e Moure",House,C,,592.0,3.0,True,,1982.0,,,,False,,3.0,,,,224.0,,,2.0
120000.0,Porto,Felgueiras,Friande,House,F,83.0,2800.0,3.0,True,,1937.0,,,,False,,3.0,,,,83.0,,,1.0
295000.0,Porto,Gondomar,"Gondomar (São Cosme), Valbom e Jovim",House,D,98.0,212.0,2.0,True,,1973.0,,,,False,,4.0,,,,212.0,,,2.0
74000.0,Porto,Baião,Gestaçô,House,,,252.0,0.0,False,,2007.0,,,,False,,2.0,,,,194.0,,,0.0
220000.0,Porto,Trofa,Bougado (São Martinho e Santiago),House,G,414.0,626.0,2.0,True,,1937.0,,,,False,,5.0,,,,207.0,,,2.0
200000.0,Porto,Maia,Cidade da Maia,House,E,61.0,262.0,1.0,True,,1951.0,,,,False,,2.0,,,,61.0,,,1.0
380000.0,Porto,Vila Nova de Gaia,Canidelo,House,E,,1575.0,0.0,False,,1951.0,,,,False,,2.0,,,,75.0,,,1.0
45000.0,Porto,Baião,Valadares,House,,,1457.0,2.0,True,,1937.0,,,,False,,2.0,,,,114.0,,,0.0
79000.0,Porto,Penafiel,Guilhufe e Urrô,House,,72.0,169.0,2.0,True,,2000.0,,,,False,,2.0,,,,72.0,,,0.0
475000.0,Porto,Felgueiras,"Margaride (Santa Eulália), Várzea, Lagares, Varziela e Moure",House,D,,475.0,3.0,True,,2000.0,,,,False,,4.0,,,,589.0,,,7.0
550000.0,Porto,Vila Nova de Gaia,Arcozelo,House,D,495.0,142.0,2.0,True,,2000.0,,,,False,,4.0,,,,142.0,,,4.0
300000.0,Porto,Vila Nova de Gaia,Canidelo,House,E,126.0,565.0,2.0,True,,1947.0,,,,False,,3.0,,,,120.0,,,3.0
49000.0,Porto,Penafiel,Guilhufe e Urrô,House,,97.0,223.0,2.0,True,,2000.0,,,,False,,2.0,,,,97.0,,,0.0
162500.0,Porto,Baião,Ancede e Ribadouro,House,,86.0,55.0,0.0,False,,1937.0,,,,False,,2.0,,,,46.0,,,0.0
275000.0,Porto,Maia,Castêlo da Maia,House,C,199.0,116.0,2.0,True,Ground Floor,2003.0,,,,False,,2.0,,,,116.0,,,3.0
298500.0,Porto,Matosinhos,"Perafita, Lavra e Santa Cruz do Bispo",House,D,167.0,473.0,1.0,True,,2003.0,,,,False,,3.0,,,,145.0,,,2.0
140000.0,Porto,Santo Tirso,Rebordões,House,F,111.0,2097.0,0.0,False,,1970.0,,,,False,,3.0,,,,111.0,,,0.0
162000.0,Porto,Paredes,Duas Igrejas,House,D,,252.0,0.0,False,1st Floor,1951.0,,,,False,,3.0,,,,218.0,,,2.0
550000.0,Porto,Paredes,Recarei,House,,285.0,161.0,2.0,True,,,,,,False,,3.0,,,,161.0,,,4.0
290000.0,Porto,Penafiel,Penafiel,House,D,384.0,500.0,2.0,True,,2000.0,,,,False,,4.0,,,,204.0,,,3.0
170000.0,Porto,Amarante,"Bustelo, Carneiro e Carvalho de Rei",House,F,,495.0,1.0,True,,1937.0,,,,False,,2.0,,,,134.0,,,1.0
118000.0,Porto,Penafiel,Guilhufe e Urrô,House,,,392.0,2.0,True,,2000.0,,,,False,,4.0,,,,241.0,,,0.0
430000.0,Porto,Porto,Bonfim,House,D,,121.0,0.0,False,,1967.0,,,,False,,2.0,,,,50.0,,,0.0
220000.0,Porto,Valongo,Valongo,House,F,,300.0,0.0,False,,1980.0,,,,False,,3.0,,,,180.0,,,1.0
299000.0,Porto,Amarante,Louredo,House,F,126.0,5463.0,0.0,False,,1937.0,,,,False,,4.0,,,,63.0,,,1.0
179900.0,Porto,Vila Nova de Gaia,Pedroso e Seixezelo,House,C,,147.0,2.0,True,Ground Floor,1989.0,,,,False,,3.0,,,,102.0,,,2.0
374000.0,Porto,Gondomar,"Gondomar (São Cosme), Valbom e Jovim",House,,360.0,1140.0,2.0,True,,1970.0,,,,False,,3.0,,,,160.0,,,2.0
170000.0,Porto,Vila Nova de Gaia,Gulpilhares e Valadares,House,D,136.0,181.0,0.0,False,Ground Floor,1964.0,,,,False,,3.0,,,,130.0,,,3.0
880000.0,Porto,Vila Nova de Gaia,Gulpilhares e Valadares,House,C,390.0,1243.0,3.0,True,,1992.0,,,,False,,4.0,,,,390.0,,,6.0
335000.0,Porto,Amarante,Freixo de Cima e de Baixo,House,A+,,2000.0,2.0,True,,2023.0,,,,False,,3.0,,,,400.0,,,2.0
230000.0,Porto,Felgueiras,"Margaride (Santa Eulália), Várzea, Lagares, Varziela e Moure",House,E,,2061.0,1.0,True,,1937.0,,,,False,,2.0,,,,208.0,,,1.0
375000.0,Porto,Vila Nova de Gaia,Pedroso e Seixezelo,House,F,638.0,939.0,3.0,True,,1990.0,,,,False,,7.0,,,,638.0,,,0.0
234000.0,Porto,Santo Tirso,São Tomé Negrelos,House,,348.0,348.0,1.0,True,,1995.0,,,,False,,4.0,,,,308.0,,,3.0
695003.0,Porto,Vila Nova de Gaia,Canidelo,House,A,181.0,145.0,2.0,True,,,,,,False,,3.0,,,,145.0,,,4.0
350000.0,Porto,Amarante,Gondar,House,D,,7500.0,3.0,True,,1985.0,,,,False,,3.0,,,,460.0,,,0.0
310000.0,Porto,Paredes,Louredo,House,F,465.0,1388.0,1.0,True,,1937.0,,,,False,,4.0,,,,310.0,,,3.0
60000.0,Porto,Marco de Canaveses,Vila Boa do Bispo,House,F,328.0,5602.0,0.0,False,,1937.0,,,,False,,5.0,,,,164.0,,,1.0
255000.0,Porto,Vila Nova de Gaia,São Felix da Marinha,House,F,407.0,515.0,3.0,True,,1964.0,,,,False,,3.0,,,,245.0,,,3.0
610000.0,Porto,Porto,Paranhos,House,F,,802.0,1.0,True,,1941.0,,,,False,,4.0,,,,339.0,,,0.0
190000.0,Porto,Penafiel,São Mamede Recezinhos,House,F,344.0,570.0,3.0,True,,1984.0,,,,False,,3.0,,,,198.0,,,2.0
460000.0,Porto,Vila Nova de Gaia,Mafamude e Vilar do Paraíso,House,D,470.0,678.0,3.0,True,,1985.0,,,,False,,5.0,,,,280.0,,,4.0
150000.0,Porto,Amarante,Telões,House,E,,3349.0,1.0,True,,1969.0,,,,False,,3.0,,,,198.0,,,1.0
415000.0,Porto,Paredes,Recarei,House,F,,3025.0,3.0,True,,1944.0,,,,False,,3.0,,,,275.0,,,2.0
360000.0,Porto,Matosinhos,São Mamede de Infesta e Senhora da Hora,House,E,356.0,264.0,2.0,True,,1996.0,,,,False,,4.0,,,,261.0,,,4.0
189000.0,Porto,Felgueiras,Vila Cova da Lixa e Borba de Godim,House,D,,468.0,3.0,True,,1994.0,,,,False,,3.0,,,,200.0,,,1.0
615000.0,Porto,Vila Nova de Gaia,Arcozelo,House,D,600.0,1035.0,3.0,True,,1985.0,,,,False,,5.0,,,,360.0,,,4.0
845000.0,Porto,Penafiel,São Martinho Recezinhos,House,A,,766.0,3.0,True,,2003.0,,,,False,,4.0,,,,681.0,,,3.0
205000.0,Porto,Santo Tirso,Agrela,House,E,148.0,1568.0,1.0,True,,1955.0,,,,False,,4.0,,,,132.0,,,2.0
449000.0,Porto,Vila Nova de Gaia,Arcozelo,House,D,315.0,487.0,2.0,True,,2003.0,,,,False,,3.0,,,,182.0,,,3.0
310000.0,Porto,Maia,Castêlo da Maia,House,C,340.0,354.0,2.0,True,,2010.0,,,,False,,4.0,,,,255.0,,,5.0
449900.0,Porto,Valongo,Alfena,House,D,,329.0,3.0,True,,2014.0,,,,False,,4.0,,,,230.0,,,5.0
325000.0,Porto,Vila do Conde,"Bagunte, Ferreiró, Outeiro Maior e Parada",House,,188.0,490.0,2.0,True,,2005.0,,,,False,,3.0,,,,138.0,,,3.0
340000.0,Porto,Baião,Ancede e Ribadouro,House,F,,352.0,0.0,False,,1937.0,,,,False,,3.0,,,,147.0,,,1.0
360000.0,Porto,Penafiel,Fonte Arcada,House,D,,700.0,3.0,True,,2004.0,,,,False,,4.0,,,,260.0,,,3.0
650000.0,Porto,Porto,Paranhos,House,E,,438.0,3.0,True,,1947.0,,,,False,,5.0,,,,282.0,,,2.0
51250.0,Porto,Baião,Baião (Santa Leocádia) e Mesquinhata,House,,42.0,3142.0,0.0,False,,1972.0,,,,False,,2.0,,,,42.0,,,1.0
140000.0,Porto,Vila Nova de Gaia,Mafamude e Vilar do Paraíso,House,,,130.0,0.0,False,,1988.0,,,,False,,4.0,,,,65.0,,,0.0
500000.0,Porto,Maia,Cidade da Maia,House,,,249.0,3.0,True,,1977.0,,,,True,,6.0,,,,124.0,,,4.0
898000.0,Porto,Gondomar,"Gondomar (São Cosme), Valbom e Jovim",House,C,330.0,231.0,2.0,True,,2008.0,,,,True,,3.0,,,,231.0,,,4.0
165000.0,Porto,Santo Tirso,Rebordões,House,,120.0,5063.0,0.0,False,,1938.0,,,,False,,3.0,,,,133.0,,,0.0
335000.0,Porto,Matosinhos,"Perafita, Lavra e Santa Cruz do Bispo",House,D,,166.0,1.0,True,,2005.0,,,,False,,3.0,,,,144.0,,,3.0
210000.0,Porto,Felgueiras,Sendim,House,A+,,295.0,2.0,True,,2000.0,,,,False,,3.0,,,,246.0,,,2.0
210000.0,Porto,Felgueiras,Sendim,House,A+,,295.0,2.0,True,,2000.0,,,,False,,3.0,,,,246.0,,,2.0
225000.0,Porto,Felgueiras,Sendim,House,A+,,295.0,2.0,True,,2000.0,,,,False,,3.0,,,,246.0,,,2.0
225000.0,Porto,Felgueiras,Sendim,House,A+,,295.0,2.0,True,,2000.0,,,,False,,3.0,,,,246.0,,,2.0
250000.0,Porto,Maia,Pedrouços,House,F,,148.0,0.0,False,,1986.0,,,,False,,2.0,,,,103.0,,,1.0
167000.0,Porto,Felgueiras,"Pedreira, Rande e Sernande",House,E,,1200.0,2.0,True,,1973.0,,,,False,,6.0,,,,6730.0,,,1.0
45000.0,Porto,Baião,Santa Cruz do Douro e São Tomé de Covelas,House,,,311.0,2.0,True,,1979.0,,,,False,,4.0,,,,75.0,,,1.0
66500.0,Porto,Felgueiras,Macieira da Lixa e Caramos,House,,,2250.0,0.0,False,,1937.0,,,,False,,3.0,,,,200.0,,,0.0
44500.0,Porto,Felgueiras,Macieira da Lixa e Caramos,House,,,205.0,0.0,False,,1937.0,,,,False,,2.0,,,,110.0,,,0.0
82000.0,Porto,Felgueiras,Vila Verde e Santão,House,,,505.0,0.0,False,,1941.0,,,,False,,4.0,,,,455.0,,,0.0
212500.0,Porto,Felgueiras,"Margaride (Santa Eulália), Várzea, Lagares, Varziela e Moure",House,E,437.0,1580.0,2.0,True,,1965.0,,,,False,,5.0,,,,437.0,,,2.0
500000.0,Porto,Penafiel,Fonte Arcada,House,B,,1360.0,2.0,True,,1937.0,,,,False,,4.0,,,,462.0,,,4.0
730000.0,Porto,Matosinhos,São Mamede de Infesta e Senhora da Hora,House,C,456.0,456.0,2.0,True,,1988.0,,,,False,,4.0,,,,705.0,,,4.0
245000.0,Porto,Trofa,Coronado (São Romão e São Mamede),House,,225.0,7385.0,3.0,True,,1937.0,,,,False,,4.0,,,,448.0,,,3.0
390000.0,Porto,Vila Nova de Gaia,Serzedo e Perosinho,House,E,,455.0,2.0,True,,1988.0,,,,False,,4.0,,,,375.0,,,4.0
59900.0,Porto,Santo Tirso,Monte Córdova,House,,,589.0,0.0,False,,1938.0,,,,False,,2.0,,,,60.0,,,0.0
354000.0,Porto,Vila do Conde,Malta e Canidelo,House,B,,263.0,2.0,True,,2023.0,,,,False,,3.0,,,,197.0,,,2.0
343000.0,Porto,Vila do Conde,Malta e Canidelo,House,B,,248.0,2.0,True,,2023.0,,,,False,,4.0,,,,197.0,,,2.0
69000.0,Porto,Lousada,"Silvares, Pias, Nogueira e Alvarenga",House,G,,1011.0,0.0,False,,1945.0,,,,False,,2.0,,,,164.0,,,0.0
343000.0,Porto,Vila do Conde,Malta e Canidelo,House,B,,250.0,2.0,True,,2023.0,,,,False,,4.0,,,,193.0,,,2.0
309000.0,Porto,Vila do Conde,Malta e Canidelo,House,B,,212.0,2.0,True,,2023.0,,,,False,,3.0,,,,171.0,,,2.0
311000.0,Porto,Vila do Conde,Malta e Canidelo,House,B,,184.0,2.0,True,,2023.0,,,,False,,2.0,,,,133.0,,,1.0
289000.0,Porto,Vila do Conde,Malta e Canidelo,House,B,,190.0,2.0,True,,2023.0,,,,False,,2.0,,,,133.0,,,2.0
309000.0,Porto,Vila do Conde,Malta e Canidelo,House,B,,210.0,2.0,True,,2023.0,,,,False,,3.0,,,,169.0,,,2.0
150000.0,Porto,Marco de Canaveses,Penhalonga e Paços de Gaiolo,House,,338.0,2480.0,3.0,True,,1937.0,,,,False,,6.0,,,,300.0,,,0.0
65000.0,Porto,Baião,Santa Cruz do Douro e São Tomé de Covelas,House,,200.0,5557.0,3.0,True,,1937.0,,,,False,,2.0,,,,180.0,,,0.0
300000.0,Porto,Paços de Ferreira,Freamunde,House,,,238.0,2.0,True,,2000.0,,,,False,,3.0,,,,824.0,,,1.0
120000.0,Porto,Gondomar,Rio Tinto,House,F,103.0,100.0,0.0,False,,1961.0,,,,False,,2.0,,,,103.0,,,1.0
470000.0,Porto,Vila Nova de Gaia,Gulpilhares e Valadares,House,C,436.0,520.0,2.0,True,,1986.0,,,,False,,6.0,,,,313.0,,,5.0
375000.0,Porto,Paredes,Paredes,House,F,,6766.0,3.0,True,,1937.0,,,,False,,4.0,,,,200.0,,,0.0
550000.0,Porto,Gondomar,"Gondomar (São Cosme), Valbom e Jovim",House,D,363.0,506.0,1.0,True,,2009.0,,,,False,,4.0,,,,363.0,,,4.0
270000.0,Porto,Marco de Canaveses,"Várzea, Aliviada e Folhada",House,,,3080.0,3.0,True,,2002.0,,,,False,,4.0,,,,460.0,,,2.0
423100.0,Porto,Paredes,Lordelo,House,B,379.0,263.0,1.0,True,,2012.0,,,,False,,3.0,,,,263.0,,,0.0
450000.0,Porto,Matosinhos,"Custóias, Leça do Balio e Guifões",House,B-,333.0,147.0,2.0,True,,2007.0,,,,False,,3.0,,,,249.0,,,4.0
710000.0,Porto,Paços de Ferreira,Figueiró,House,E,528.0,5374.0,3.0,True,,1961.0,,,,False,,5.0,,,,254.0,,,7.0
250000.0,Porto,Porto,Paranhos,House,D,170.0,135.0,0.0,False,,1953.0,,,,False,,4.0,,,,170.0,,,2.0
67500.0,Porto,Valongo,Alfena,House,F,80.0,279.0,0.0,False,,1938.0,,,,False,,1.0,,,,55.0,,,1.0
109000.0,Porto,Felgueiras,Vila Fria e Vizela (São Jorge),House,G,,1977.0,1.0,True,,1965.0,,,,False,,4.0,,,,267.0,,,2.0
265000.0,Porto,Felgueiras,Vila Cova da Lixa e Borba de Godim,House,E,,600.0,3.0,True,,1984.0,,,,False,,3.0,,,,600.0,,,0.0
130000.0,Porto,Felgueiras,Pombeiro de Ribavizela,House,G,,744.0,3.0,True,,2010.0,,,,False,,12.0,,,,260.0,,,0.0
179000.0,Porto,Trofa,Coronado (São Romão e São Mamede),House,,18674.0,634.0,0.0,False,,1937.0,,,,False,,3.0,,,,186.0,,,0.0
85000.0,Porto,Vila Nova de Gaia,Mafamude e Vilar do Paraíso,House,,40.0,290.0,0.0,False,,1975.0,,,,False,,2.0,,,,290.0,,,1.0
230000.0,Porto,Baião,Santa Marinha do Zêzere,House,E,,1500.0,1.0,True,,2000.0,,,,False,,3.0,,,,125.0,,,3.0
230000.0,Porto,Felgueiras,Torrados e Sousa,House,E,,1150.0,2.0,True,,1980.0,,,,False,,3.0,,,,330.0,,,0.0
130000.0,Porto,Felgueiras,Pombeiro de Ribavizela,House,E,,508.0,2.0,True,,1960.0,,,,False,,2.0,,,,165.0,,,1.0
180000.0,Porto,Maia,Pedrouços,House,A,269.0,591.0,3.0,True,,2021.0,,,,False,,4.0,,,,186.0,,,0.0
160000.0,Porto,Paços de Ferreira,Raimonda,House,F,,1836.0,0.0,False,,1937.0,,,,False,,5.0,,,,455.0,,,0.0
458450.0,Porto,Porto,"Cedofeita, Santo Ildefonso, Sé, Miragaia, São Nicolau e Vitória",House,,134.0,196.0,1.0,True,,1989.0,,,,False,,2.0,,,,109.0,,,2.0
265500.0,Porto,Santo Tirso,Lamelas e Guimarei,House,E,,200.0,2.0,True,,1987.0,,,,False,,4.0,,,,200.0,,,6.0
99000.0,Porto,Baião,Santa Marinha do Zêzere,House,F,,1143.0,0.0,False,,1988.0,,,,False,,5.0,,,,38.0,,,2.0
650000.0,Porto,Porto,Ramalde,House,B-,,282.0,2.0,True,,2010.0,,,,False,,4.0,,,,237.0,,,4.0
80000.0,Porto,Vila Nova de Gaia,Grijó e Sermonde,House,F,,450.0,0.0,False,Ground Floor,1986.0,,,,False,,2.0,,,,150.0,,,0.0
150000.0,Porto,Vila Nova de Gaia,Grijó e Sermonde,House,C,,600.0,0.0,False,1st Floor,1988.0,,,,False,,4.0,,,,100.0,,,0.0
350000.0,Porto,Vila Nova de Gaia,Canidelo,House,D,,400.0,2.0,True,Ground Floor,1977.0,,,,False,,4.0,,,,252.0,,,0.0
120000.0,Porto,Porto,Ramalde,House,F,,265.0,0.0,False,,1951.0,,,,False,,4.0,,,,265.0,,,0.0
119000.0,Porto,Felgueiras,Macieira da Lixa e Caramos,House,E,,260.0,0.0,False,,1964.0,,,,False,,5.0,,,,114.0,,,2.0
360000.0,Porto,Trofa,Bougado (São Martinho e Santiago),House,C,,260.0,2.0,True,,1986.0,,,,False,,5.0,,,,260.0,,,3.0
520000.0,Porto,Vila Nova de Gaia,Grijó e Sermonde,House,A,,427.0,2.0,True,,,,,,False,,4.0,,,,427.0,,,4.0
440000.0,Porto,Vila Nova de Gaia,Grijó e Sermonde,House,A,,198.0,2.0,True,,,,,,False,,3.0,,,,198.0,,,4.0
440000.0,Porto,Vila Nova de Gaia,Grijó e Sermonde,House,A,,195.0,2.0,True,,,,,,False,,3.0,,,,195.0,,,4.0
440000.0,Porto,Vila Nova de Gaia,Grijó e Sermonde,House,A,,195.0,2.0,True,,,,,,False,,3.0,,,,195.0,,,4.0
440000.0,Porto,Vila Nova de Gaia,Grijó e Sermonde,House,A,,189.0,2.0,True,,,,,,False,,3.0,,,,189.0,,,4.0
520000.0,Porto,Vila Nova de Gaia,Grijó e Sermonde,House,A,,373.0,2.0,True,,,,,,False,,4.0,,,,373.0,,,4.0
450000.0,Porto,Vila Nova de Gaia,Grijó e Sermonde,House,A,,260.0,2.0,True,,,,,,False,,3.0,,,,260.0,,,4.0
430000.0,Porto,Vila Nova de Gaia,Grijó e Sermonde,House,A,,171.0,2.0,True,,,,,,False,,3.0,,,,171.0,,,4.0
430000.0,Porto,Vila Nova de Gaia,Grijó e Sermonde,House,A,,174.0,2.0,True,,,,,,False,,3.0,,,,174.0,,,4.0
430000.0,Porto,Vila Nova de Gaia,Grijó e Sermonde,House,A,,171.0,2.0,True,,,,,,False,,3.0,,,,171.0,,,4.0
450000.0,Porto,Vila Nova de Gaia,Grijó e Sermonde,House,A,,262.0,2.0,True,,,,,,False,,3.0,,,,262.0,,,4.0
660000.0,Porto,Vila Nova de Gaia,Grijó e Sermonde,House,A,,509.0,2.0,True,,,,,,False,,4.0,,,,509.0,,,4.0
645000.0,Porto,Vila Nova de Gaia,Grijó e Sermonde,House,A,,350.0,2.0,True,,,,,,False,,4.0,,,,350.0,,,4.0
74500.0,Porto,Amarante,Travanca,House,,,808.0,0.0,False,,2003.0,,,,False,,4.0,,,,202.0,,,0.0
645000.0,Porto,Vila Nova de Gaia,Grijó e Sermonde,House,A,,346.0,2.0,True,,,,,,False,,4.0,,,,346.0,,,4.0
645000.0,Porto,Vila Nova de Gaia,Grijó e Sermonde,House,A,,346.0,2.0,True,,,,,,False,,4.0,,,,346.0,,,4.0
645000.0,Porto,Vila Nova de Gaia,Grijó e Sermonde,House,A,,330.0,2.0,True,,,,,,False,,4.0,,,,330.0,,,4.0
660000.0,Porto,Vila Nova de Gaia,Grijó e Sermonde,House,A,,446.0,2.0,True,,,,,,False,,4.0,,,,446.0,,,4.0
645000.0,Porto,Vila Nova de Gaia,Grijó e Sermonde,House,A,,354.0,2.0,True,,,,,,False,,4.0,,,,354.0,,,4.0
850000.0,Porto,Matosinhos,Matosinhos e Leça da Palmeira,House,,,480.0,2.0,True,,1951.0,,,,False,,2.0,,,,720.0,,,3.0
300000.0,Porto,Vila Nova de Gaia,Vilar de Andorinho,House,D,,469.0,3.0,True,,1991.0,,,,False,,4.0,,,,216.0,,,2.0
210000.0,Porto,Felgueiras,Torrados e Sousa,House,G,,700.0,3.0,True,,1979.0,,,,False,,5.0,,,,210.0,,,0.0
649900.0,Porto,Felgueiras,"Margaride (Santa Eulália), Várzea, Lagares, Varziela e Moure",House,F,,348.0,2.0,True,,1949.0,,,,False,,4.0,,,,1342.0,,,3.0
345000.0,Porto,Felgueiras,"Margaride (Santa Eulália), Várzea, Lagares, Varziela e Moure",House,D,,770.0,3.0,True,,2000.0,,,,False,,13.0,,,,626.0,,,4.0
340000.0,Porto,Trofa,Bougado (São Martinho e Santiago),House,C,311.0,715.0,3.0,True,,1978.0,,,,False,,3.0,,,,185.0,,,2.0
319500.0,Porto,Gondomar,Fânzeres e São Pedro da Cova,House,B,300.0,162.0,3.0,True,,2004.0,,,,False,,4.0,,,,188.0,,,0.0
395000.0,Porto,Porto,Paranhos,House,D,156.0,119.0,0.0,False,,1965.0,,,,False,,3.0,,,,119.0,,,4.0
71000.0,Porto,Penafiel,Termas de São Vicente,House,G,,4136.0,0.0,False,,1950.0,,,,False,,1.0,,,,74.0,,,1.0
290000.0,Porto,Felgueiras,"Margaride (Santa Eulália), Várzea, Lagares, Varziela e Moure",House,D,,1750.0,0.0,False,,2000.0,,,,False,,6.0,,,,464.0,,,4.0
107500.0,Porto,Baião,Santa Marinha do Zêzere,House,,,700.0,3.0,True,,1996.0,,,,False,,3.0,,,,100.0,,,0.0
182500.0,Porto,Baião,Santa Marinha do Zêzere,House,,,5200.0,3.0,True,,1996.0,,,,False,,3.0,,,,100.0,,,0.0
490000.0,Porto,Gondomar,Rio Tinto,House,F,224.0,224.0,3.0,True,,1970.0,,,,False,,3.0,,,,128.0,,,2.0
49000.0,Porto,Penafiel,Boelhe,House,,,3955.0,0.0,False,,1951.0,,,,False,,3.0,,,,455.0,,,0.0
250000.0,Porto,Santo Tirso,Lamelas e Guimarei,House,,,2990.0,0.0,False,,2008.0,,,,False,,2.0,,,,146.0,,,2.0
94000.0,Porto,Marco de Canaveses,Vila Boa de Quires e Maureles,House,,204.0,102.0,0.0,False,,1951.0,,,,False,,4.0,,,,204.0,,,2.0
75000.0,Porto,Marco de Canaveses,Vila Boa de Quires e Maureles,House,,145.0,200.0,1.0,True,,1970.0,,,,False,,2.0,,,,145.0,,,1.0
82500.0,Porto,Marco de Canaveses,Vila Boa de Quires e Maureles,House,,151.0,3087.0,0.0,False,,1951.0,,,,False,,3.0,,,,151.0,,,1.0
194750.0,Porto,Marco de Canaveses,Vila Boa de Quires e Maureles,House,,500.0,3389.0,1.0,True,,1951.0,,,,False,,9.0,,,,500.0,,,4.0
165000.0,Porto,Penafiel,Duas Igrejas,House,,250.0,1742.0,0.0,False,,1937.0,,,,False,,7.0,,,,250.0,,,0.0
260000.0,Porto,Gondomar,Fânzeres e São Pedro da Cova,House,,816.0,108.0,3.0,True,,1940.0,,,,False,,3.0,,,,108.0,,,2.0
248000.0,Porto,Gondomar,Rio Tinto,House,,223.0,350.0,3.0,True,,1960.0,,,,False,,5.0,,,,223.0,,,2.0
280000.0,Porto,Felgueiras,Macieira da Lixa e Caramos,House,B,,1200.0,2.0,True,,1993.0,,,,False,,4.0,,,,350.0,,,4.0
425000.0,Porto,Lousada,Lustosa e Barrosas (Santo Estêvão),House,D,,2637.0,3.0,True,,1989.0,,,,False,,7.0,,,,444.0,,,6.0
800000.0,Porto,Felgueiras,Jugueiros,House,F,,785.0,2.0,True,,1937.0,,,,False,,6.0,,,,978.0,,,3.0
273000.0,Porto,Marco de Canaveses,Soalhães,House,F,,2400.0,2.0,True,,2006.0,,,,False,,3.0,,,,190.0,,,3.0
155000.0,Porto,Santo Tirso,"Santo Tirso, Couto (Santa Cristina e São Miguel) e Burgães",House,C,,258.0,0.0,False,,1958.0,,,,False,,2.0,,,,225.0,,,1.0
139000.0,Porto,Paredes,Sobreira,House,,180.0,1300.0,0.0,False,,1937.0,,,,False,,2.0,,,,120.0,,,1.0
365000.0,Porto,Gondomar,Baguim do Monte,House,,,180.0,1.0,True,,,,,,False,,4.0,,,,180.0,,,4.0
160000.0,Porto,Gondomar,"Gondomar (São Cosme), Valbom e Jovim",House,,,393.0,1.0,True,,1970.0,,,,False,,4.0,,,,393.0,,,3.0
120000.0,Porto,Lousada,Macieira,House,F,182.0,477.0,2.0,True,,1937.0,,,,False,,3.0,,,,86.0,,,1.0
600000.0,Porto,Gondomar,Melres e Medas,House,E,,1284.0,2.0,True,,1978.0,,,,False,,6.0,,,,517.0,,,0.0
267000.0,Porto,Felgueiras,Friande,House,D,,861.0,2.0,True,,1999.0,,,,False,,4.0,,,,348.0,,,3.0
350000.0,Porto,Santo Tirso,Vila Nova do Campo,House,,,4539.0,3.0,True,,2008.0,,,,False,,3.0,,,,201.0,,,2.0
76500.0,Porto,Amarante,Figueiró (Santiago e Santa Cristina),House,F,,1054.0,0.0,False,,1982.0,,,,False,,3.0,,,,160.0,,,1.0
86500.0,Porto,Amarante,Figueiró (Santiago e Santa Cristina),House,F,,1420.0,1.0,True,,1970.0,,,,False,,3.0,,,,114.0,,,1.0
90000.0,Porto,Marco de Canaveses,Paredes de Viadores e Manhuncelos,House,D,192.0,2061.0,0.0,False,,1950.0,,,,False,,2.0,,,,85.0,,,2.0
998000.0,Porto,Valongo,Valongo,House,D,,5006.0,2.0,True,,1973.0,,,,False,,3.0,,,,154.0,,,2.0
170000.0,Porto,Maia,Cidade da Maia,House,F,,322.0,0.0,False,,1951.0,,,,False,,3.0,,,,85.0,,,1.0
52000.0,Porto,Amarante,Fregim,House,F,95.0,59.0,0.0,False,,1951.0,,,,False,,1.0,,,,59.0,,,0.0
400000.0,Porto,Santo Tirso,"Areias, Sequeiró, Lama e Palmeira",House,E,,700.0,0.0,False,,1987.0,,,,False,,8.0,,,,163.0,,,4.0
300000.0,Porto,Felgueiras,"Margaride (Santa Eulália), Várzea, Lagares, Varziela e Moure",House,B,,500.0,3.0,True,,2004.0,,,,False,,3.0,,,,140.0,,,2.0
400000.0,Porto,Felgueiras,"Margaride (Santa Eulália), Várzea, Lagares, Varziela e Moure",House,,,62.0,0.0,False,,1954.0,,,,False,,2.0,,,,187.0,,,0.0
300000.0,Porto,Maia,Castêlo da Maia,House,E,175.0,1207.0,0.0,False,,1951.0,,,,False,,4.0,,,,142.0,,,2.0
915000.0,Porto,Póvoa de Varzim,"Aver-o-Mar, Amorim e Terroso",House,C,462.0,2850.0,2.0,True,,2000.0,,,,False,,5.0,,,,462.0,,,2.0
450000.0,Porto,Amarante,Freixo de Cima e de Baixo,House,D,,4799.0,3.0,True,,2001.0,,,,False,,4.0,,,,730.0,,,3.0
390000.0,Porto,Gondomar,Rio Tinto,House,,182.0,191.0,1.0,True,,1988.0,,,,False,,3.0,,,,91.0,,,0.0
89000.0,Porto,Paredes,Parada de Todeia,House,,,3500.0,0.0,False,,1937.0,,,,False,,2.0,,,,62.0,,,1.0
850000.0,Porto,Porto,Bonfim,House,D,,151.0,0.0,False,,1978.0,,,,False,,4.0,,,,273.0,,,0.0
102500.0,Porto,Amarante,Lomba,House,,,1022.0,0.0,False,,1937.0,,,,False,,2.0,,,,72.0,,,0.0
710000.0,Porto,Porto,Ramalde,House,E,257.0,298.0,3.0,True,,1978.0,,,,False,,4.0,,,,188.0,,,4.0
360000.0,Porto,Penafiel,Penafiel,House,B-,,5114.0,3.0,True,,1995.0,,,,False,,4.0,,,,304.0,,,3.0
825000.0,Porto,Porto,"Cedofeita, Santo Ildefonso, Sé, Miragaia, São Nicolau e Vitória",House,B-,228.0,269.0,0.0,False,,1951.0,,,,False,,5.0,,,,269.0,,,6.0
110000.0,Porto,Vila Nova de Gaia,Pedroso e Seixezelo,House,,,530.0,2.0,True,,1937.0,,,,False,,2.0,,,,81.0,,,2.0
150000.0,Porto,Penafiel,Termas de São Vicente,House,F,,380.0,0.0,False,,1979.0,,,,False,,6.0,,,,142.0,,,4.0
47500.0,Porto,Baião,Teixeira e Teixeiró,House,,,63.0,0.0,False,,1937.0,,,,False,,1.0,,,,63.0,,,0.0
370000.0,Porto,Felgueiras,"Margaride (Santa Eulália), Várzea, Lagares, Varziela e Moure",House,C,,238.0,2.0,True,,1985.0,,,,False,,3.0,,,,696.0,,,3.0
175000.0,Porto,Porto,"Cedofeita, Santo Ildefonso, Sé, Miragaia, São Nicolau e Vitória",House,,,32.0,0.0,False,,2023.0,,,,False,,1.0,,,,32.0,,,1.0
198000.0,Porto,Porto,Bonfim,House,D,80.0,52.0,0.0,False,,1937.0,,,,False,,4.0,,,,80.0,,,2.0
126500.0,Porto,Felgueiras,Vila Fria e Vizela (São Jorge),House,,,1200.0,1.0,True,,1968.0,,,,False,,2.0,,,,263.0,,,1.0
449000.0,Porto,Porto,Paranhos,House,B,185.0,100.0,0.0,False,,2015.0,,,,False,,3.0,,,,128.0,,,4.0
235000.0,Porto,Marco de Canaveses,Sande e São Lourenço,House,E,280.0,560.0,3.0,True,,1994.0,,,,False,,3.0,,,,140.0,,,3.0
580000.0,Porto,Porto,Campanhã,House,E,,443.0,3.0,True,,1971.0,,,,False,,6.0,,,,326.0,,,7.0
36500.0,Porto,Amarante,Figueiró (Santiago e Santa Cristina),House,,,204.0,0.0,False,,1937.0,,,,False,,2.0,,,,102.0,,,0.0
695000.0,Porto,Matosinhos,São Mamede de Infesta e Senhora da Hora,House,E,298.0,339.0,2.0,True,,2022.0,,,,False,,4.0,,,,278.0,,,4.0
270000.0,Porto,Santo Tirso,Roriz,House,D,296.0,600.0,3.0,True,,2000.0,,,,False,,3.0,,,,148.0,,,3.0
150000.0,Porto,Gondomar,"Gondomar (São Cosme), Valbom e Jovim",House,,43.0,63.0,0.0,False,,1935.0,,,,False,,2.0,,,,43.0,,,1.0
55000.0,Porto,Lousada,Nevogilde,House,,,290.0,1.0,True,,1960.0,,,,False,,2.0,,,,50.0,,,1.0
160000.0,Porto,Felgueiras,Aião,House,E,,1864.0,0.0,False,,1976.0,,,,False,,3.0,,,,168.0,,,2.0
350000.0,Porto,Penafiel,Guilhufe e Urrô,House,D,250.0,445.0,1.0,True,,1996.0,,,,False,,3.0,,,,130.0,,,0.0
300000.0,Porto,Matosinhos,São Mamede de Infesta e Senhora da Hora,House,F,,544.0,1.0,True,,1950.0,,,,False,,8.0,,,,282.0,,,4.0
120000.0,Porto,Santo Tirso,"Santo Tirso, Couto (Santa Cristina e São Miguel) e Burgães",House,,,284.0,0.0,False,,1938.0,,,,False,,2.0,,,,168.0,,,1.0
80000.0,Porto,Santo Tirso,"Santo Tirso, Couto (Santa Cristina e São Miguel) e Burgães",House,,,440.0,0.0,False,,1975.0,,,,False,,3.0,,,,120.0,,,1.0
787500.0,Porto,Gondomar,"Gondomar (São Cosme), Valbom e Jovim",House,C,448.0,346.0,2.0,True,,2019.0,,,,False,,4.0,,,,346.0,,,4.0
198000.0,Porto,Penafiel,Termas de São Vicente,House,F,,9748.0,0.0,False,,1937.0,,,,False,,5.0,,,,130.0,,,1.0
46900.0,Porto,Baião,Viariz,House,F,94.0,116.0,0.0,False,,1937.0,,,,False,,2.0,,,,55.0,,,1.0
690000.0,Porto,Santo Tirso,"Santo Tirso, Couto (Santa Cristina e São Miguel) e Burgães",House,D,283.0,377.0,2.0,True,,,,,,False,,5.0,,,,190.0,,,4.0
169000.0,Porto,Gondomar,Rio Tinto,House,,528.0,528.0,0.0,False,,1951.0,,,,False,,3.0,,,,528.0,,,0.0
270000.0,Porto,Marco de Canaveses,Bem Viver,House,D,,3826.0,2.0,True,,1987.0,,,,False,,6.0,,,,315.0,,,4.0
785000.0,Porto,Porto,Bonfim,House,C,347.0,172.0,1.0,True,,2016.0,,,,False,,3.0,,,,347.0,,,5.0
505000.0,Porto,Vila do Conde,Vila Chã,House,A+,208.0,234.0,2.0,True,,,,,,False,,3.0,,,,178.0,,,4.0
515000.0,Porto,Vila do Conde,Vila Chã,House,A+,208.0,234.0,2.0,True,,,,,,False,,3.0,,,,178.0,,,4.0
470000.0,Porto,Vila Nova de Gaia,Canelas,House,,120.0,387.0,2.0,True,,2023.0,,,,False,,4.0,,,,360.0,,,3.0
480000.0,Porto,Vila Nova de Gaia,Canelas,House,,120.0,427.0,2.0,True,,2023.0,,,,False,,4.0,,,,240.0,,,3.0
395000.0,Porto,Penafiel,Penafiel,House,E,,1437.0,1.0,True,,2000.0,,,,False,,4.0,,,,561.0,,,3.0
132500.0,Porto,Vila Nova de Gaia,Gulpilhares e Valadares,House,F,,355.0,0.0,False,,1951.0,,,,False,,2.0,,,,55.0,,,1.0
665000.0,Porto,Felgueiras,"Margaride (Santa Eulália), Várzea, Lagares, Varziela e Moure",House,B-,,959.0,3.0,True,,2010.0,,,,False,,3.0,,,,959.0,,,4.0
250000.0,Porto,Maia,Cidade da Maia,House,,,124.0,2.0,True,,1971.0,,,,True,,3.0,,,,124.0,,,2.0
375000.0,Porto,Matosinhos,São Mamede de Infesta e Senhora da Hora,House,,197.0,166.0,1.0,True,,2012.0,,,,False,,3.0,,,,166.0,,,3.0
420000.0,Porto,Vila Nova de Gaia,Gulpilhares e Valadares,House,D,,477.0,2.0,True,,1995.0,,,,False,,5.0,,,,316.0,,,3.0
55000.0,Porto,Penafiel,Valpedre,House,F,,1259.0,0.0,False,,1986.0,,,,False,,3.0,,,,84.0,,,0.0
750000.0,Porto,Gondomar,Foz do Sousa e Covelo,House,B,249.0,300.0,1.0,True,,2015.0,,,,False,,3.0,,,,180.0,,,3.0
160000.0,Porto,Trofa,Bougado (São Martinho e Santiago),House,,321.0,471.0,3.0,True,,1937.0,,,,False,,4.0,,,,213.0,,,3.0
860000.0,Porto,Matosinhos,Matosinhos e Leça da Palmeira,House,,295.0,517.0,3.0,True,,2022.0,,,,False,,4.0,,,,191.0,,,4.0
845000.0,Porto,Matosinhos,Matosinhos e Leça da Palmeira,House,,305.0,451.0,3.0,True,,2022.0,,,,False,,4.0,,,,201.0,,,4.0
845000.0,Porto,Matosinhos,Matosinhos e Leça da Palmeira,House,,305.0,451.0,3.0,True,,2022.0,,,,False,,4.0,,,,201.0,,,4.0
835000.0,Porto,Matosinhos,Matosinhos e Leça da Palmeira,House,,351.0,485.0,3.0,True,,2022.0,,,,False,,4.0,,,,198.0,,,4.0
750000.0,Porto,Porto,Lordelo do Ouro e Massarelos,House,B,,218.0,1.0,True,,1963.0,,,,False,,3.0,,,,218.0,,,4.0
280000.0,Porto,Maia,Águas Santas,House,E,268.0,440.0,2.0,True,,1950.0,,,,False,,2.0,,,,200.0,,,3.0
460000.0,Porto,Gondomar,"Gondomar (São Cosme), Valbom e Jovim",House,B,,286.0,2.0,True,,2023.0,,,,False,,3.0,,,,232.0,,,3.0
460000.0,Porto,Gondomar,"Gondomar (São Cosme), Valbom e Jovim",House,B,,286.0,2.0,True,,2023.0,,,,False,,3.0,,,,232.0,,,3.0
480000.0,Porto,Gondomar,"Gondomar (São Cosme), Valbom e Jovim",House,B,,286.0,2.0,True,,2023.0,,,,False,,3.0,,,,232.0,,,3.0
790000.0,Porto,Vila Nova de Gaia,Madalena,House,D,900.0,900.0,3.0,True,,2001.0,,,,False,,4.0,,,,368.0,,,4.0
325000.0,Porto,Póvoa de Varzim,Estela,House,,259.0,675.0,3.0,True,,1995.0,,,,False,,3.0,,,,259.0,,,6.0
98000.0,Porto,Penafiel,Boelhe,House,,,130.0,1.0,True,,1938.0,,,,True,,1.0,,,,130.0,,,0.0
299000.0,Porto,Felgueiras,"Margaride (Santa Eulália), Várzea, Lagares, Varziela e Moure",House,A,,211.0,1.0,True,,2001.0,,,,False,,3.0,,,,286.0,,,3.0
460000.0,Porto,Gondomar,"Gondomar (São Cosme), Valbom e Jovim",House,B,,286.0,2.0,True,,2023.0,,,,False,,3.0,,,,232.0,,,3.0
460000.0,Porto,Gondomar,"Gondomar (São Cosme), Valbom e Jovim",House,B,,286.0,2.0,True,,2023.0,,,,False,,3.0,,,,232.0,,,3.0
440000.0,Porto,Gondomar,"Gondomar (São Cosme), Valbom e Jovim",House,B,,286.0,2.0,True,,2023.0,,,,False,,3.0,,,,232.0,,,3.0
460000.0,Porto,Gondomar,"Gondomar (São Cosme), Valbom e Jovim",House,B,,286.0,2.0,True,,2023.0,,,,False,,3.0,,,,232.0,,,3.0
500000.0,Porto,Vila Nova de Gaia,Avintes,House,D,577.0,1117.0,2.0,True,,1985.0,,,,False,,6.0,,,,299.0,,,6.0
100000.0,Porto,Lousada,Meinedo,House,F,,1605.0,0.0,False,,1939.0,,,,False,,2.0,,,,45.0,,,1.0
254000.0,Porto,Felgueiras,Vila Fria e Vizela (São Jorge),House,,307.0,1230.0,0.0,False,,1939.0,,,,False,,3.0,,,,280.0,,,0.0
550000.0,Porto,Maia,Águas Santas,House,,413.0,753.0,3.0,True,,2007.0,,,,False,,5.0,,,,369.0,,,5.0
165000.0,Porto,Lousada,Lustosa e Barrosas (Santo Estêvão),House,,,570.0,1.0,True,,1988.0,,,,False,,5.0,,,,280.0,,,0.0
260000.0,Porto,Gondomar,Rio Tinto,House,E,,466.0,1.0,True,,1992.0,,,,False,,5.0,,,,323.0,,,3.0
350000.0,Porto,Valongo,Ermesinde,House,B-,,180.0,2.0,True,,1987.0,,,,False,,3.0,,,,114.0,,,4.0
750000.0,Porto,Porto,Ramalde,House,,,1032.0,0.0,False,,1950.0,,,,False,,11.0,,,,258.0,,,3.0
350000.0,Porto,Porto,Paranhos,House,E,174.0,99.0,1.0,True,,1954.0,,,,False,,4.0,,,,136.0,,,2.0
330000.0,Porto,Baião,Santa Marinha do Zêzere,House,D,284.0,3047.0,3.0,True,,2006.0,,,,False,,3.0,,,,139.0,,,3.0
399900.0,Porto,Paredes,Aguiar de Sousa,House,C,766.0,2822.0,3.0,True,,2003.0,,,,False,,4.0,,,,766.0,,,5.0
175000.0,Porto,Penafiel,Termas de São Vicente,House,F,,4600.0,2.0,True,1st Floor,1977.0,,,,False,,3.0,,,,125.0,,,2.0
79000.0,Porto,Póvoa de Varzim,Balazar,House,,285.0,285.0,0.0,False,,1937.0,,,,False,,3.0,,,,110.0,,,2.0
105000.0,Porto,Santo Tirso,Rebordões,House,F,320.0,655.0,1.0,True,,1984.0,,,,False,,6.0,,,,275.0,,,2.0
270000.0,Porto,Felgueiras,"Margaride (Santa Eulália), Várzea, Lagares, Varziela e Moure",House,B-,,1342.0,3.0,True,,1990.0,,,,False,,4.0,,,,396.0,,,2.0
385000.0,Porto,Baião,Loivos da Ribeira e Tresouras,House,C,481.0,3008.0,3.0,True,,2007.0,,,,False,,4.0,,,,313.0,,,4.0
250000.0,Porto,Amarante,Travanca,House,B,,204.0,2.0,True,,2022.0,,,,False,,3.0,,,,204.0,,,3.0
505000.0,Porto,Maia,Castêlo da Maia,House,A+,403.0,206.0,3.0,True,,2023.0,,,,False,,3.0,,,,351.0,,,3.0
505000.0,Porto,Maia,Castêlo da Maia,House,A+,404.0,206.0,3.0,True,,2023.0,,,,False,,3.0,,,,352.0,,,3.0
505000.0,Porto,Maia,Castêlo da Maia,House,A+,413.0,210.0,3.0,True,,2023.0,,,,False,,3.0,,,,359.0,,,3.0
505000.0,Porto,Maia,Castêlo da Maia,House,A+,404.0,206.0,3.0,True,,2023.0,,,,False,,3.0,,,,352.0,,,3.0
505000.0,Porto,Maia,Castêlo da Maia,House,A+,375.0,178.0,3.0,True,,2023.0,,,,False,,3.0,,,,347.0,,,3.0
505000.0,Porto,Maia,Castêlo da Maia,House,A+,384.0,181.0,3.0,True,,2023.0,,,,False,,3.0,,,,355.0,,,3.0
505000.0,Porto,Maia,Castêlo da Maia,House,A+,385.0,182.0,3.0,True,,2023.0,,,,False,,3.0,,,,355.0,,,3.0
505000.0,Porto,Maia,Castêlo da Maia,House,A+,400.0,197.0,3.0,True,,2023.0,,,,False,,3.0,,,,355.0,,,3.0
505000.0,Porto,Maia,Castêlo da Maia,House,A+,399.0,198.0,3.0,True,,2023.0,,,,False,,3.0,,,,354.0,,,3.0
320000.0,Porto,Penafiel,Sebolido,House,D,,5600.0,2.0,True,,2007.0,,,,False,,4.0,,,,299.0,,,3.0
87500.0,Porto,Marco de Canaveses,Penhalonga e Paços de Gaiolo,House,F,,3919.0,0.0,False,,1937.0,,,,False,,4.0,,,,93.0,,,0.0
140000.0,Porto,Penafiel,Penafiel,House,,,1100.0,1.0,True,,1987.0,,,,False,,1.0,,,,50.0,,,1.0
290000.0,Porto,Lousada,Figueiras e Covas,House,,291.0,412.0,2.0,True,2nd Floor,2023.0,,,,False,,3.0,,,,291.0,,,3.0
290000.0,Porto,Porto,Paranhos,House,F,108.0,108.0,0.0,False,1st Floor,1942.0,,,,False,,3.0,,,,96.0,,,2.0
275000.0,Porto,Vila Nova de Gaia,Mafamude e Vilar do Paraíso,House,E,,630.0,0.0,False,,1937.0,,,,False,,6.0,,,,263.0,,,3.0
290000.0,Porto,Lousada,Figueiras e Covas,House,,,427.0,2.0,True,2nd Floor,2023.0,,,,False,,3.0,,,,291.0,,,3.0
195000.0,Porto,Gondomar,Fânzeres e São Pedro da Cova,House,E,300.0,325.0,1.0,True,,1974.0,,,,False,,3.0,,,,275.0,,,1.0
209000.0,Porto,Valongo,Alfena,House,D,,228.0,3.0,True,Ground Floor,1997.0,,,,False,,3.0,,,,162.0,,,2.0
340000.0,Porto,Porto,Bonfim,House,E,,130.0,0.0,False,,1980.0,,,,False,,4.0,,,,120.0,,,4.0
245000.0,Porto,Felgueiras,"Margaride (Santa Eulália), Várzea, Lagares, Varziela e Moure",House,C,,201.0,3.0,True,,2005.0,,,,False,,3.0,,,,201.0,,,3.0
92000.0,Porto,Paredes,Cete,House,F,294.0,196.0,0.0,False,,1937.0,,,,False,,4.0,,,,196.0,,,2.0
450000.0,Porto,Gondomar,"Gondomar (São Cosme), Valbom e Jovim",House,C,258.0,535.0,3.0,True,,2000.0,,,,False,,4.0,,,,192.0,,,4.0
315000.0,Porto,Vila Nova de Gaia,Pedroso e Seixezelo,House,E,192.0,300.0,1.0,True,,2003.0,,,,False,,4.0,,,,162.0,,,3.0
39000.0,Porto,Baião,Loivos do Monte,House,,,220.0,0.0,False,,1957.0,,,,False,,2.0,,,,104.0,,,1.0
169900.0,Porto,Gondomar,Rio Tinto,House,D,,173.0,0.0,False,,1985.0,,,,False,,2.0,,,,112.0,,,2.0
93500.0,Porto,Lousada,Vilar do Torno e Alentém,House,F,,603.0,0.0,False,,2002.0,,,,False,,3.0,,,,70.0,,,1.0
150000.0,Porto,Vila Nova de Gaia,"Sandim, Olival, Lever e Crestuma",House,F,,508.0,0.0,False,Ground Floor,1973.0,,,,False,,3.0,,,,58.0,,,2.0
300000.0,Porto,Santo Tirso,"Santo Tirso, Couto (Santa Cristina e São Miguel) e Burgães",House,D,164.0,1624.0,3.0,True,,1976.0,,,,False,,2.0,,,,82.0,,,2.0
420000.0,Porto,Valongo,Ermesinde,House,E,218.0,177.0,1.0,True,,1989.0,,,,False,,4.0,,,,177.0,,,3.0
460000.0,Porto,Vila Nova de Gaia,Canidelo,House,C,,260.0,3.0,True,,1999.0,,,,False,,4.0,,,,150.0,,,4.0
559000.0,Porto,Vila Nova de Gaia,Gulpilhares e Valadares,House,C,422.0,217.0,3.0,True,,2008.0,,,,False,,4.0,,,,217.0,,,5.0
320000.0,Porto,Porto,Bonfim,House,B-,102.0,131.0,0.0,False,,1937.0,,,,False,,2.0,,,,90.0,,,2.0
279000.0,Porto,Paredes,Paredes,House,F,,445.0,1.0,True,,1937.0,,,,False,,2.0,,,,138.0,,,2.0
580000.0,Porto,Vila Nova de Gaia,Pedroso e Seixezelo,House,B,223.0,341.0,2.0,True,,2001.0,,,,False,,3.0,,,,241.0,,,3.0
270000.0,Porto,Vila Nova de Gaia,Canidelo,House,C,208.0,726.0,3.0,True,,1988.0,,,,False,,3.0,,,,208.0,,,2.0
75000.0,Porto,Santo Tirso,"Santo Tirso, Couto (Santa Cristina e São Miguel) e Burgães",House,,,670.0,0.0,False,,1938.0,,,,False,,3.0,,,,670.0,,,0.0
100000.0,Porto,Marco de Canaveses,Soalhães,House,,,155.0,2.0,True,,1938.0,,,,False,,4.0,,,,155.0,,,2.0
905000.0,Porto,Gondomar,Melres e Medas,House,B-,495.0,8100.0,3.0,True,,1994.0,,,,False,,4.0,,,,247.0,,,3.0
415000.0,Porto,Maia,Águas Santas,House,D,270.0,270.0,2.0,True,,1978.0,,,,False,,4.0,,,,270.0,,,2.0
79000.0,Porto,Baião,Santa Cruz do Douro e São Tomé de Covelas,House,F,,4950.0,1.0,True,,1986.0,,,,False,,1.0,,,,56.0,,,1.0
350000.0,Porto,Vila Nova de Gaia,Canidelo,House,C,,195.0,2.0,True,,1985.0,,,,False,,4.0,,,,140.0,,,0.0
360900.0,Porto,Matosinhos,São Mamede de Infesta e Senhora da Hora,House,C,273.0,168.0,1.0,True,,1995.0,,,,False,,4.0,,,,182.0,,,4.0
179000.0,Porto,Penafiel,Boelhe,House,E,,5020.0,1.0,True,,1986.0,,,,False,,3.0,,,,112.0,,,1.0
249900.0,Porto,Trofa,Bougado (São Martinho e Santiago),House,E,446.0,1000.0,3.0,True,,2009.0,,,,False,,4.0,,,,223.0,,,3.0
320000.0,Porto,Maia,Castêlo da Maia,House,C,300.0,1023.0,3.0,True,,1980.0,,,,False,,3.0,,,,240.0,,,2.0
327500.0,Porto,Vila Nova de Gaia,Gulpilhares e Valadares,House,C,212.0,466.0,1.0,True,,1997.0,,,,False,,2.0,,,,167.0,,,2.0
350000.0,Porto,Trofa,Coronado (São Romão e São Mamede),House,D,272.0,154.0,3.0,True,,2006.0,,,,False,,3.0,,,,272.0,,,4.0
59000.0,Porto,Valongo,Campo e Sobrado,House,,,120.0,0.0,False,,2002.0,,,,False,,1.0,,,,60.0,,,0.0
320000.0,Porto,Marco de Canaveses,Vila Boa do Bispo,House,C,,682.0,2.0,True,,2011.0,,,,False,,3.0,,,,325.0,,,3.0
235000.0,Porto,Felgueiras,"Margaride (Santa Eulália), Várzea, Lagares, Varziela e Moure",House,C,226.0,243.0,3.0,True,,2009.0,,,,False,,3.0,,,,144.0,,,3.0
135000.0,Porto,Paços de Ferreira,Figueiró,House,D,,82.0,1.0,True,1st Floor,1998.0,,,,False,,2.0,,,,82.0,,,2.0
600000.0,Porto,Marco de Canaveses,Bem Viver,House,E,1122.0,1475.0,3.0,True,,2009.0,,,,False,,5.0,,,,561.0,,,0.0
310000.0,Porto,Vila Nova de Gaia,Gulpilhares e Valadares,House,C,142.0,235.0,1.0,True,,2006.0,,,,False,,3.0,,,,122.0,,,2.0
399000.0,Porto,Vila do Conde,Vila Chã,House,F,122.0,201.0,0.0,False,,1982.0,,,,False,,3.0,,,,122.0,,,3.0
800000.0,Porto,Porto,"Cedofeita, Santo Ildefonso, Sé, Miragaia, São Nicolau e Vitória",House,,,170.0,0.0,False,,1978.0,,,,False,,5.0,,,,170.0,,,3.0
325000.0,Porto,Vila Nova de Gaia,Serzedo e Perosinho,House,B-,,161.0,2.0,True,,2010.0,,,,False,,3.0,,,,175.0,,,0.0
415000.0,Porto,Maia,Castêlo da Maia,House,C,294.0,294.0,2.0,True,,2002.0,,,,False,,3.0,,,,294.0,,,6.0
195000.0,Porto,Valongo,Valongo,House,C,231.0,231.0,1.0,True,,2002.0,,,,False,,3.0,,,,119.0,,,0.0
235000.0,Porto,Vila Nova de Gaia,São Felix da Marinha,House,E,,365.0,1.0,True,,1951.0,,,,False,,3.0,,,,118.0,,,1.0
749900.0,Porto,Vila Nova de Gaia,Canidelo,House,D,618.0,1625.0,2.0,True,,2003.0,,,,False,,5.0,,,,412.0,,,4.0
245000.0,Porto,Porto,Campanhã,House,C,,98.0,1.0,True,,1965.0,,,,False,,4.0,,,,78.0,,,1.0
229000.0,Porto,Lousada,Vilar do Torno e Alentém,House,C,,810.0,1.0,True,,1981.0,,,,False,,3.0,,,,182.0,,,2.0
220000.0,Porto,Lousada,"Cristelos, Boim e Ordem",House,D,236.0,1250.0,2.0,True,,2001.0,,,,False,,3.0,,,,236.0,,,2.0
229500.0,Porto,Paços de Ferreira,Carvalhosa,House,D,216.0,375.0,3.0,True,,2008.0,,,,False,,3.0,,,,182.0,,,3.0
240000.0,Porto,Vila do Conde,Vilar de Pinheiro,House,D,271.0,442.0,2.0,True,,1977.0,,,,True,,3.0,,,,89.0,,,1.0
59000.0,Porto,Lousada,"Cristelos, Boim e Ordem",House,,,911.0,0.0,False,,1937.0,,,,False,,1.0,,,,50.0,,,0.0
147500.0,Porto,Baião,Campelo e Ovil,House,F,,265.0,0.0,False,,1996.0,,,,False,,2.0,,,,80.0,,,3.0
249000.0,Porto,Baião,Santa Cruz do Douro e São Tomé de Covelas,House,F,336.0,4900.0,3.0,True,,2023.0,,,,False,,3.0,,,,290.0,,,3.0
450000.0,Porto,Matosinhos,Matosinhos e Leça da Palmeira,House,F,167.0,167.0,1.0,True,,1997.0,,,,False,,3.0,,,,111.0,,,2.0
190000.0,Porto,Felgueiras,"Pedreira, Rande e Sernande",House,E,,2332.0,1.0,True,,1982.0,,,,False,,7.0,,,,160.0,,,2.0
424900.0,Porto,Vila Nova de Gaia,Grijó e Sermonde,House,B-,324.0,1380.0,2.0,True,,2003.0,,,,False,,5.0,,,,216.0,,,3.0
65000.0,Porto,Matosinhos,"Custóias, Leça do Balio e Guifões",House,,,187.0,0.0,False,,1975.0,,,,False,,3.0,,,,80.0,,,0.0
325000.0,Porto,Maia,Folgosa,House,C,206.0,411.0,3.0,True,,2020.0,,,,False,,3.0,,,,172.0,,,4.0
299900.0,Porto,Vila Nova de Gaia,Oliveira do Douro,House,D,164.0,148.0,0.0,False,,1937.0,,,,False,,4.0,,,,144.0,,,2.0
249900.0,Porto,Penafiel,Oldrões,House,F,215.0,1400.0,3.0,True,,1993.0,,,,False,,6.0,,,,115.0,,,2.0
425000.0,Porto,Vila Nova de Gaia,Grijó e Sermonde,House,C,351.0,251.0,2.0,True,,1993.0,,,,False,,7.0,,,,251.0,,,5.0
766000.0,Porto,Porto,"Cedofeita, Santo Ildefonso, Sé, Miragaia, São Nicolau e Vitória",House,F,,269.0,2.0,True,,1976.0,,,,False,,3.0,,,,269.0,,,2.0
599000.0,Porto,Gondomar,"Gondomar (São Cosme), Valbom e Jovim",House,A,,300.0,3.0,True,,,,,,False,,3.0,,,,266.0,,,4.0
280000.0,Porto,Santo Tirso,Vila Nova do Campo,House,,,302.0,2.0,True,,,,,,False,,3.0,,,,272.0,,,3.0
260000.0,Porto,Santo Tirso,Vila Nova do Campo,House,,,302.0,2.0,True,,,,,,False,,3.0,,,,272.0,,,3.0
240000.0,Porto,Felgueiras,Sendim,House,F,,2300.0,3.0,True,,1999.0,,,,False,,4.0,,,,385.0,,,2.0
369900.0,Porto,Vila Nova de Gaia,Canidelo,House,D,,560.0,1.0,True,,1978.0,,,,False,,3.0,,,,104.0,,,1.0
340000.0,Porto,Paredes,Gandra,House,D,,205.0,3.0,True,,2010.0,,,,False,,3.0,,,,205.0,,,3.0
318500.0,Porto,Amarante,Padronelo,House,A,,930.0,3.0,True,,2008.0,,,,False,,3.0,,,,165.0,,,2.0
270000.0,Porto,Matosinhos,"Perafita, Lavra e Santa Cruz do Bispo",House,D,178.0,639.0,1.0,True,,1970.0,,,,False,,3.0,,,,152.0,,,3.0
190000.0,Porto,Valongo,Ermesinde,House,E,,300.0,1.0,True,,1978.0,,,,False,,5.0,,,,309.0,,,4.0
375000.0,Porto,Vila Nova de Gaia,Grijó e Sermonde,House,,450.0,328.0,2.0,True,,,,,,False,,3.0,,,,328.0,,,3.0
310000.0,Porto,Felgueiras,Idães,House,D,542.0,1100.0,3.0,True,,2002.0,,,,False,,6.0,,,,321.0,,,6.0
150000.0,Porto,Lousada,Macieira,House,C,,125.0,1.0,True,,,,,,False,,2.0,,,,65.0,,,0.0
269000.0,Porto,Gondomar,Fânzeres e São Pedro da Cova,House,D,265.0,280.0,3.0,True,,2003.0,,,,False,,4.0,,,,138.0,,,4.0
297500.0,Porto,Santo Tirso,"Santo Tirso, Couto (Santa Cristina e São Miguel) e Burgães",House,,240.0,450.0,3.0,True,,1989.0,,,,False,,3.0,,,,120.0,,,3.0
268000.0,Porto,Santo Tirso,Carreira e Refojos de Riba de Ave,House,,227.0,177.0,2.0,True,,2007.0,,,,False,,3.0,,,,177.0,,,3.0
130000.0,Porto,Baião,Valadares,House,F,,9630.0,1.0,True,,1937.0,,,,False,,4.0,,,,148.0,,,2.0
63000.0,Porto,Baião,Gove,House,,,516.0,1.0,True,,,,,,False,,3.0,,,,341.0,,,0.0
560000.0,Porto,Vila do Conde,Árvore,House,A+,218.0,272.0,2.0,True,,2010.0,,,,False,,3.0,,,,218.0,,,3.0
930000.0,Porto,Matosinhos,Matosinhos e Leça da Palmeira,House,B,,273.0,2.0,True,,,,,,True,,4.0,,,,273.0,,,5.0
450000.0,Porto,Trofa,Bougado (São Martinho e Santiago),House,A,,461.0,2.0,True,,2015.0,,,,True,,3.0,,,,263.0,,,6.0
870000.0,Porto,Porto,Campanhã,House,F,560.0,904.0,3.0,True,,1941.0,,,,False,,10.0,,,,560.0,,,0.0
580000.0,Porto,Porto,Ramalde,House,F,144.0,260.0,3.0,True,,1950.0,,,,False,,3.0,,,,96.0,,,2.0
450000.0,Porto,Lousada,"Cristelos, Boim e Ordem",House,A,,405.0,0.0,False,,,,,,False,,4.0,,,,270.0,,,3.0
450000.0,Porto,Lousada,"Cristelos, Boim e Ordem",House,,,405.0,0.0,False,,,,,,False,,4.0,,,,270.0,,,3.0
328000.0,Porto,Trofa,Coronado (São Romão e São Mamede),House,B,,267.0,2.0,True,,2010.0,,,,False,,3.0,,,,267.0,,,4.0
450000.0,Porto,Lousada,"Cristelos, Boim e Ordem",House,,,405.0,0.0,False,,,,,,False,,4.0,,,,270.0,,,3.0
280000.0,Porto,Póvoa de Varzim,"Póvoa de Varzim, Beiriz e Argivai",House,,159.0,159.0,1.0,True,,2011.0,,,,False,,4.0,,,,112.0,,,3.0
490000.0,Porto,Matosinhos,Matosinhos e Leça da Palmeira,House,D,420.0,214.0,2.0,True,,1981.0,,,,False,,5.0,,,,264.0,,,3.0
449000.0,Porto,Matosinhos,São Mamede de Infesta e Senhora da Hora,House,C,196.0,280.0,2.0,True,,2005.0,,,,False,,4.0,,,,168.0,,,4.0
350000.0,Porto,Gondomar,Rio Tinto,House,D,156.0,262.0,2.0,True,,1968.0,,,,False,,4.0,,,,138.0,,,2.0
580000.0,Porto,Vila Nova de Gaia,Canidelo,House,A,437.0,26.0,3.0,True,,2011.0,,,,False,,5.0,,,,271.0,,,5.0
635000.0,Porto,Maia,Pedrouços,House,B-,512.0,610.0,2.0,True,,1997.0,,,,False,,6.0,,,,239.0,,,5.0
430000.0,Porto,Valongo,Alfena,House,,,255.0,1.0,True,,,,,,False,,4.0,,,,255.0,,,3.0
99000.0,Porto,Penafiel,Boelhe,House,,,1380.0,0.0,False,,1954.0,,,,False,,2.0,,,,87.0,,,0.0
230000.0,Porto,Marco de Canaveses,Bem Viver,House,,,6414.0,0.0,False,,1937.0,,,,False,,2.0,,,,71.0,,,1.0
730000.0,Porto,Porto,Ramalde,House,B-,,291.0,1.0,True,,2004.0,,,,False,,4.0,,,,424.0,,,5.0
490000.0,Porto,Penafiel,Guilhufe e Urrô,House,B,402.0,402.0,3.0,True,,,,,,False,,4.0,,,,402.0,,,5.0
395000.0,Porto,Penafiel,Guilhufe e Urrô,House,B,309.0,302.0,3.0,True,,,,,,False,,3.0,,,,302.0,,,4.0
400000.0,Porto,Porto,"Cedofeita, Santo Ildefonso, Sé, Miragaia, São Nicolau e Vitória",House,,,22.0,0.0,False,,1934.0,,,,False,,10.0,,,,132.0,,,5.0
619000.0,Porto,Trofa,Muro,House,B-,,880.0,3.0,True,,2009.0,,,,False,,4.0,,,,296.0,,,5.0
214990.0,Porto,Matosinhos,São Mamede de Infesta e Senhora da Hora,House,D,,90.0,1.0,True,,1961.0,,,,False,,2.0,,,,70.0,,,1.0
235000.0,Porto,Lousada,Meinedo,House,A,,281.0,2.0,True,Ground Floor,2022.0,,,,False,,3.0,,,,163.0,,,3.0
465000.0,Porto,Trofa,Bougado (São Martinho e Santiago),House,D,368.0,1050.0,2.0,True,,2001.0,,,,False,,3.0,,,,368.0,,,4.0
440000.0,Porto,Penafiel,Guilhufe e Urrô,House,B,363.0,349.0,3.0,True,,,,,,False,,4.0,,,,349.0,,,5.0
395000.0,Porto,Penafiel,Guilhufe e Urrô,House,B,309.0,302.0,3.0,True,,,,,,False,,3.0,,,,302.0,,,4.0
395000.0,Porto,Penafiel,Guilhufe e Urrô,House,B,309.0,302.0,3.0,True,,,,,,False,,3.0,,,,302.0,,,4.0
995000.0,Porto,Porto,"Aldoar, Foz do Douro e Nevogilde",House,A,334.0,211.0,2.0,True,,,,,,False,,4.0,,,,211.0,,,5.0
995000.0,Porto,Porto,"Aldoar, Foz do Douro e Nevogilde",House,A,329.0,184.0,3.0,True,,,,,,False,,3.0,,,,184.0,,,4.0
690000.0,Porto,Vila Nova de Gaia,Arcozelo,House,A,,865.0,2.0,True,,2017.0,,,,False,,3.0,,,,194.0,,,3.0
325000.0,Porto,Felgueiras,"Margaride (Santa Eulália), Várzea, Lagares, Varziela e Moure",House,C,254.0,562.0,1.0,True,,1962.0,,,,False,,3.0,,,,144.0,,,0.0
350000.0,Porto,Felgueiras,"Margaride (Santa Eulália), Várzea, Lagares, Varziela e Moure",House,C,322.0,432.0,1.0,True,,2007.0,,,,False,,4.0,,,,234.0,,,0.0
430000.0,Porto,Valongo,Alfena,House,,,255.0,1.0,True,,,,,,False,,4.0,,,,255.0,,,3.0
350000.0,Porto,Porto,Bonfim,House,,,217.0,0.0,False,,1912.0,,,,False,,8.0,,,,210.0,,,4.0
410000.0,Porto,Trofa,Bougado (São Martinho e Santiago),House,A+,218.0,350.0,2.0,True,,,,,,False,,3.0,,,,218.0,,,4.0
168000.0,Porto,Amarante,Vila Caiz,House,F,,3470.0,0.0,False,,1984.0,,,,True,,3.0,,,,90.0,,,1.0
920000.0,Porto,Vila Nova de Gaia,São Felix da Marinha,House,C,384.0,450.0,3.0,True,,1989.0,,,,False,,4.0,,,,288.0,,,4.0
90000.0,Porto,Gondomar,Fânzeres e São Pedro da Cova,House,,133.0,165.0,0.0,False,,1977.0,,,,False,,2.0,,,,133.0,,,2.0
570000.0,Porto,Gondomar,Foz do Sousa e Covelo,House,C,398.0,2995.0,3.0,True,,1965.0,,,,False,,4.0,,,,199.0,,,3.0
330000.0,Porto,Gondomar,Baguim do Monte,House,C,226.0,122.0,1.0,True,,1992.0,,,,False,,3.0,,,,104.0,,,3.0
304000.0,Porto,Vila Nova de Gaia,Grijó e Sermonde,House,C,235.0,216.0,2.0,True,,2007.0,,,,False,,3.0,,,,152.0,,,3.0
64900.0,Porto,Porto,Campanhã,House,,20.0,20.0,0.0,False,,1950.0,,,,False,,1.0,,,,20.0,,,1.0
390000.0,Porto,Valongo,Valongo,House,C,295.0,295.0,3.0,True,,2003.0,,,,False,,4.0,,,,196.0,,,7.0
466750.0,Porto,Matosinhos,"Perafita, Lavra e Santa Cruz do Bispo",House,D,,155.0,1.0,True,,2000.0,,,,False,,3.0,,,,155.0,,,3.0
880000.0,Porto,Vila do Conde,Vila Chã,House,A,163.0,890.0,1.0,True,,1977.0,,,,False,,4.0,,,,163.0,,,4.0
580000.0,Porto,Santo Tirso,"Areias, Sequeiró, Lama e Palmeira",House,D,537.0,640.0,0.0,False,,1993.0,,,,False,,7.0,,,,537.0,,,0.0
430000.0,Porto,Amarante,Vila Caiz,House,C,,3000.0,2.0,True,,2022.0,,,,False,,5.0,,,,487.0,,,5.0
320000.0,Porto,Porto,Campanhã,House,F,147.0,114.0,0.0,False,,1940.0,,,,False,,3.0,,,,114.0,,,3.0
449000.0,Porto,Porto,"Cedofeita, Santo Ildefonso, Sé, Miragaia, São Nicolau e Vitória",House,,,160.0,0.0,False,,1967.0,,,,False,,4.0,,,,164.0,,,4.0
295000.0,Porto,Gondomar,Rio Tinto,House,E,206.0,434.0,3.0,True,,1970.0,,,,False,,4.0,,,,148.0,,,2.0
260000.0,Porto,Gondomar,Rio Tinto,House,E,,188.0,1.0,True,1st Floor,1978.0,,,,False,,3.0,,,,282.0,,,2.0
198000.0,Porto,Gondomar,Baguim do Monte,House,D,,440.0,0.0,False,Duplex,1984.0,,,,False,,5.0,,,,147.0,,,2.0
750000.0,Porto,Porto,"Aldoar, Foz do Douro e Nevogilde",House,A,155.0,262.0,2.0,True,,1978.0,,,,False,,4.0,,,,122.0,,,3.0
130000.0,Porto,Penafiel,Rio de Moinhos,House,E,,494.0,0.0,False,,1971.0,,,,False,,3.0,,,,94.0,,,1.0
229000.0,Porto,Maia,Águas Santas,House,D,81.0,78.0,0.0,False,1st Floor,1969.0,,,,False,,3.0,,,,78.0,,,2.0
249000.0,Porto,Maia,Águas Santas,House,C,,120.0,1.0,True,Ground Floor,1969.0,,,,False,,3.0,,,,89.0,,,2.0
550000.0,Porto,Gondomar,Foz do Sousa e Covelo,House,B-,407.0,8096.0,3.0,True,,2013.0,,,,False,,3.0,,,,255.0,,,3.0
315000.0,Porto,Paços de Ferreira,Meixomil,House,E,244.0,605.0,3.0,True,,1995.0,,,,False,,3.0,,,,122.0,,,2.0
77500.0,Porto,Marco de Canaveses,Constance,House,,206.0,5311.0,0.0,False,,1937.0,,,,False,,2.0,,,,103.0,,,1.0
268000.0,Porto,Lousada,Caíde de Rei,House,F,,700.0,2.0,True,,2001.0,,,,False,,3.0,,,,300.0,,,2.0
390000.0,Porto,Vila Nova de Gaia,Mafamude e Vilar do Paraíso,House,C,,379.0,3.0,True,,2005.0,,,,False,,5.0,,,,223.0,,,4.0
350000.0,Porto,Vila Nova de Gaia,Oliveira do Douro,House,A,,206.0,1.0,True,,,,,,False,,3.0,,,,152.0,,,3.0
320000.0,Porto,Gondomar,"Gondomar (São Cosme), Valbom e Jovim",House,C,335.0,230.0,1.0,True,,2022.0,,,,False,,3.0,,,,178.0,,,3.0
270000.0,Porto,Santo Tirso,"Santo Tirso, Couto (Santa Cristina e São Miguel) e Burgães",House,B,165.0,700.0,0.0,False,,2003.0,,,,False,,3.0,,,,165.0,,,2.0
160000.0,Porto,Valongo,Ermesinde,House,D,,135.0,0.0,False,,1968.0,,,,False,,3.0,,,,144.0,,,1.0
560000.0,Porto,Porto,"Cedofeita, Santo Ildefonso, Sé, Miragaia, São Nicolau e Vitória",House,E,261.0,220.0,0.0,False,,1967.0,,,,False,,3.0,,,,160.0,,,3.0
169000.0,Porto,Porto,Paranhos,House,,38.0,64.0,0.0,False,,1937.0,,,,False,,1.0,,,,25.0,,,0.0
345000.0,Porto,Maia,Castêlo da Maia,House,D,,2060.0,3.0,True,,1977.0,,,,False,,6.0,,,,285.0,,,2.0
380000.0,Porto,Valongo,Valongo,House,B,,261.0,2.0,True,,2005.0,,,,True,,3.0,,,,261.0,,,4.0
67500.0,Porto,Marco de Canaveses,Bem Viver,House,F,,827.0,2.0,True,,1937.0,,,,False,,2.0,,,,127.0,,,0.0
537500.0,Porto,Porto,Campanhã,House,,398.0,370.0,0.0,False,Ground Floor,1988.0,,,,False,,5.0,,,,190.0,,,5.0
185000.0,Porto,Paços de Ferreira,Freamunde,House,E,78.0,198.0,0.0,False,,1987.0,,,,False,,3.0,,,,78.0,,,2.0
75000.0,Porto,Baião,Teixeira e Teixeiró,House,F,153.0,1636.0,1.0,True,,1972.0,,,,False,,4.0,,,,76.0,,,1.0
198900.0,Porto,Vila Nova de Gaia,Pedroso e Seixezelo,House,C,,334.0,2.0,True,1st Floor,1998.0,,,,False,,4.0,,,,110.0,,,2.0
680000.0,Porto,Porto,Bonfim,House,D,272.0,281.0,1.0,True,,1970.0,,,,False,,6.0,,,,239.0,,,3.0
195000.0,Porto,Amarante,"Amarante (São Gonçalo), Madalena, Cepelos e Gatão",House,D,,186.0,3.0,True,1st Floor,1996.0,,,,False,,3.0,,,,186.0,,,2.0
330000.0,Porto,Gondomar,Baguim do Monte,House,E,396.0,243.0,3.0,True,,1991.0,,,,False,,4.0,,,,174.0,,,0.0
295000.0,Porto,Gondomar,"Gondomar (São Cosme), Valbom e Jovim",House,D,156.0,89.0,2.0,True,,2007.0,,,,False,,3.0,,,,104.0,,,2.0
440000.0,Porto,Matosinhos,São Mamede de Infesta e Senhora da Hora,House,E,359.0,229.0,2.0,True,,2011.0,,,,False,,4.0,,,,229.0,,,6.0
409000.0,Porto,Maia,Águas Santas,House,D,332.0,183.0,3.0,True,,2000.0,,,,False,,4.0,,,,183.0,,,4.0
95000.0,Porto,Penafiel,Cabeça Santa,House,,379.0,2050.0,0.0,False,,2022.0,,,,False,,3.0,,,,379.0,,,3.0
220000.0,Porto,Paredes,Baltar,House,E,,1237.0,1.0,True,,1972.0,,,,False,,2.0,,,,84.0,,,1.0
565000.0,Porto,Santo Tirso,Água Longa,House,A,314.0,276.0,2.0,True,,2010.0,,,,False,,3.0,,,,276.0,,,3.0
205000.0,Porto,Marco de Canaveses,"Alpendorada, Várzea e Torrão",House,C,,210.0,3.0,True,,2007.0,,,,False,,3.0,,,,140.0,,,2.0
320000.0,Porto,Matosinhos,"Custóias, Leça do Balio e Guifões",House,C,,360.0,1.0,True,,2015.0,,,,False,,4.0,,,,243.0,,,4.0
239500.0,Porto,Penafiel,Abragão,House,E,,2896.0,3.0,True,,1980.0,,,,False,,3.0,,,,120.0,,,3.0
375000.0,Porto,Porto,"Cedofeita, Santo Ildefonso, Sé, Miragaia, São Nicolau e Vitória",House,,170.0,184.0,0.0,False,,1951.0,,,,False,,5.0,,,,155.0,,,3.0
255000.0,Porto,Felgueiras,Macieira da Lixa e Caramos,House,A,766.0,1205.0,3.0,True,,2020.0,,,,False,,3.0,,,,151.0,,,2.0
229000.0,Porto,Matosinhos,"Perafita, Lavra e Santa Cruz do Bispo",House,E,189.0,360.0,3.0,True,,1978.0,,,,False,,3.0,,,,160.0,,,2.0
165000.0,Porto,Baião,Santa Cruz do Douro e São Tomé de Covelas,House,F,,115.0,2.0,True,,1937.0,,,,False,,4.0,,,,91.0,,,1.0
163900.0,Porto,Gondomar,Fânzeres e São Pedro da Cova,House,D,,134.0,0.0,False,1st Floor,1972.0,,,,False,,2.0,,,,78.0,,,1.0
369000.0,Porto,Maia,Cidade da Maia,House,D,,300.0,1.0,True,,1951.0,,,,False,,3.0,,,,160.0,,,0.0
670000.0,Porto,Maia,Cidade da Maia,House,C,,1047.0,0.0,False,,1951.0,,,,False,,5.0,,,,256.0,,,0.0
465000.0,Porto,Maia,Nogueira e Silva Escura,House,E,,884.0,2.0,True,,1977.0,,,,False,,4.0,,,,320.0,,,5.0
190000.0,Porto,Maia,Nogueira e Silva Escura,House,F,,675.0,3.0,True,,1937.0,,,,False,,3.0,,,,150.0,,,1.0
525000.0,Porto,Maia,Nogueira e Silva Escura,House,A+,,675.0,3.0,True,,,,,,False,,5.0,,,,240.0,,,4.0
135000.0,Porto,Santo Tirso,"Santo Tirso, Couto (Santa Cristina e São Miguel) e Burgães",House,D,122.0,394.0,1.0,True,,1948.0,,,,False,,2.0,,,,70.0,,,1.0
195000.0,Porto,Gondomar,"Gondomar (São Cosme), Valbom e Jovim",House,F,,112.0,2.0,True,,2001.0,,,,False,,2.0,,,,68.0,,,1.0
189500.0,Porto,Marco de Canaveses,Livração,House,E,,268.0,2.0,True,,2001.0,,,,False,,3.0,,,,123.0,,,2.0
540000.0,Porto,Vila Nova de Gaia,Canidelo,House,B,373.0,242.0,3.0,True,,2008.0,,,,False,,4.0,,,,215.0,,,6.0
650000.0,Porto,Maia,Nogueira e Silva Escura,House,C,,1799.0,3.0,True,,2003.0,,,,False,,4.0,,,,378.0,,,5.0
480000.0,Porto,Trofa,Muro,House,C,370.0,1906.0,3.0,True,,2002.0,,,,False,,3.0,,,,370.0,,,0.0
415000.0,Porto,Marco de Canaveses,"Alpendorada, Várzea e Torrão",House,E,,1347.0,3.0,True,,1985.0,,,,False,,6.0,,,,564.0,,,0.0
415000.0,Porto,Porto,Bonfim,House,,140.0,110.0,0.0,False,,1937.0,,,,False,,3.0,,,,110.0,,,3.0
375000.0,Porto,Póvoa de Varzim,"Aver-o-Mar, Amorim e Terroso",House,C,,176.0,1.0,True,,2001.0,,,,False,,3.0,,,,166.0,,,2.0
250000.0,Porto,Amarante,Freixo de Cima e de Baixo,House,E,114.0,460.0,2.0,True,,2000.0,,,,False,,3.0,,,,114.0,,,2.0
700000.0,Porto,Gondomar,"Gondomar (São Cosme), Valbom e Jovim",House,D,,621.0,3.0,True,,1927.0,,,,False,,6.0,,,,621.0,,,4.0
275000.0,Porto,Porto,"Cedofeita, Santo Ildefonso, Sé, Miragaia, São Nicolau e Vitória",House,C,,73.0,0.0,False,,1951.0,,,,False,,2.0,,,,73.0,,,2.0
150000.0,Porto,Santo Tirso,Aves,House,D,222.0,348.0,0.0,False,,1957.0,,,,False,,4.0,,,,222.0,,,0.0
198500.0,Porto,Marco de Canaveses,Vila Boa de Quires e Maureles,House,F,,759.0,1.0,True,,1989.0,,,,False,,5.0,,,,225.0,,,3.0
530750.0,Porto,Porto,Paranhos,House,C,180.0,290.0,2.0,True,,1997.0,,,,False,,3.0,,,,180.0,,,3.0
299000.0,Porto,Santo Tirso,Água Longa,House,C,379.0,229.0,3.0,True,,2007.0,,,,False,,3.0,,,,229.0,,,4.0
435000.0,Porto,Maia,Cidade da Maia,House,D,288.0,171.0,3.0,True,,1980.0,,,,False,,4.0,,,,288.0,,,4.0
450000.0,Porto,Maia,Nogueira e Silva Escura,House,A+,,675.0,3.0,True,,1937.0,,,,False,,3.0,,,,150.0,,,1.0
125000.0,Porto,Penafiel,Oldrões,House,,,1045.0,0.0,False,,1982.0,,,,False,,1.0,,,,125.0,,,1.0
107500.0,Porto,Paredes,Sobreira,House,F,,78.0,0.0,False,,1995.0,,,,False,,5.0,,,,72.0,,,1.0
325000.0,Porto,Paredes,Gandra,House,B,185.0,320.0,2.0,True,,2011.0,,,,False,,3.0,,,,135.0,,,2.0
319000.0,Porto,Santo Tirso,"Santo Tirso, Couto (Santa Cristina e São Miguel) e Burgães",House,B,152.0,275.0,2.0,True,,2021.0,,,,False,,3.0,,,,118.0,,,3.0
119900.0,Porto,Valongo,Ermesinde,House,F,,80.0,0.0,False,1st Floor,2002.0,,,,False,,2.0,,,,80.0,,,1.0
995000.0,Porto,Vila Nova de Gaia,Mafamude e Vilar do Paraíso,House,B-,353.0,1386.0,3.0,True,,1987.0,,,,False,,6.0,,,,250.0,,,5.0
235000.0,Porto,Maia,Castêlo da Maia,House,C,,230.0,2.0,True,,1977.0,,,,False,,4.0,,,,137.0,,,3.0
87500.0,Porto,Trofa,Alvarelhos e Guidões,House,A,,863.0,0.0,False,,1950.0,,,,False,,3.0,,,,64.0,,,1.0
290000.0,Porto,Gondomar,"Gondomar (São Cosme), Valbom e Jovim",House,D,183.0,179.0,0.0,False,,1970.0,,,,False,,3.0,,,,179.0,,,2.0
299900.0,Porto,Vila Nova de Gaia,Canidelo,House,D,52.0,142.0,0.0,False,,1964.0,,,,False,,2.0,,,,52.0,,,1.0
445000.0,Porto,Amarante,Mancelos,House,B,289.0,6000.0,2.0,True,,1994.0,,,,False,,4.0,,,,289.0,,,4.0
175000.0,Porto,Amarante,"Amarante (São Gonçalo), Madalena, Cepelos e Gatão",House,E,288.0,4795.0,3.0,True,,1974.0,,,,False,,3.0,,,,192.0,,,0.0
475000.0,Porto,Vila Nova de Gaia,Canidelo,House,A,,232.0,2.0,True,,,,,,False,,4.0,,,,270.0,,,3.0
299900.0,Porto,Vila Nova de Gaia,Serzedo e Perosinho,House,D,,250.0,2.0,True,,1990.0,,,,False,,4.0,,,,254.0,,,3.0
390000.0,Porto,Valongo,Alfena,House,C,238.0,245.0,2.0,True,,2013.0,,,,False,,5.0,,,,146.0,,,4.0
380000.0,Porto,Gondomar,"Gondomar (São Cosme), Valbom e Jovim",House,C,250.0,250.0,3.0,True,,2008.0,,,,False,,3.0,,,,170.0,,,5.0
299000.0,Porto,Paços de Ferreira,Meixomil,House,C,,986.0,1.0,True,,1980.0,,,,False,,4.0,,,,170.0,,,3.0
249500.0,Porto,Porto,Campanhã,House,D,,178.0,0.0,False,,1971.0,,,,False,,3.0,,,,112.0,,,2.0
239900.0,Porto,Póvoa de Varzim,"Póvoa de Varzim, Beiriz e Argivai",House,,,56.0,0.0,False,,1937.0,,,,False,,3.0,,,,46.0,,,3.0
375000.0,Porto,Vila Nova de Gaia,Arcozelo,House,D,320.0,408.0,2.0,True,,1978.0,,,,False,,3.0,,,,134.0,,,3.0
439000.0,Porto,Porto,"Cedofeita, Santo Ildefonso, Sé, Miragaia, São Nicolau e Vitória",House,B-,,92.0,0.0,False,,,,,,False,,2.0,,,,92.0,,,2.0
399000.0,Porto,Porto,"Cedofeita, Santo Ildefonso, Sé, Miragaia, São Nicolau e Vitória",House,B-,,100.0,0.0,False,,,,,,False,,2.0,,,,100.0,,,2.0
640000.0,Porto,Vila Nova de Gaia,São Felix da Marinha,House,A,420.0,368.0,3.0,True,,,,,,False,,3.0,,,,160.0,,,4.0
640000.0,Porto,Vila Nova de Gaia,São Felix da Marinha,House,A,420.0,368.0,3.0,True,,,,,,False,,3.0,,,,160.0,,,4.0
950000.0,Porto,Vila Nova de Gaia,São Felix da Marinha,House,,,836.0,2.0,True,,2023.0,,,,False,,4.0,,,,326.0,,,6.0
165000.0,Porto,Matosinhos,"Custóias, Leça do Balio e Guifões",House,,,338.0,1.0,True,,1971.0,,,,False,,2.0,,,,338.0,,,2.0
379900.0,Porto,Trofa,Bougado (São Martinho e Santiago),House,,262.0,234.0,3.0,True,,1992.0,,,,False,,3.0,,,,208.0,,,0.0
510000.0,Porto,Maia,Castêlo da Maia,House,A,325.0,281.0,2.0,True,,2018.0,,,,False,,4.0,,,,180.0,,,5.0
310000.0,Porto,Vila Nova de Gaia,Grijó e Sermonde,House,C,373.0,156.0,3.0,True,,2006.0,,,,False,,3.0,,,,131.0,,,3.0
100000.0,Porto,Vila do Conde,"Bagunte, Ferreiró, Outeiro Maior e Parada",House,,,1500.0,3.0,True,,1937.0,,,,False,,4.0,,,,334.0,,,0.0
585000.0,Porto,Valongo,Valongo,House,C,746.0,1600.0,3.0,True,,2000.0,,,,False,,4.0,,,,300.0,,,7.0
340000.0,Porto,Vila Nova de Gaia,"Sandim, Olival, Lever e Crestuma",House,,294.0,1050.0,3.0,True,,2000.0,,,,False,,5.0,,,,166.0,,,4.0
99500.0,Porto,Marco de Canaveses,Sande e São Lourenço,House,F,,780.0,1.0,True,,1986.0,,,,False,,2.0,,,,160.0,,,1.0
69500.0,Porto,Santo Tirso,Vila Nova do Campo,House,F,,348.0,2.0,True,,1938.0,,,,False,,1.0,,,,48.0,,,1.0
450000.0,Porto,Vila Nova de Gaia,Pedroso e Seixezelo,House,E,425.0,716.0,3.0,True,,1980.0,,,,False,,3.0,,,,125.0,,,4.0
390000.0,Porto,Maia,Cidade da Maia,House,D,306.0,709.0,3.0,True,Ground Floor,2019.0,,,,False,,3.0,,,,226.0,,,3.0
270000.0,Porto,Matosinhos,"Custóias, Leça do Balio e Guifões",House,,330.0,51.0,1.0,True,,1987.0,,,,False,,3.0,,,,91.0,,,0.0
325000.0,Porto,Vila Nova de Gaia,Pedroso e Seixezelo,House,D,,209.0,2.0,True,,2007.0,,,,False,,3.0,,,,209.0,,,3.0
399500.0,Porto,Maia,Cidade da Maia,House,C,368.0,280.0,2.0,True,,1999.0,,,,False,,3.0,,,,212.0,,,4.0
215000.0,Porto,Matosinhos,São Mamede de Infesta e Senhora da Hora,House,,210.0,395.0,0.0,False,,1940.0,,,,False,,3.0,,,,105.0,,,0.0
89900.0,Porto,Matosinhos,"Custóias, Leça do Balio e Guifões",House,,,331.0,0.0,False,,1975.0,,,,False,,7.0,,,,20.0,,,6.0
275000.0,Porto,Penafiel,Penafiel,House,F,230.0,355.0,0.0,False,,1987.0,,,,False,,3.0,,,,115.0,,,1.0
120000.0,Porto,Penafiel,Capela,House,,63.0,138.0,1.0,True,,1937.0,,,,False,,2.0,,,,85.0,,,0.0
235000.0,Porto,Póvoa de Varzim,"Póvoa de Varzim, Beiriz e Argivai",House,C,108.0,108.0,1.0,True,Ground Floor,1982.0,,,,False,,2.0,,,,108.0,,,3.0
275000.0,Porto,Vila Nova de Gaia,Grijó e Sermonde,House,E,,898.0,3.0,True,,1988.0,,,,False,,3.0,,,,150.0,,,3.0
398000.0,Porto,Póvoa de Varzim,"Aver-o-Mar, Amorim e Terroso",House,A+,233.0,382.0,2.0,True,,,,,,False,,4.0,,,,192.0,,,3.0
94000.0,Porto,Paredes,Lordelo,House,,,815.0,0.0,False,,1997.0,,,,False,,3.0,,,,200.0,,,1.0
550000.0,Porto,Vila Nova de Gaia,Madalena,House,,292.0,292.0,2.0,True,,,,,,False,,4.0,,,,252.0,,,3.0
550000.0,Porto,Vila Nova de Gaia,Madalena,House,,252.0,240.0,2.0,True,,,,,,False,,4.0,,,,252.0,,,3.0
550000.0,Porto,Vila Nova de Gaia,Madalena,House,,252.0,236.0,2.0,True,,,,,,False,,4.0,,,,252.0,,,3.0
550000.0,Porto,Vila Nova de Gaia,Madalena,House,,252.0,262.0,2.0,True,,,,,,False,,4.0,,,,252.0,,,3.0
550000.0,Porto,Vila Nova de Gaia,Madalena,House,,252.0,298.0,2.0,True,,,,,,False,,4.0,,,,252.0,,,3.0
390000.0,Porto,Baião,Ancede e Ribadouro,House,,,1020.0,1.0,True,,1937.0,,,,False,,3.0,,,,200.0,,,2.0
447000.0,Porto,Santo Tirso,Carreira e Refojos de Riba de Ave,House,,432.0,1462.0,3.0,True,,2003.0,,,,False,,5.0,,,,432.0,,,0.0
319000.0,Porto,Santo Tirso,Carreira e Refojos de Riba de Ave,House,,348.0,639.0,3.0,True,,,,,,False,,4.0,,,,161.0,,,3.0
450000.0,Porto,Santo Tirso,Carreira e Refojos de Riba de Ave,House,,,304.0,1.0,True,,,,,,False,,5.0,,,,304.0,,,3.0
195000.0,Porto,Felgueiras,Penacova,House,F,,256.0,1.0,True,,1984.0,,,,False,,3.0,,,,1800.0,,,3.0
260000.0,Porto,Porto,"Cedofeita, Santo Ildefonso, Sé, Miragaia, São Nicolau e Vitória",House,C,58.0,58.0,1.0,True,,2022.0,,,,False,,1.0,,,,58.0,,,1.0
310000.0,Porto,Porto,"Cedofeita, Santo Ildefonso, Sé, Miragaia, São Nicolau e Vitória",House,C,106.0,106.0,1.0,True,,2022.0,,,,False,,2.0,,,,106.0,,,1.0
300000.0,Porto,Porto,"Cedofeita, Santo Ildefonso, Sé, Miragaia, São Nicolau e Vitória",House,C,88.0,76.0,1.0,True,,2022.0,,,,False,,1.0,,,,76.0,,,1.0
85000.0,Porto,Valongo,Valongo,House,F,,98.0,0.0,False,,1937.0,,,,False,,2.0,,,,48.0,,,1.0
760000.0,Porto,Maia,Cidade da Maia,House,A,413.0,415.0,3.0,True,,2023.0,,,,False,,4.0,,,,282.0,,,6.0
450000.0,Porto,Matosinhos,São Mamede de Infesta e Senhora da Hora,House,F,489.0,683.0,2.0,True,,1957.0,,,,False,,5.0,,,,279.0,,,4.0
166500.0,Porto,Paredes,Rebordosa,House,F,93.0,578.0,2.0,True,,2022.0,,,,False,,3.0,,,,96.0,,,1.0
525000.0,Porto,Matosinhos,Matosinhos e Leça da Palmeira,House,F,,312.0,0.0,False,,1937.0,,,,False,,4.0,,,,101.0,,,3.0
139900.0,Porto,Marco de Canaveses,Penhalonga e Paços de Gaiolo,House,E,,1805.0,0.0,False,,2020.0,,,,False,,3.0,,,,89.0,,,1.0
189000.0,Porto,Vila do Conde,Vila do Conde,House,E,,126.0,0.0,False,Ground Floor,1989.0,,,,False,,3.0,,,,87.0,,,1.0
290000.0,Porto,Baião,Ancede e Ribadouro,House,E,,1800.0,3.0,True,,2023.0,,,,False,,4.0,,,,218.0,,,3.0
145000.0,Porto,Valongo,Ermesinde,House,D,235.0,235.0,1.0,True,Ground Floor,1989.0,,,,False,,2.0,,,,120.0,,,1.0
129000.0,Porto,Porto,Paranhos,House,,,169.0,2.0,True,,1951.0,,,,False,,1.0,,,,55.0,,,1.0
200000.0,Porto,Paços de Ferreira,Freamunde,House,E,,427.0,1.0,True,,1984.0,,,,False,,3.0,,,,111.0,,,3.0
250000.0,Porto,Gondomar,Rio Tinto,House,F,,340.0,2.0,True,,1951.0,,,,False,,5.0,,,,120.0,,,2.0
530000.0,Porto,Vila Nova de Gaia,Serzedo e Perosinho,House,D,545.0,1100.0,3.0,True,,1989.0,,,,False,,4.0,,,,260.0,,,5.0
408000.0,Porto,Vila Nova de Gaia,Canelas,House,C,,1021.0,3.0,True,,1994.0,,,,False,,5.0,,,,174.0,,,5.0
285000.0,Porto,Porto,"Cedofeita, Santo Ildefonso, Sé, Miragaia, São Nicolau e Vitória",House,C,73.0,62.0,1.0,True,,2022.0,,,,False,,1.0,,,,62.0,,,1.0
285000.0,Porto,Porto,"Cedofeita, Santo Ildefonso, Sé, Miragaia, São Nicolau e Vitória",House,C,73.0,62.0,1.0,True,,2022.0,,,,False,,1.0,,,,62.0,,,1.0
539000.0,Porto,Penafiel,Penafiel,House,,,1290.0,1.0,True,,,,,,False,,3.0,,,,289.0,,,3.0
485000.0,Porto,Vila Nova de Gaia,Mafamude e Vilar do Paraíso,House,D,,585.0,3.0,True,,2018.0,,,,False,,4.0,,,,341.0,,,3.0
698000.0,Porto,Vila Nova de Gaia,Pedroso e Seixezelo,House,C,520.0,1780.0,2.0,True,,1994.0,,,,False,,4.0,,,,260.0,,,4.0
176000.0,Porto,Maia,Águas Santas,House,E,66.0,202.0,0.0,False,,1951.0,,,,False,,3.0,,,,66.0,,,1.0
124000.0,Porto,Marco de Canaveses,Penhalonga e Paços de Gaiolo,House,,,6676.0,0.0,False,,1937.0,,,,False,,1.0,,,,386.0,,,0.0
299000.0,Porto,Porto,Bonfim,House,E,,90.0,0.0,False,,,,,,False,,2.0,,,,110.0,,,2.0
149000.0,Porto,Marco de Canaveses,Vila Boa de Quires e Maureles,House,F,,7080.0,2.0,True,,1984.0,,,,False,,3.0,,,,232.0,,,0.0
280000.0,Porto,Póvoa de Varzim,"Póvoa de Varzim, Beiriz e Argivai",House,,185.0,123.0,1.0,True,,1977.0,,,,False,,3.0,,,,124.0,,,3.0
99000.0,Porto,Valongo,Campo e Sobrado,House,,257.0,510.0,2.0,True,,1937.0,,,,False,,2.0,,,,107.0,,,4.0
429900.0,Porto,Matosinhos,"Perafita, Lavra e Santa Cruz do Bispo",House,A,354.0,151.0,3.0,True,,2008.0,,,,False,,3.0,,,,151.0,,,3.0
90000.0,Porto,Paredes,Baltar,House,,,552.0,0.0,False,,1937.0,,,,False,,1.0,,,,105.0,,,1.0
75000.0,Porto,Penafiel,Paço de Sousa,House,,86.0,860.0,1.0,True,,1953.0,,,,False,,4.0,,,,43.0,,,1.0
950000.0,Porto,Vila Nova de Gaia,São Felix da Marinha,House,,,836.0,2.0,True,,2023.0,,,,False,,4.0,,,,326.0,,,6.0
220000.0,Porto,Vila Nova de Gaia,Gulpilhares e Valadares,House,E,112.0,479.0,0.0,False,,2003.0,,,,False,,5.0,,,,112.0,,,4.0
449000.0,Porto,Vila Nova de Gaia,Gulpilhares e Valadares,House,B-,360.0,320.0,3.0,True,,2003.0,,,,False,,4.0,,,,240.0,,,4.0
560000.0,Porto,Vila Nova de Gaia,Arcozelo,House,C,360.0,389.0,2.0,True,,2008.0,,,,False,,4.0,,,,251.0,,,6.0
985000.0,Porto,Vila Nova de Gaia,Gulpilhares e Valadares,House,D,342.0,735.0,3.0,True,,2000.0,,,,False,,4.0,,,,288.0,,,5.0
50000.0,Porto,Paredes,Sobreira,House,,,890.0,0.0,False,,1988.0,,,,False,,3.0,,,,80.0,,,1.0
30000.0,Porto,Amarante,Vila Meã,House,,72.0,136.0,0.0,False,,1937.0,,,,False,,2.0,,,,36.0,,,1.0
40000.0,Porto,Amarante,Vila Meã,House,,100.0,420.0,0.0,False,,1937.0,,,,False,,2.0,,,,100.0,,,1.0
155000.0,Porto,Vila Nova de Gaia,Mafamude e Vilar do Paraíso,House,,38.0,38.0,0.0,False,,2023.0,,,,False,,1.0,,,,38.0,,,1.0
69000.0,Porto,Vila Nova de Gaia,Avintes,House,F,,72.0,0.0,False,,1937.0,,,,False,,2.0,,,,72.0,,,1.0
285000.0,Porto,Felgueiras,Aião,House,B,,240.0,3.0,True,,2023.0,,,,False,,3.0,,,,505.0,,,1.0
200000.0,Porto,Gondomar,"Gondomar (São Cosme), Valbom e Jovim",House,,,234.0,2.0,True,,1970.0,,,,False,,2.0,,,,294.0,,,2.0
79000.0,Porto,Marco de Canaveses,"Várzea, Aliviada e Folhada",House,F,,529.0,2.0,True,,1979.0,,,,False,,2.0,,,,172.0,,,1.0
215000.0,Porto,Gondomar,Fânzeres e São Pedro da Cova,House,E,,230.0,3.0,True,,2022.0,,,,False,,1.0,,,,58.0,,,2.0
239900.0,Porto,Vila Nova de Gaia,Pedroso e Seixezelo,House,E,395.0,656.0,1.0,True,,1977.0,,,,False,,3.0,,,,110.0,,,3.0
365000.0,Porto,Gondomar,Foz do Sousa e Covelo,House,D,,330.0,2.0,True,,2007.0,,,,False,,4.0,,,,190.0,,,5.0
199000.0,Porto,Penafiel,Penafiel,House,E,,550.0,1.0,True,,1970.0,,,,False,,4.0,,,,227.0,,,2.0
70000.0,Porto,Santo Tirso,"Santo Tirso, Couto (Santa Cristina e São Miguel) e Burgães",House,,,153.0,0.0,False,Ground Floor,1971.0,,,,False,,2.0,,,,53.0,,,1.0
140000.0,Porto,Marco de Canaveses,Bem Viver,House,,,4255.0,0.0,False,,1937.0,,,,False,,3.0,,,,264.0,,,0.0
200000.0,Porto,Valongo,Valongo,House,F,304.0,278.0,0.0,False,,1937.0,,,,False,,4.0,,,,284.0,,,1.0
160000.0,Porto,Vila Nova de Gaia,Canidelo,House,E,50.0,220.0,1.0,True,,1964.0,,,,False,,2.0,,,,50.0,,,1.0
800000.0,Porto,Matosinhos,São Mamede de Infesta e Senhora da Hora,House,C,436.0,864.0,2.0,True,,1994.0,,,,False,,4.0,,,,367.0,,,4.0
375000.0,Porto,Lousada,"Silvares, Pias, Nogueira e Alvarenga",House,A,315.0,450.0,2.0,True,,2011.0,,,,False,,3.0,,,,315.0,,,2.0
555000.0,Porto,Vila Nova de Gaia,Gulpilhares e Valadares,House,D,384.0,254.0,3.0,True,,2000.0,,,,False,,4.0,,,,254.0,,,4.0
395000.0,Porto,Penafiel,Guilhufe e Urrô,House,C,397.0,490.0,3.0,True,,2002.0,,,,False,,4.0,,,,397.0,,,4.0
269000.0,Porto,Matosinhos,"Custóias, Leça do Balio e Guifões",House,C,,187.0,1.0,True,1st Floor,2003.0,,,,False,,3.0,,,,168.0,,,3.0
398000.0,Porto,Amarante,"Amarante (São Gonçalo), Madalena, Cepelos e Gatão",House,A+,330.0,300.0,2.0,True,,2001.0,,,,False,,4.0,,,,210.0,,,3.0
398500.0,Porto,Penafiel,Guilhufe e Urrô,House,C,129.0,2675.0,0.0,False,,2007.0,,,,False,,3.0,,,,226.0,,,0.0
800000.0,Porto,Vila do Conde,Malta e Canidelo,House,E,485.0,1150.0,2.0,True,,1937.0,,,,False,,3.0,,,,245.0,,,2.0
137000.0,Porto,Vila Nova de Gaia,Oliveira do Douro,House,,41.0,41.0,1.0,True,Ground Floor,1937.0,,,,False,,1.0,,,,35.0,,,1.0
134000.0,Porto,Vila Nova de Gaia,Oliveira do Douro,House,,42.0,42.0,1.0,True,Ground Floor,1937.0,,,,False,,1.0,,,,27.0,,,1.0
245000.0,Porto,Vila Nova de Gaia,Oliveira do Douro,House,,122.0,122.0,2.0,True,1st Floor,1937.0,,,,False,,2.0,,,,122.0,,,2.0
255000.0,Porto,Vila Nova de Gaia,Oliveira do Douro,House,,104.0,104.0,2.0,True,1st Floor,1937.0,,,,False,,2.0,,,,94.0,,,2.0
375000.0,Porto,Vila Nova de Gaia,Grijó e Sermonde,House,,450.0,328.0,2.0,True,,,,,,False,,3.0,,,,328.0,,,3.0
79000.0,Porto,Póvoa de Varzim,"Póvoa de Varzim, Beiriz e Argivai",House,,75.0,475.0,1.0,True,,1937.0,,,,False,,2.0,,,,65.0,,,0.0
137000.0,Porto,Vila Nova de Gaia,Oliveira do Douro,House,,42.0,42.0,1.0,True,Ground Floor,1937.0,,,,False,,1.0,,,,35.0,,,2.0
210000.0,Porto,Vila Nova de Gaia,Oliveira do Douro,House,,64.0,64.0,2.0,True,Ground Floor,1937.0,,,,False,,2.0,,,,61.0,,,1.0
135000.0,Porto,Vila Nova de Gaia,Oliveira do Douro,House,,39.0,39.0,1.0,True,Ground Floor,1937.0,,,,False,,1.0,,,,33.0,,,1.0
180000.0,Porto,Porto,Campanhã,House,F,75.0,129.0,0.0,False,,1982.0,,,,False,,3.0,,,,93.0,,,2.0
130000.0,Porto,Valongo,Valongo,House,E,,92.0,3.0,True,,1959.0,,,,False,,2.0,,,,92.0,,,1.0
399000.0,Porto,Póvoa de Varzim,"Póvoa de Varzim, Beiriz e Argivai",House,B-,163.0,270.0,1.0,True,,2008.0,,,,False,,4.0,,,,156.0,,,3.0
150000.0,Porto,Santo Tirso,"Santo Tirso, Couto (Santa Cristina e São Miguel) e Burgães",House,,105.0,369.0,0.0,False,,1988.0,,,,False,,4.0,,,,105.0,,,0.0
700000.0,Porto,Vila do Conde,Vilar e Mosteiró,House,B,,801.0,3.0,True,,2011.0,,,,False,,4.0,,,,269.0,,,4.0
270000.0,Porto,Penafiel,Rio de Moinhos,House,B,508.0,910.0,3.0,True,,2023.0,,,,False,,3.0,,,,170.0,,,2.0
190000.0,Porto,Vila Nova de Gaia,Santa Marinha e São Pedro da Afurada,House,,,290.0,0.0,False,,1937.0,,,,False,,6.0,,,,290.0,,,7.0
200000.0,Porto,Paredes,Sobreira,House,,,430.0,0.0,False,,1952.0,,,,False,,2.0,,,,110.0,,,0.0
230000.0,Porto,Vila do Conde,"Bagunte, Ferreiró, Outeiro Maior e Parada",House,D,,1800.0,2.0,True,,1987.0,,,,False,,3.0,,,,208.0,,,2.0
155000.0,Porto,Paredes,Baltar,House,C,,150.0,0.0,False,,1988.0,,,,False,,2.0,,,,63.0,,,2.0
330000.0,Porto,Maia,Castêlo da Maia,House,E,,330.0,3.0,True,,1970.0,,,,False,,3.0,,,,250.0,,,4.0
230000.0,Porto,Gondomar,Rio Tinto,House,D,,129.0,0.0,False,,1970.0,,,,False,,2.0,,,,129.0,,,2.0
273081.0,Porto,Lousada,Figueiras e Covas,House,C,208.0,231.0,2.0,True,1st Floor,2006.0,,,,False,,3.0,,,,156.0,,,2.0
215000.0,Porto,Penafiel,Penafiel,House,F,232.0,1073.0,3.0,True,,1956.0,,,,False,,3.0,,,,116.0,,,1.0
255000.0,Porto,Penafiel,Eja,House,D,,216.0,0.0,False,,1959.0,,,,False,,6.0,,,,350.0,,,1.0
600000.0,Porto,Baião,Campelo e Ovil,House,,424.0,1303.0,3.0,True,,1937.0,,,,False,,5.0,,,,377.0,,,0.0
266500.0,Porto,Porto,Bonfim,House,D,132.0,132.0,0.0,False,,2012.0,,,,False,,2.0,,,,132.0,,,2.0
320000.0,Porto,Matosinhos,"Custóias, Leça do Balio e Guifões",House,C,163.0,250.0,1.0,True,,1989.0,,,,False,,3.0,,,,126.0,,,2.0
225000.0,Porto,Gondomar,Rio Tinto,House,C,,108.0,1.0,True,Ground Floor,1996.0,,,,False,,3.0,,,,108.0,,,0.0
250000.0,Porto,Santo Tirso,São Tomé Negrelos,House,B,192.0,702.0,2.0,True,,,,,,False,,3.0,,,,142.0,,,2.0
345000.0,Porto,Vila Nova de Gaia,Grijó e Sermonde,House,C,344.0,458.0,3.0,True,,2006.0,,,,False,,4.0,,,,181.0,,,4.0
900000.0,Porto,Maia,Nogueira e Silva Escura,House,A,400.0,895.0,3.0,True,,,,,,False,,3.0,,,,400.0,,,4.0
331000.0,Porto,Amarante,Vila Caiz,House,B-,,226.0,2.0,True,,2020.0,,,,False,,3.0,,,,226.0,,,3.0
215000.0,Porto,Paços de Ferreira,Figueiró,House,F,,640.0,2.0,True,,1977.0,,,,False,,5.0,,,,292.0,,,3.0
132000.0,Porto,Amarante,Salvador do Monte,House,F,,2441.0,0.0,False,,1960.0,,,,False,,2.0,,,,282.0,,,0.0
120000.0,Porto,Lousada,"Silvares, Pias, Nogueira e Alvarenga",House,F,,110.0,0.0,False,,1970.0,,,,False,,3.0,,,,110.0,,,1.0
299900.0,Porto,Vila Nova de Gaia,Canidelo,House,C,188.0,236.0,1.0,True,,1998.0,,,,False,,4.0,,,,188.0,,,2.0
849900.0,Porto,Vila Nova de Gaia,Madalena,House,A,354.0,427.0,2.0,True,,2017.0,,,,False,,4.0,,,,283.0,,,5.0
169000.0,Porto,Vila Nova de Gaia,Madalena,House,D,,87.0,1.0,True,Ground Floor,1982.0,,,,False,,2.0,,,,98.0,,,2.0
260000.0,Porto,Paços de Ferreira,Paços de Ferreira,House,A+,241.0,900.0,3.0,True,,,,,,False,,3.0,,,,196.0,,,3.0
599000.0,Porto,Vila do Conde,Malta e Canidelo,House,E,1504.0,3678.0,3.0,True,,1982.0,,,,False,,4.0,,,,1270.0,,,9.0
350000.0,Porto,Valongo,Alfena,House,,,230.0,1.0,True,,,,,,False,,2.0,,,,75.0,,,0.0
350000.0,Porto,Valongo,Alfena,House,,,230.0,1.0,True,,,,,,False,,2.0,,,,75.0,,,1.0
350000.0,Porto,Valongo,Alfena,House,,,230.0,1.0,True,,,,,,False,,2.0,,,,75.0,,,0.0
350000.0,Porto,Valongo,Alfena,House,,,230.0,1.0,True,,,,,,False,,2.0,,,,75.0,,,0.0
350000.0,Porto,Valongo,Alfena,House,,,230.0,1.0,True,,,,,,False,,2.0,,,,75.0,,,0.0
199950.0,Porto,Matosinhos,"Perafita, Lavra e Santa Cruz do Bispo",House,C,118.0,118.0,1.0,True,1st Floor,2015.0,,,,False,,2.0,,,,98.0,,,1.0
171000.0,Porto,Vila Nova de Gaia,Canidelo,House,D,,50.0,0.0,False,,2022.0,,,,False,,1.0,,,,50.0,,,1.0
255000.0,Porto,Matosinhos,São Mamede de Infesta e Senhora da Hora,House,D,60.0,325.0,1.0,True,Ground Floor,1937.0,,,,False,,2.0,,,,60.0,,,2.0
127500.0,Porto,Gondomar,Rio Tinto,House,,,92.0,1.0,True,,1993.0,,,,False,,2.0,,,,35.0,,,1.0
750000.0,Porto,Porto,Bonfim,House,E,,207.0,0.0,False,,1951.0,,,,False,,4.0,,,,237.0,,,3.0
340000.0,Porto,Penafiel,Penafiel,House,B-,,35.0,2.0,True,,2012.0,,,,False,,3.0,,,,181.0,,,3.0
350000.0,Porto,Póvoa de Varzim,"Póvoa de Varzim, Beiriz e Argivai",House,C,259.0,251.0,1.0,True,,1937.0,,,,False,,3.0,,,,231.0,,,4.0
845000.0,Porto,Maia,Águas Santas,House,D,,1031.0,1.0,True,,2003.0,,,,False,,5.0,,,,534.0,,,7.0
645000.0,Porto,Vila Nova de Gaia,Arcozelo,House,,,649.0,3.0,True,,,,,,False,,3.0,,,,230.0,,,5.0
715000.0,Porto,Vila Nova de Gaia,Arcozelo,House,,,843.0,3.0,True,,,,,,False,,4.0,,,,255.0,,,5.0
715000.0,Porto,Vila Nova de Gaia,Arcozelo,House,,,843.0,3.0,True,,,,,,False,,4.0,,,,255.0,,,5.0
715000.0,Porto,Vila Nova de Gaia,Arcozelo,House,,,843.0,3.0,True,,,,,,False,,4.0,,,,255.0,,,5.0
695000.0,Porto,Vila Nova de Gaia,Arcozelo,House,,,599.0,3.0,True,,,,,,False,,4.0,,,,230.0,,,5.0
650000.0,Porto,Vila Nova de Gaia,Arcozelo,House,,,518.0,3.0,True,,,,,,False,,3.0,,,,230.0,,,5.0
617500.0,Porto,Matosinhos,Matosinhos e Leça da Palmeira,House,B,226.0,206.0,1.0,True,,2023.0,,,,False,,3.0,,,,206.0,,,4.0
399000.0,Porto,Felgueiras,"Margaride (Santa Eulália), Várzea, Lagares, Varziela e Moure",House,D,,277.0,2.0,True,,2000.0,,,,False,,3.0,,,,900.0,,,4.0
120000.0,Porto,Amarante,Jazente,House,,,3066.0,0.0,False,,1951.0,,,,False,,3.0,,,,260.0,,,0.0
329000.0,Porto,Maia,Milheirós,House,D,,360.0,1.0,True,,1969.0,,,,False,,6.0,,,,295.0,,,3.0
650000.0,Porto,Porto,Ramalde,House,F,301.0,414.0,0.0,False,,1978.0,,,,False,,5.0,,,,301.0,,,1.0
690000.0,Porto,Vila Nova de Gaia,Madalena,House,C,270.0,1900.0,3.0,True,,2002.0,,,,False,,3.0,,,,117.0,,,2.0
999000.0,Porto,Porto,"Cedofeita, Santo Ildefonso, Sé, Miragaia, São Nicolau e Vitória",House,E,,600.0,0.0,False,,1951.0,,,,False,,5.0,,,,432.0,,,2.0
365000.0,Porto,Vila do Conde,Vila Chã,House,D,197.0,224.0,2.0,True,,1995.0,,,,False,,5.0,,,,176.0,,,4.0
95000.0,Porto,Marco de Canaveses,Bem Viver,House,F,,270.0,0.0,False,,1971.0,,,,False,,4.0,,,,84.0,,,1.0
360000.0,Porto,Paços de Ferreira,Carvalhosa,House,F,,461.0,3.0,True,,1998.0,,,,False,,4.0,,,,461.0,,,3.0
150000.0,Porto,Santo Tirso,Agrela,House,F,53.0,463.0,0.0,False,,1992.0,,,,False,,2.0,,,,463.0,,,1.0
611895.0,Porto,Porto,Ramalde,House,B,241.0,245.0,3.0,True,,2023.0,,,,False,,3.0,,,,161.0,,,4.0
712500.0,Porto,Matosinhos,Matosinhos e Leça da Palmeira,House,E,350.0,350.0,0.0,False,,1937.0,,,,False,,7.0,,,,252.0,,,2.0
159000.0,Porto,Vila Nova de Gaia,Mafamude e Vilar do Paraíso,House,,,1000.0,0.0,False,,,,,,False,,2.0,,,,290.0,,,0.0
285000.0,Porto,Valongo,Campo e Sobrado,House,,,4700.0,0.0,False,,1988.0,,,,False,,2.0,,,,54.0,,,1.0
350000.0,Porto,Vila Nova de Gaia,Grijó e Sermonde,House,F,,740.0,3.0,True,,1950.0,,,,False,,4.0,,,,369.0,,,4.0
480000.0,Porto,Lousada,"Silvares, Pias, Nogueira e Alvarenga",House,,274.0,780.0,3.0,True,,1998.0,,,,False,,3.0,,,,274.0,,,3.0
399000.0,Porto,Penafiel,Irivo,House,B,280.0,400.0,3.0,True,,2001.0,,,,False,,3.0,,,,280.0,,,3.0
695000.0,Porto,Porto,Paranhos,House,E,283.0,140.0,0.0,False,Duplex,2002.0,,,,False,,3.0,,,,192.0,,,3.0
75000.0,Porto,Marco de Canaveses,Avessadas e Rosém,House,,,1430.0,0.0,False,,1943.0,,,,False,,1.0,,,,36.0,,,1.0
135000.0,Porto,Baião,Baião (Santa Leocádia) e Mesquinhata,House,F,389.0,607.0,3.0,True,,1960.0,,,,False,,3.0,,,,157.0,,,0.0
890000.0,Porto,Porto,"Cedofeita, Santo Ildefonso, Sé, Miragaia, São Nicolau e Vitória",House,D,220.0,134.0,0.0,False,,1971.0,,,,False,,6.0,,,,220.0,,,2.0
70000.0,Porto,Paredes,Cete,House,,,617.0,2.0,True,,1980.0,,,,False,,3.0,,,,113.0,,,2.0
385000.0,Porto,Vila do Conde,Vilar e Mosteiró,House,A+,340.0,340.0,2.0,True,,2023.0,,,,False,,3.0,,,,218.0,,,3.0
540000.0,Porto,Matosinhos,São Mamede de Infesta e Senhora da Hora,House,B-,291.0,338.0,2.0,True,,1997.0,,,,False,,4.0,,,,266.0,,,3.0
780000.0,Porto,Amarante,Vila Meã,House,C,520.0,2493.0,2.0,True,,1937.0,,,,False,,5.0,,,,260.0,,,5.0
450000.0,Porto,Maia,Cidade da Maia,House,C,273.0,256.0,2.0,True,,1992.0,,,,False,,4.0,,,,173.0,,,3.0
375000.0,Porto,Vila Nova de Gaia,São Felix da Marinha,House,C,258.0,163.0,3.0,True,,2010.0,,,,False,,3.0,,,,258.0,,,3.0
269000.0,Porto,Porto,Campanhã,House,E,,177.0,0.0,False,,1951.0,,,,False,,2.0,,,,82.0,,,1.0
342000.0,Porto,Vila Nova de Gaia,Canelas,House,D,,260.0,3.0,True,,1996.0,,,,False,,3.0,,,,128.0,,,4.0
720000.0,Porto,Vila Nova de Gaia,Canidelo,House,,,208.0,1.0,True,,,,,,False,,4.0,,,,208.0,,,5.0
698000.0,Porto,Vila Nova de Gaia,Canidelo,House,,,208.0,1.0,True,,,,,,False,,4.0,,,,208.0,,,5.0
698000.0,Porto,Vila Nova de Gaia,Canidelo,House,,,204.0,1.0,True,,,,,,False,,4.0,,,,204.0,,,5.0
698000.0,Porto,Vila Nova de Gaia,Canidelo,House,,,204.0,1.0,True,,,,,,False,,4.0,,,,204.0,,,5.0
315000.0,Porto,Gondomar,"Gondomar (São Cosme), Valbom e Jovim",House,C,226.0,123.0,2.0,True,,2006.0,,,,False,,3.0,,,,123.0,,,3.0
275000.0,Porto,Penafiel,Termas de São Vicente,House,D,205.0,560.0,2.0,True,,2001.0,,,,False,,3.0,,,,205.0,,,3.0
160900.0,Porto,Trofa,Bougado (São Martinho e Santiago),House,,,70.0,0.0,False,,1998.0,,,,False,,3.0,,,,76.0,,,1.0
99500.0,Porto,Amarante,Padronelo,House,E,,120.0,1.0,True,,1937.0,,,,False,,4.0,,,,120.0,,,1.0
369000.0,Porto,Penafiel,Guilhufe e Urrô,House,B,196.0,348.0,3.0,True,,2008.0,,,,False,,3.0,,,,196.0,,,4.0
940000.0,Porto,Vila Nova de Gaia,Canidelo,House,,203.0,1221.0,3.0,True,,2023.0,,,,False,,3.0,,,,103.0,,,3.0
319900.0,Porto,Vila Nova de Gaia,Gulpilhares e Valadares,House,D,,230.0,3.0,True,,2003.0,,,,False,,4.0,,,,202.0,,,0.0
170000.0,Porto,Matosinhos,"Custóias, Leça do Balio e Guifões",House,E,160.0,135.0,1.0,True,,1951.0,,,,False,,4.0,,,,150.0,,,2.0
450000.0,Porto,Gondomar,Rio Tinto,House,C,315.0,278.0,3.0,True,,1990.0,,,,False,,4.0,,,,178.0,,,3.0
380000.0,Porto,Marco de Canaveses,Marco,House,B,,1350.0,3.0,True,,2012.0,,,,False,,3.0,,,,344.0,,,4.0
257500.0,Porto,Gondomar,Baguim do Monte,House,D,163.0,119.0,3.0,True,,2008.0,,,,False,,3.0,,,,119.0,,,2.0
220000.0,Porto,Lousada,"Silvares, Pias, Nogueira e Alvarenga",House,D,,176.0,1.0,True,,1993.0,,,,False,,3.0,,,,176.0,,,2.0
335000.0,Porto,Póvoa de Varzim,"Aver-o-Mar, Amorim e Terroso",House,D,104.0,89.0,2.0,True,,1983.0,,,,False,,2.0,,,,89.0,,,2.0
198000.0,Porto,Gondomar,Rio Tinto,House,D,,62.0,1.0,True,,1956.0,,,,False,,3.0,,,,62.0,,,2.0
91500.0,Porto,Lousada,Nevogilde,House,F,,468.0,0.0,False,,1955.0,,,,False,,2.0,,,,136.0,,,1.0
880000.0,Porto,Vila Nova de Gaia,Arcozelo,House,A,456.0,530.0,2.0,True,,2014.0,,,,False,,4.0,,,,352.0,,,4.0
365000.0,Porto,Gondomar,Rio Tinto,House,B,200.0,507.0,2.0,True,,1982.0,,,,False,,6.0,,,,114.0,,,3.0
298000.0,Porto,Porto,Paranhos,House,F,353.0,231.0,2.0,True,2nd Floor,1937.0,,,,False,,4.0,,,,231.0,,,3.0
38000.0,Porto,Gondomar,Melres e Medas,House,,,80.0,0.0,False,,1970.0,,,,False,,2.0,,,,60.0,,,0.0
299000.0,Porto,Santo Tirso,Aves,House,A+,316.0,513.0,2.0,True,,,,,,False,,3.0,,,,154.0,,,3.0
259000.0,Porto,Felgueiras,Pombeiro de Ribavizela,House,A,,300.0,2.0,True,,2022.0,,,,False,,3.0,,,,130.0,,,3.0
120000.0,Porto,Felgueiras,"Margaride (Santa Eulália), Várzea, Lagares, Varziela e Moure",House,F,,940.0,1.0,True,,1951.0,,,,False,,6.0,,,,404.0,,,2.0
99000.0,Porto,Vila Nova de Gaia,Canidelo,House,E,,225.0,0.0,False,,1951.0,,,,False,,2.0,,,,125.0,,,1.0
62200.0,Porto,Santo Tirso,São Tomé Negrelos,House,,46.0,848.0,0.0,False,,1954.0,,,,False,,2.0,,,,46.0,,,0.0
325000.0,Porto,Amarante,"Amarante (São Gonçalo), Madalena, Cepelos e Gatão",House,D,447.0,169.0,2.0,True,,1986.0,,,,False,,3.0,,,,247.0,,,3.0
103000.0,Porto,Porto,"Cedofeita, Santo Ildefonso, Sé, Miragaia, São Nicolau e Vitória",House,,,31.0,0.0,False,,1951.0,,,,False,,1.0,,,,31.0,,,1.0
475000.0,Porto,Matosinhos,São Mamede de Infesta e Senhora da Hora,House,D,239.0,419.0,2.0,True,,1963.0,,,,False,,7.0,,,,207.0,,,3.0
155000.0,Porto,Penafiel,Penafiel,House,F,,600.0,2.0,True,,1937.0,,,,False,,3.0,,,,300.0,,,1.0
375000.0,Porto,Vila Nova de Gaia,Arcozelo,House,C,,933.0,3.0,True,,1991.0,,,,False,,3.0,,,,236.0,,,2.0
630000.0,Porto,Gondomar,"Gondomar (São Cosme), Valbom e Jovim",House,C,281.0,331.0,2.0,True,,2007.0,,,,False,,3.0,,,,209.0,,,4.0
372000.0,Porto,Póvoa de Varzim,"Aver-o-Mar, Amorim e Terroso",House,,,165.0,1.0,True,,,,,,False,,3.0,,,,165.0,,,2.0
320000.0,Porto,Póvoa de Varzim,"Aver-o-Mar, Amorim e Terroso",House,,,125.0,1.0,True,,,,,,False,,2.0,,,,125.0,,,1.0
297500.0,Porto,Felgueiras,"Pedreira, Rande e Sernande",House,B,,270.0,2.0,True,1st Floor,,,,,False,,3.0,,,,400.0,,,3.0
297500.0,Porto,Felgueiras,"Pedreira, Rande e Sernande",House,B,,267.0,2.0,True,1st Floor,,,,,False,,3.0,,,,350.0,,,3.0
320000.0,Porto,Felgueiras,"Margaride (Santa Eulália), Várzea, Lagares, Varziela e Moure",House,B,,273.0,3.0,True,,2023.0,,,,False,,3.0,,,,273.0,,,4.0
429999.0,Porto,Vila Nova de Gaia,Madalena,House,C,,164.0,2.0,True,,2003.0,,,,False,,3.0,,,,250.0,,,4.0
250000.0,Porto,Vila Nova de Gaia,Arcozelo,House,E,180.0,176.0,0.0,False,,1964.0,,,,False,,4.0,,,,180.0,,,3.0
269000.0,Porto,Vila Nova de Gaia,Avintes,House,D,291.0,88.0,2.0,True,1st Floor,2000.0,,,,False,,3.0,,,,155.0,,,2.0
270000.0,Porto,Matosinhos,"Perafita, Lavra e Santa Cruz do Bispo",House,D,322.0,322.0,1.0,True,,1980.0,,,,False,,3.0,,,,116.0,,,1.0
850000.0,Porto,Porto,"Cedofeita, Santo Ildefonso, Sé, Miragaia, São Nicolau e Vitória",House,F,444.0,336.0,0.0,False,,1949.0,,,,False,,4.0,,,,429.0,,,3.0
590000.0,Porto,Póvoa de Varzim,Balazar,House,A+,,238.0,2.0,True,,2007.0,,,,False,,3.0,,,,500.0,,,4.0
550000.0,Porto,Vila do Conde,Árvore,House,B,,660.0,3.0,True,,2023.0,,,,False,,3.0,,,,201.0,,,2.0
415000.0,Porto,Vila do Conde,Árvore,House,B,,377.0,3.0,True,,2023.0,,,,False,,4.0,,,,178.0,,,3.0
65000.0,Porto,Penafiel,Castelões,House,,,2383.0,0.0,False,,1937.0,,,,False,,1.0,,,,216.0,,,0.0
430000.0,Porto,Vila do Conde,Árvore,House,B,,423.0,3.0,True,,2023.0,,,,False,,3.0,,,,178.0,,,2.0
430000.0,Porto,Vila do Conde,Árvore,House,B,,414.0,3.0,True,,2023.0,,,,False,,3.0,,,,178.0,,,2.0
405000.0,Porto,Vila do Conde,Árvore,House,B,,334.0,3.0,True,,2023.0,,,,False,,4.0,,,,178.0,,,3.0
450000.0,Porto,Vila do Conde,Árvore,House,B,,417.0,3.0,True,,2023.0,,,,False,,3.0,,,,195.0,,,2.0
550000.0,Porto,Vila do Conde,Árvore,House,B,,783.0,3.0,True,,2023.0,,,,False,,3.0,,,,170.0,,,2.0
69500.0,Porto,Baião,Santa Cruz do Douro e São Tomé de Covelas,House,,,1361.0,0.0,False,,1974.0,,,,False,,3.0,,,,131.0,,,0.0
149000.0,Porto,Porto,Ramalde,House,,,40.0,0.0,False,,1989.0,,,,False,,2.0,,,,28.0,,,2.0
220000.0,Porto,Matosinhos,Matosinhos e Leça da Palmeira,House,E,62.0,390.0,0.0,False,Ground Floor,1960.0,,,,False,,2.0,,,,56.0,,,1.0
140000.0,Porto,Felgueiras,Macieira da Lixa e Caramos,House,F,,652.0,1.0,True,,1964.0,,,,False,,4.0,,,,156.0,,,2.0
93000.0,Porto,Paredes,Sobreira,House,,,889.0,0.0,False,,1937.0,,,,False,,1.0,,,,228.0,,,0.0
45000.0,Porto,Marco de Canaveses,Penhalonga e Paços de Gaiolo,House,,,104.0,0.0,False,,1937.0,,,,False,,2.0,,,,60.0,,,1.0
197500.0,Porto,Porto,Campanhã,House,F,,225.0,1.0,True,,1950.0,,,,False,,2.0,,,,58.0,,,0.0
665000.0,Porto,Gondomar,"Gondomar (São Cosme), Valbom e Jovim",House,C,,211.0,3.0,True,,2009.0,,,,False,,3.0,,,,230.0,,,3.0
574500.0,Porto,Maia,Cidade da Maia,House,C,,265.0,2.0,True,,2005.0,,,,False,,4.0,,,,265.0,,,5.0
684400.0,Porto,Póvoa de Varzim,"Póvoa de Varzim, Beiriz e Argivai",House,A,,119.0,1.0,True,,,,,,True,,3.0,,,,119.0,,,2.0
630000.0,Porto,Maia,Castêlo da Maia,House,D,459.0,1000.0,3.0,True,,2006.0,,,,False,,5.0,,,,306.0,,,6.0
435000.0,Porto,Paços de Ferreira,Sanfins Lamoso Codessos,House,,312.0,1079.0,3.0,True,,2023.0,,,,False,,3.0,,,,197.0,,,3.0
35000.0,Porto,Baião,Frende,House,,,150.0,0.0,False,,1937.0,,,,False,,3.0,,,,150.0,,,0.0
35000.0,Porto,Baião,Frende,House,,,158.0,0.0,False,,1937.0,,,,False,,2.0,,,,108.0,,,0.0
55000.0,Porto,Baião,Frende,House,,,308.0,0.0,False,,1937.0,,,,False,,5.0,,,,258.0,,,0.0
118000.0,Porto,Penafiel,Boelhe,House,E,,327.0,0.0,False,,1937.0,,,,False,,3.0,,,,72.0,,,2.0
138000.0,Porto,Baião,Santa Marinha do Zêzere,House,,,7920.0,3.0,True,,1938.0,,,,False,,2.0,,,,120.0,,,0.0
179000.0,Porto,Vila Nova de Gaia,Mafamude e Vilar do Paraíso,House,F,120.0,146.0,2.0,True,,1975.0,,,,False,,2.0,,,,76.0,,,2.0
280000.0,Porto,Marco de Canaveses,Bem Viver,House,B-,,335.0,2.0,True,,2023.0,,,,False,,3.0,,,,278.0,,,4.0
325000.0,Porto,Valongo,Valongo,House,,,335.0,2.0,True,,,,,,False,,3.0,,,,180.0,,,3.0
428000.0,Porto,Valongo,Valongo,House,,,335.0,2.0,True,,,,,,False,,3.0,,,,180.0,,,3.0
450000.0,Porto,Matosinhos,"Custóias, Leça do Balio e Guifões",House,A+,206.0,294.0,1.0,True,,,,,,False,,4.0,,,,163.0,,,3.0
386000.0,Porto,Paredes,Parada de Todeia,House,,,492.0,1.0,True,,2002.0,,,,True,,3.0,,,,289.0,,,0.0
429000.0,Porto,Matosinhos,"Perafita, Lavra e Santa Cruz do Bispo",House,,143.0,170.0,1.0,True,,1983.0,,,,False,,3.0,,,,128.0,,,2.0
955350.0,Porto,Amarante,Telões,House,A,,2776.0,0.0,False,,2023.0,,,,False,,3.0,,,,582.0,,,0.0
685000.0,Porto,Matosinhos,São Mamede de Infesta e Senhora da Hora,House,E,275.0,253.0,2.0,True,,1998.0,,,,False,,4.0,,,,143.0,,,4.0
170000.0,Porto,Felgueiras,"Margaride (Santa Eulália), Várzea, Lagares, Varziela e Moure",House,E,,7250.0,1.0,True,,1959.0,,,,False,,4.0,,,,153.0,,,2.0
172000.0,Porto,Porto,Campanhã,House,F,166.0,152.0,0.0,False,,1986.0,,,,False,,4.0,,,,124.0,,,4.0
285000.0,Porto,Vila Nova de Gaia,"Sandim, Olival, Lever e Crestuma",House,C,142.0,125.0,3.0,True,,1997.0,,,,False,,3.0,,,,112.0,,,2.0
36500.0,Porto,Baião,Santa Cruz do Douro e São Tomé de Covelas,House,,,549.0,0.0,False,,1937.0,,,,False,,3.0,,,,46.0,,,0.0
495000.0,Porto,Gondomar,"Gondomar (São Cosme), Valbom e Jovim",House,D,419.0,640.0,3.0,True,,2000.0,,,,False,,4.0,,,,229.0,,,5.0
560000.0,Porto,Porto,"Cedofeita, Santo Ildefonso, Sé, Miragaia, São Nicolau e Vitória",House,F,191.0,89.0,0.0,False,,1937.0,,,,False,,6.0,,,,189.0,,,4.0
382000.0,Porto,Valongo,Valongo,House,D,337.0,346.0,2.0,True,,2003.0,,,,False,,4.0,,,,225.0,,,3.0
650000.0,Porto,Vila Nova de Gaia,Canidelo,House,C,328.0,230.0,2.0,True,,2003.0,,,,False,,4.0,,,,328.0,,,5.0
379500.0,Porto,Gondomar,Rio Tinto,House,D,,175.0,3.0,True,,1994.0,,,,False,,4.0,,,,175.0,,,3.0
220000.0,Porto,Baião,Santa Marinha do Zêzere,House,,,3961.0,3.0,True,,1937.0,,,,False,,5.0,,,,261.0,,,0.0
320000.0,Porto,Vila Nova de Gaia,Madalena,House,G,,452.0,3.0,True,,1950.0,,,,False,,5.0,,,,286.0,,,3.0
700000.0,Porto,Porto,Campanhã,House,B,280.0,102.0,2.0,True,,,,,,False,,4.0,,,,207.0,,,4.0
150000.0,Porto,Maia,Castêlo da Maia,House,,,930.0,3.0,True,,1938.0,,,,False,,2.0,,,,233.0,,,1.0
825000.0,Porto,Porto,Bonfim,House,D,273.0,115.0,0.0,False,,1945.0,,,,False,,4.0,,,,273.0,,,2.0
30000.0,Porto,Marco de Canaveses,Soalhães,House,F,96.0,165.0,0.0,False,,1937.0,,,,False,,3.0,,,,48.0,,,0.0
440000.0,Porto,Porto,Paranhos,House,E,265.0,308.0,1.0,True,,1965.0,,,,False,,4.0,,,,265.0,,,4.0
125000.0,Porto,Baião,Santa Marinha do Zêzere,House,F,143.0,373.0,1.0,True,,1938.0,,,,False,,3.0,,,,143.0,,,2.0
495000.0,Porto,Vila Nova de Gaia,Canidelo,House,B,308.0,240.0,3.0,True,,2003.0,,,,False,,3.0,,,,202.0,,,4.0
149500.0,Porto,Santo Tirso,"Santo Tirso, Couto (Santa Cristina e São Miguel) e Burgães",House,F,180.0,815.0,3.0,True,,1938.0,,,,False,,3.0,,,,90.0,,,2.0
305000.0,Porto,Marco de Canaveses,Sobretâmega,House,E,,4121.0,3.0,True,,1948.0,,,,False,,3.0,,,,160.0,,,2.0
54000.0,Porto,Baião,Santa Cruz do Douro e São Tomé de Covelas,House,G,,64.0,0.0,False,,1937.0,,,,False,,3.0,,,,64.0,,,1.0
450000.0,Porto,Vila do Conde,Mindelo,House,A+,,240.0,1.0,True,,,,,,False,,4.0,,,,192.0,,,3.0
570000.0,Porto,Porto,Lordelo do Ouro e Massarelos,House,E,,239.0,0.0,False,,1956.0,,,,False,,7.0,,,,203.0,,,3.0
770000.0,Porto,Marco de Canaveses,Vila Boa do Bispo,House,A,,1523.0,3.0,True,,2011.0,,,,False,,3.0,,,,671.0,,,4.0
395000.0,Porto,Porto,Campanhã,House,,,300.0,0.0,False,,1986.0,,,,False,,5.0,,,,300.0,,,2.0
199900.0,Porto,Vila Nova de Gaia,Santa Marinha e São Pedro da Afurada,House,,,88.0,2.0,True,,1937.0,,,,False,,3.0,,,,38.0,,,2.0
300000.0,Porto,Maia,Águas Santas,House,,215.0,1234.0,0.0,False,,,,,,False,,4.0,,,,134.0,,,3.0
515000.0,Porto,Maia,Castêlo da Maia,House,A,240.0,570.0,3.0,True,,,,,,False,,3.0,,,,240.0,,,3.0
199500.0,Porto,Felgueiras,Macieira da Lixa e Caramos,House,F,,300.0,1.0,True,,1983.0,,,,False,,3.0,,,,251.0,,,1.0
580000.0,Porto,Maia,Castêlo da Maia,House,A,300.0,689.0,3.0,True,,,,,,False,,3.0,,,,300.0,,,3.0
112500.0,Porto,Felgueiras,"Margaride (Santa Eulália), Várzea, Lagares, Varziela e Moure",House,E,,650.0,0.0,False,,1957.0,,,,False,,6.0,,,,169.0,,,2.0
357000.0,Porto,Maia,Cidade da Maia,House,C,204.0,133.0,3.0,True,,2004.0,,,,False,,3.0,,,,133.0,,,3.0
241000.0,Porto,Felgueiras,Idães,House,B-,103.0,284.0,3.0,True,,2005.0,,,,False,,3.0,,,,180.0,,,2.0
395000.0,Porto,Penafiel,Penafiel,House,C,397.0,397.0,2.0,True,,2020.0,,,,False,,3.0,,,,397.0,,,4.0
150000.0,Porto,Penafiel,Fonte Arcada,House,F,285.0,290.0,0.0,False,,1951.0,,,,False,,3.0,,,,167.0,,,1.0
750000.0,Porto,Paredes,Lordelo,House,A,360.0,6690.0,2.0,True,,,,,,False,,3.0,,,,160.0,,,3.0
295000.0,Porto,Gondomar,Baguim do Monte,House,D,361.0,220.0,2.0,True,,1989.0,,,,False,,4.0,,,,361.0,,,4.0
240000.0,Porto,Gondomar,Rio Tinto,House,C,173.0,286.0,2.0,True,Ground Floor,1988.0,,,,False,,4.0,,,,173.0,,,2.0
275000.0,Porto,Penafiel,Penafiel,House,E,,700.0,0.0,False,,1992.0,,,,False,,3.0,,,,100.0,,,2.0
155000.0,Porto,Baião,Santa Marinha do Zêzere,House,E,108.0,535.0,1.0,True,,1982.0,,,,False,,3.0,,,,85.0,,,2.0
499900.0,Porto,Maia,Cidade da Maia,House,B-,410.0,582.0,3.0,True,,2005.0,,,,False,,4.0,,,,300.0,,,5.0
499000.0,Porto,Matosinhos,Matosinhos e Leça da Palmeira,House,,225.0,225.0,0.0,False,,1937.0,,,,False,,7.0,,,,225.0,,,1.0
375000.0,Porto,Paredes,Rebordosa,House,C,,569.0,3.0,True,,2003.0,,,,False,,4.0,,,,600.0,,,3.0
268000.0,Porto,Vila do Conde,Aveleda,House,E,291.0,5190.0,1.0,True,,1979.0,,,,False,,3.0,,,,291.0,,,2.0
439000.0,Porto,Valongo,Valongo,House,E,324.0,378.0,2.0,True,,2003.0,,,,False,,3.0,,,,216.0,,,3.0
385000.0,Porto,Paços de Ferreira,Figueiró,House,,,4333.0,1.0,True,,1966.0,,,,False,,3.0,,,,172.0,,,1.0
550000.0,Porto,Póvoa de Varzim,"Póvoa de Varzim, Beiriz e Argivai",House,B,,177.0,2.0,True,,1976.0,,,,False,,3.0,,,,120.0,,,3.0
450000.0,Porto,Maia,Cidade da Maia,House,C,165.0,222.0,2.0,True,,1972.0,,,,False,,3.0,,,,140.0,,,2.0
760000.0,Porto,Porto,"Aldoar, Foz do Douro e Nevogilde",House,,468.0,660.0,3.0,True,,,,,,False,,4.0,,,,330.0,,,6.0
250000.0,Porto,Felgueiras,"Margaride (Santa Eulália), Várzea, Lagares, Varziela e Moure",House,D,,432.0,3.0,True,,2008.0,,,,False,,3.0,,,,236.0,,,2.0
365000.0,Porto,Paredes,Cete,House,B-,145.0,1663.0,2.0,True,,1962.0,,,,False,,4.0,,,,129.0,,,2.0
180000.0,Porto,Baião,Campelo e Ovil,House,E,254.0,400.0,3.0,True,,1996.0,,,,False,,3.0,,,,254.0,,,3.0
98880.0,Porto,Paços de Ferreira,Eiriz,House,,160.0,1000.0,2.0,True,,1990.0,,,,False,,3.0,,,,80.0,,,2.0
580000.0,Porto,Póvoa de Varzim,"Póvoa de Varzim, Beiriz e Argivai",House,A,,815.0,3.0,True,,2021.0,,,,False,,4.0,,,,290.0,,,3.0
650000.0,Porto,Póvoa de Varzim,"Aver-o-Mar, Amorim e Terroso",House,A+,,699.0,3.0,True,,,,,,False,,3.0,,,,231.0,,,4.0
660000.0,Porto,Matosinhos,Matosinhos e Leça da Palmeira,House,C,,280.0,1.0,True,,2010.0,,,,False,,7.0,,,,285.0,,,6.0
490000.0,Porto,Matosinhos,Matosinhos e Leça da Palmeira,House,F,364.0,142.0,2.0,True,,1951.0,,,,False,,4.0,,,,364.0,,,5.0
399900.0,Porto,Valongo,Alfena,House,C,295.0,140.0,2.0,True,,1997.0,,,,False,,3.0,,,,200.0,,,4.0
425000.0,Porto,Porto,Ramalde,House,D,,415.0,1.0,True,,1978.0,,,,False,,4.0,,,,153.0,,,2.0
273000.0,Porto,Gondomar,Fânzeres e São Pedro da Cova,House,F,212.0,120.0,2.0,True,1st Floor,2005.0,,,,False,,3.0,,,,120.0,,,2.0
335000.0,Porto,Gondomar,Rio Tinto,House,E,272.0,261.0,2.0,True,,1988.0,,,,False,,6.0,,,,198.0,,,4.0
565000.0,Porto,Vila Nova de Gaia,Serzedo e Perosinho,House,A,307.0,721.0,3.0,True,,,,,,False,,3.0,,,,212.0,,,4.0
475000.0,Porto,Vila Nova de Gaia,Serzedo e Perosinho,House,A,340.0,350.0,3.0,True,,,,,,False,,3.0,,,,212.0,,,4.0
460000.0,Porto,Vila Nova de Gaia,Serzedo e Perosinho,House,A,340.0,250.0,3.0,True,,,,,,False,,3.0,,,,212.0,,,4.0
450000.0,Porto,Vila Nova de Gaia,Serzedo e Perosinho,House,A,307.0,255.0,3.0,True,,,,,,False,,3.0,,,,212.0,,,4.0
103000.0,Porto,Maia,Pedrouços,House,F,68.0,59.0,0.0,False,,1951.0,,,,False,,2.0,,,,59.0,,,1.0
220000.0,Porto,Vila do Conde,Aveleda,House,D,169.0,411.0,3.0,True,,1902.0,,,,False,,4.0,,,,134.0,,,2.0
299000.0,Porto,Felgueiras,Sendim,House,D,,163.0,3.0,True,,1993.0,,,,False,,3.0,,,,163.0,,,3.0
47500.0,Porto,Baião,Teixeira e Teixeiró,House,,,1490.0,0.0,False,,1937.0,,,,False,,1.0,,,,90.0,,,1.0
199000.0,Porto,Marco de Canaveses,Bem Viver,House,F,,659.0,0.0,False,,1999.0,,,,False,,3.0,,,,170.0,,,1.0
340000.0,Porto,Valongo,Alfena,House,D,,230.0,1.0,True,,1999.0,,,,True,,4.0,,,,230.0,,,3.0
569000.0,Porto,Vila Nova de Gaia,Oliveira do Douro,House,C,345.0,1137.0,3.0,True,,1939.0,,,,False,,4.0,,,,230.0,,,4.0
280000.0,Porto,Vila Nova de Gaia,Canidelo,House,D,,491.0,2.0,True,,1972.0,,,,False,,2.0,,,,217.0,,,2.0
330000.0,Porto,Vila do Conde,Vilar e Mosteiró,House,D,,435.0,2.0,True,,1994.0,,,,False,,3.0,,,,153.0,,,2.0
450000.0,Porto,Penafiel,Penafiel,House,A,300.0,4400.0,3.0,True,,1937.0,,,,False,,4.0,,,,230.0,,,3.0
260000.0,Porto,Santo Tirso,Lamelas e Guimarei,House,D,,300.0,2.0,True,,1958.0,,,,False,,3.0,,,,142.0,,,3.0
332000.0,Porto,Penafiel,Termas de São Vicente,House,A,313.0,700.0,2.0,True,,,,,,False,,3.0,,,,214.0,,,3.0
460000.0,Porto,Baião,Santa Cruz do Douro e São Tomé de Covelas,House,E,353.0,4792.0,3.0,True,,1945.0,,,,False,,5.0,,,,248.0,,,2.0
300000.0,Porto,Santo Tirso,"Santo Tirso, Couto (Santa Cristina e São Miguel) e Burgães",House,,,812.0,1.0,True,,1985.0,,,,False,,4.0,,,,302.0,,,3.0
130000.0,Porto,Matosinhos,"Custóias, Leça do Balio e Guifões",House,F,359.0,359.0,0.0,False,,1946.0,,,,False,,4.0,,,,157.0,,,2.0
690000.0,Porto,Lousada,"Silvares, Pias, Nogueira e Alvarenga",House,E,,2400.0,3.0,True,,2002.0,,,,False,,4.0,,,,564.0,,,5.0
130000.0,Porto,Baião,Gestaçô,House,D,280.0,900.0,1.0,True,,1995.0,,,,False,,3.0,,,,140.0,,,1.0
360000.0,Porto,Maia,Águas Santas,House,E,351.0,250.0,3.0,True,,1981.0,,,,False,,4.0,,,,161.0,,,4.0
84900.0,Porto,Maia,Águas Santas,House,,,106.0,0.0,False,,1988.0,,,,False,,2.0,,,,56.0,,,4.0
95200.0,Porto,Vila Nova de Gaia,Gulpilhares e Valadares,House,,,292.0,0.0,False,,1951.0,,,,False,,1.0,,,,28.0,,,1.0
290000.0,Porto,Maia,Cidade da Maia,House,C,,351.0,0.0,False,,1988.0,,,,False,,3.0,,,,86.0,,,2.0
550000.0,Porto,Porto,Paranhos,House,D,238.0,358.0,1.0,True,,1977.0,,,,False,,3.0,,,,166.0,,,4.0
392755.0,Porto,Amarante,"Amarante (São Gonçalo), Madalena, Cepelos e Gatão",House,C,,150.0,3.0,True,,2000.0,,,,False,,3.0,,,,150.0,,,4.0
130000.0,Porto,Matosinhos,"Custóias, Leça do Balio e Guifões",House,E,46.0,88.0,0.0,False,,1950.0,,,,False,,2.0,,,,44.0,,,1.0
350000.0,Porto,Vila Nova de Gaia,Pedroso e Seixezelo,House,,1075.0,2157.0,0.0,False,,1940.0,,,,False,,7.0,,,,482.0,,,2.0
499000.0,Porto,Gondomar,"Gondomar (São Cosme), Valbom e Jovim",House,E,409.0,7410.0,3.0,True,,2018.0,,,,False,,4.0,,,,317.0,,,3.0
365000.0,Porto,Trofa,Bougado (São Martinho e Santiago),House,C,,234.0,1.0,True,,1991.0,,,,False,,4.0,,,,191.0,,,3.0
360000.0,Porto,Porto,Campanhã,House,F,,263.0,1.0,True,,1965.0,,,,False,,3.0,,,,150.0,,,2.0
325000.0,Porto,Valongo,Ermesinde,House,C,259.0,183.0,2.0,True,,2007.0,,,,False,,3.0,,,,183.0,,,3.0
127700.0,Porto,Marco de Canaveses,"Alpendorada, Várzea e Torrão",House,,,868.0,1.0,True,,1987.0,,,,False,,3.0,,,,130.0,,,2.0
599900.0,Porto,Gondomar,"Gondomar (São Cosme), Valbom e Jovim",House,C,382.0,266.0,2.0,True,,2001.0,,,,False,,4.0,,,,255.0,,,4.0
49000.0,Porto,Gondomar,Fânzeres e São Pedro da Cova,House,,,143.0,0.0,False,,1966.0,,,,False,,2.0,,,,55.0,,,1.0
300000.0,Porto,Marco de Canaveses,"Alpendorada, Várzea e Torrão",House,F,,3350.0,3.0,True,,2000.0,,,,False,,4.0,,,,450.0,,,2.0
150000.0,Porto,Maia,Castêlo da Maia,House,,,181.0,1.0,True,,1985.0,,,,False,,2.0,,,,45.0,,,2.0
390000.0,Porto,Maia,Nogueira e Silva Escura,House,B-,238.0,327.0,2.0,True,,2022.0,,,,False,,3.0,,,,199.0,,,3.0
190000.0,Porto,Matosinhos,São Mamede de Infesta e Senhora da Hora,House,E,85.0,107.0,1.0,True,,1968.0,,,,False,,2.0,,,,74.0,,,2.0
299900.0,Porto,Vila Nova de Gaia,Vilar de Andorinho,House,E,313.0,359.0,3.0,True,,1986.0,,,,False,,4.0,,,,192.0,,,4.0
950000.0,Porto,Porto,"Aldoar, Foz do Douro e Nevogilde",House,B,104.0,66.0,0.0,False,,,,,,False,,2.0,,,,176.0,,,3.0
550000.0,Porto,Vila Nova de Gaia,Gulpilhares e Valadares,House,B-,335.0,437.0,3.0,True,,1996.0,,,,False,,4.0,,,,208.0,,,3.0
475000.0,Porto,Matosinhos,São Mamede de Infesta e Senhora da Hora,House,D,90.0,280.0,1.0,True,,1980.0,,,,False,,4.0,,,,90.0,,,4.0
134900.0,Porto,Vila Nova de Gaia,Oliveira do Douro,House,C,35.0,35.0,0.0,False,,1988.0,,,,False,,2.0,,,,35.0,,,1.0
199000.0,Porto,Valongo,Ermesinde,House,,49.0,117.0,1.0,True,,1989.0,,,,False,,2.0,,,,49.0,,,1.0
695000.0,Porto,Maia,Cidade da Maia,House,C,461.0,542.0,3.0,True,,2003.0,,,,False,,5.0,,,,291.0,,,4.0
380000.0,Porto,Póvoa de Varzim,"Póvoa de Varzim, Beiriz e Argivai",House,B,,290.0,1.0,True,,2022.0,,,,False,,3.0,,,,167.0,,,3.0
330000.0,Porto,Matosinhos,"Perafita, Lavra e Santa Cruz do Bispo",House,,,177.0,1.0,True,,1937.0,,,,False,,3.0,,,,90.0,,,4.0
225000.0,Porto,Gondomar,Fânzeres e São Pedro da Cova,House,E,188.0,180.0,2.0,True,,1996.0,,,,False,,3.0,,,,129.0,,,3.0
215000.0,Porto,Porto,"Cedofeita, Santo Ildefonso, Sé, Miragaia, São Nicolau e Vitória",House,E,,63.0,0.0,False,,1951.0,,,,False,,1.0,,,,63.0,,,1.0
559900.0,Porto,Porto,Lordelo do Ouro e Massarelos,House,D,132.0,156.0,0.0,False,,1967.0,,,,False,,4.0,,,,132.0,,,2.0
155000.0,Porto,Felgueiras,"Margaride (Santa Eulália), Várzea, Lagares, Varziela e Moure",House,D,124.0,868.0,2.0,True,,1989.0,,,,False,,4.0,,,,99.0,,,1.0
628000.0,Porto,Matosinhos,Matosinhos e Leça da Palmeira,House,A,160.0,117.0,2.0,True,,2023.0,,,,False,,2.0,,,,117.0,,,3.0
430000.0,Porto,Felgueiras,"Margaride (Santa Eulália), Várzea, Lagares, Varziela e Moure",House,B-,,293.0,2.0,True,,2017.0,,,,False,,3.0,,,,223.0,,,3.0
99000.0,Porto,Marco de Canaveses,Vila Boa do Bispo,House,F,,524.0,0.0,False,,1937.0,,,,False,,3.0,,,,124.0,,,1.0
162000.0,Porto,Lousada,"Silvares, Pias, Nogueira e Alvarenga",House,E,,530.0,3.0,True,,1996.0,,,,False,,3.0,,,,170.0,,,2.0
278000.0,Porto,Póvoa de Varzim,Aguçadoura e Navais,House,,,1600.0,0.0,False,,1926.0,,,,False,,4.0,,,,473.0,,,2.0
600000.0,Porto,Matosinhos,Matosinhos e Leça da Palmeira,House,,234.0,162.0,0.0,False,,1937.0,,,,False,,3.0,,,,119.0,,,3.0
85000.0,Porto,Marco de Canaveses,Soalhães,House,E,,3297.0,1.0,True,,1964.0,,,,False,,3.0,,,,144.0,,,1.0
493000.0,Porto,Santo Tirso,"Areias, Sequeiró, Lama e Palmeira",House,B-,,550.0,3.0,True,,2012.0,,,,False,,2.0,,,,221.0,,,3.0
980000.0,Porto,Gondomar,"Gondomar (São Cosme), Valbom e Jovim",House,B,1200.0,1327.0,3.0,True,,1989.0,,,,False,,4.0,,,,628.0,,,6.0
490000.0,Porto,Maia,Pedrouços,House,C,,392.0,3.0,True,,2003.0,,,,False,,4.0,,,,355.0,,,4.0
690000.0,Porto,Vila Nova de Gaia,Mafamude e Vilar do Paraíso,House,,330.0,280.0,1.0,True,,,,,,True,,4.0,,,,233.0,,,4.0
162500.0,Porto,Amarante,"Bustelo, Carneiro e Carvalho de Rei",House,F,,292.0,2.0,True,,1937.0,,,,False,,2.0,,,,147.0,,,2.0
350000.0,Porto,Maia,Castêlo da Maia,House,B-,223.0,175.0,2.0,True,,1997.0,,,,False,,4.0,,,,175.0,,,3.0
375000.0,Porto,Amarante,Figueiró (Santiago e Santa Cristina),House,F,,290.0,2.0,True,,2009.0,,,,False,,4.0,,,,290.0,,,3.0
229900.0,Porto,Vila Nova de Gaia,São Felix da Marinha,House,D,108.0,158.0,1.0,True,,1951.0,,,,False,,2.0,,,,90.0,,,1.0
123000.0,Porto,Baião,Santa Cruz do Douro e São Tomé de Covelas,House,,,1150.0,2.0,True,,1937.0,,,,False,,5.0,,,,232.0,,,2.0
558000.0,Porto,Porto,"Cedofeita, Santo Ildefonso, Sé, Miragaia, São Nicolau e Vitória",House,E,300.0,200.0,2.0,True,,1967.0,,,,False,,8.0,,,,300.0,,,8.0
130000.0,Porto,Santo Tirso,"Areias, Sequeiró, Lama e Palmeira",House,D,78.0,318.0,0.0,False,,1987.0,,,,False,,2.0,,,,53.0,,,1.0
299500.0,Porto,Felgueiras,Airães,House,C,,390.0,3.0,True,,1996.0,,,,False,,5.0,,,,984.0,,,4.0
880000.0,Porto,Penafiel,Penafiel,House,A,391.0,1380.0,2.0,True,,2015.0,,,,False,,3.0,,,,279.0,,,4.0
31150.0,Porto,Baião,Frende,House,,,1994.0,0.0,False,,1969.0,,,,False,,3.0,,,,50.0,,,1.0
50000.0,Porto,Penafiel,Termas de São Vicente,House,,300.0,1000.0,0.0,False,,1943.0,,,,False,,3.0,,,,100.0,,,1.0
365000.0,Porto,Gondomar,Baguim do Monte,House,D,,267.0,3.0,True,Ground Floor,1988.0,,,,False,,4.0,,,,168.0,,,4.0
95000.0,Porto,Vila Nova de Gaia,"Sandim, Olival, Lever e Crestuma",House,,160.0,913.0,3.0,True,,1937.0,,,,False,,2.0,,,,160.0,,,1.0
158000.0,Porto,Porto,Paranhos,House,,38.0,35.0,0.0,False,,1951.0,,,,False,,1.0,,,,38.0,,,1.0
950000.0,Porto,Matosinhos,"Perafita, Lavra e Santa Cruz do Bispo",House,A+,225.0,385.0,2.0,True,,,,,,False,,4.0,,,,137.0,,,5.0
135000.0,Porto,Lousada,"Cristelos, Boim e Ordem",House,E,150.0,150.0,1.0,True,,1937.0,,,,False,,2.0,,,,100.0,,,1.0
310000.0,Porto,Matosinhos,São Mamede de Infesta e Senhora da Hora,House,D,,276.0,1.0,True,,1965.0,,,,False,,5.0,,,,160.0,,,3.0
115000.0,Porto,Maia,Castêlo da Maia,House,,,110.0,2.0,True,,1938.0,,,,False,,3.0,,,,158.0,,,1.0
745000.0,Porto,Porto,Paranhos,House,E,372.0,333.0,0.0,False,,2016.0,,,,False,,4.0,,,,365.0,,,4.0
500000.0,Porto,Póvoa de Varzim,"Aver-o-Mar, Amorim e Terroso",House,,3272.0,3272.0,2.0,True,,2013.0,,,,False,,4.0,,,,287.0,,,3.0
360000.0,Porto,Maia,Castêlo da Maia,House,B-,277.0,240.0,1.0,True,,2006.0,,,,False,,3.0,,,,150.0,,,3.0
194000.0,Porto,Porto,Ramalde,House,,74.0,74.0,0.0,False,Ground Floor,1951.0,,,,False,,1.0,,,,40.0,,,1.0
435000.0,Porto,Vila do Conde,Vilar de Pinheiro,House,A,230.0,173.0,2.0,True,,2023.0,,,,False,,4.0,,,,176.0,,,4.0
70000.0,Porto,Vila Nova de Gaia,Mafamude e Vilar do Paraíso,House,,39.0,39.0,0.0,False,Ground Floor,1991.0,,,,False,,1.0,,,,39.0,,,1.0
339000.0,Porto,Porto,Campanhã,House,D,,142.0,0.0,False,,1997.0,,,,False,,3.0,,,,141.0,,,2.0
830000.0,Porto,Matosinhos,"Custóias, Leça do Balio e Guifões",House,A+,350.0,550.0,3.0,True,,,,,,False,,3.0,,,,229.0,,,2.0
379000.0,Porto,Trofa,Bougado (São Martinho e Santiago),House,,217.0,1415.0,3.0,True,,1977.0,,,,False,,6.0,,,,183.0,,,5.0
172000.0,Porto,Gondomar,"Gondomar (São Cosme), Valbom e Jovim",House,D,,101.0,0.0,False,,1988.0,,,,False,,3.0,,,,101.0,,,2.0
475000.0,Porto,Porto,Paranhos,House,D,163.0,103.0,1.0,True,,1952.0,,,,False,,3.0,,,,163.0,,,3.0
160000.0,Porto,Vila Nova de Gaia,Santa Marinha e São Pedro da Afurada,House,D,81.0,47.0,0.0,False,,1955.0,,,,False,,1.0,,,,37.0,,,2.0
107000.0,Porto,Paços de Ferreira,Frazão Arreigada,House,,257.0,273.0,0.0,False,,1937.0,,,,False,,3.0,,,,112.0,,,0.0
230000.0,Porto,Gondomar,Rio Tinto,House,D,,303.0,3.0,True,,1972.0,,,,False,,6.0,,,,160.0,,,4.0
398000.0,Porto,Gondomar,Rio Tinto,House,,,151.0,1.0,True,,1950.0,,,,False,,3.0,,,,174.0,,,3.0
460000.0,Porto,Vila Nova de Gaia,Grijó e Sermonde,House,A,310.0,295.0,2.0,True,,2019.0,,,,False,,3.0,,,,270.0,,,4.0
60000.0,Porto,Penafiel,Rio Mau,House,,,176.0,1.0,True,,1937.0,,,,False,,3.0,,,,166.0,,,2.0
770000.0,Porto,Vila Nova de Gaia,Arcozelo,House,E,,1200.0,3.0,True,2nd Floor,1964.0,,,,False,,3.0,,,,336.0,,,4.0
140000.0,Porto,Gondomar,Rio Tinto,House,F,470.0,540.0,3.0,True,,1950.0,,,,False,,2.0,,,,46.0,,,3.0
39700.0,Porto,Penafiel,São Martinho Recezinhos,House,,,447.0,0.0,False,,1949.0,,,,False,,2.0,,,,75.0,,,1.0
459000.0,Porto,Póvoa de Varzim,"Aver-o-Mar, Amorim e Terroso",House,D,104.0,89.0,2.0,True,,1983.0,,,,False,,3.0,,,,89.0,,,2.0
275000.0,Porto,Maia,Águas Santas,House,E,263.0,243.0,3.0,True,,1951.0,,,,False,,4.0,,,,243.0,,,3.0
174500.0,Porto,Maia,Cidade da Maia,House,C,113.0,113.0,0.0,False,Ground Floor,1998.0,,,,False,,3.0,,,,84.0,,,2.0
599000.0,Porto,Maia,Castêlo da Maia,House,E,502.0,1555.0,3.0,True,,1977.0,,,,False,,10.0,,,,453.0,,,6.0
325000.0,Porto,Penafiel,Perozelo,House,B-,,700.0,3.0,True,,2002.0,,,,False,,4.0,,,,200.0,,,2.0
820000.0,Porto,Porto,Paranhos,House,B,314.0,200.0,2.0,True,,1998.0,,,,False,,4.0,,,,189.0,,,8.0
95000.0,Porto,Santo Tirso,Reguenga,House,,68.0,868.0,1.0,True,Ground Floor,1938.0,,,,False,,3.0,,,,68.0,,,2.0
299900.0,Porto,Vila Nova de Gaia,Pedroso e Seixezelo,House,E,267.0,1581.0,,True,,2001.0,,,,False,,4.0,,,,169.0,,,4.0
170000.0,Porto,Trofa,Bougado (São Martinho e Santiago),House,,180.0,890.0,2.0,True,,1937.0,,,,False,,3.0,,,,150.0,,,0.0
770000.0,Porto,Porto,"Cedofeita, Santo Ildefonso, Sé, Miragaia, São Nicolau e Vitória",House,A,281.0,201.0,2.0,True,,,,,,False,,3.0,,,,201.0,,,3.0
625000.0,Porto,Porto,"Cedofeita, Santo Ildefonso, Sé, Miragaia, São Nicolau e Vitória",House,A,281.0,201.0,2.0,True,,,,,,False,,3.0,,,,201.0,,,3.0
725000.0,Porto,Porto,Paranhos,House,A,281.0,201.0,2.0,True,,,,,,False,,3.0,,,,201.0,,,3.0
225000.0,Porto,Vila do Conde,Vila do Conde,House,C,136.0,219.0,0.0,False,,1951.0,,,,False,,2.0,,,,136.0,,,3.0
820000.0,Porto,Vila Nova de Gaia,"Sandim, Olival, Lever e Crestuma",House,B-,367.0,480.0,3.0,True,,2022.0,,,,False,,4.0,,,,367.0,,,5.0
130000.0,Porto,Gondomar,Fânzeres e São Pedro da Cova,House,,,477.0,1.0,True,,1989.0,,,,False,,2.0,,,,155.0,,,2.0
385000.0,Porto,Gondomar,Fânzeres e São Pedro da Cova,House,,,477.0,1.0,True,,1989.0,,,,False,,3.0,,,,155.0,,,2.0
180000.0,Porto,Felgueiras,Airães,House,D,,1400.0,1.0,True,,1983.0,,,,False,,3.0,,,,219.0,,,2.0
150000.0,Porto,Vila Nova de Gaia,Avintes,House,F,124.0,102.0,0.0,False,,1975.0,,,,False,,3.0,,,,124.0,,,2.0
785000.0,Porto,Santo Tirso,"Santo Tirso, Couto (Santa Cristina e São Miguel) e Burgães",House,D,390.0,2645.0,2.0,True,,1970.0,,,,False,,4.0,,,,195.0,,,4.0
115000.0,Porto,Lousada,Figueiras e Covas,House,,,5830.0,0.0,False,,1951.0,,,,False,,3.0,,,,145.0,,,1.0
899900.0,Porto,Vila Nova de Gaia,Canidelo,House,A,,302.0,2.0,True,,2023.0,,,,False,,3.0,,,,178.0,,,2.0
425000.0,Porto,Vila Nova de Gaia,Oliveira do Douro,House,D,,296.0,3.0,True,,1997.0,,,,False,,4.0,,,,270.0,,,4.0
380000.0,Porto,Felgueiras,Aião,House,E,,1038.0,3.0,True,,2012.0,,,,False,,6.0,,,,400.0,,,4.0
149900.0,Porto,Vila Nova de Gaia,Pedroso e Seixezelo,House,,,1000.0,1.0,True,,1937.0,,,,False,,2.0,,,,131.0,,,1.0
106150.0,Porto,Vila Nova de Gaia,Gulpilhares e Valadares,House,,45.0,2150.0,0.0,False,,1950.0,,,,False,,1.0,,,,45.0,,,0.0
497000.0,Porto,Santo Tirso,Lamelas e Guimarei,House,C,421.0,727.0,3.0,True,,2015.0,,,,False,,3.0,,,,421.0,,,3.0
375000.0,Porto,Vila Nova de Gaia,"Sandim, Olival, Lever e Crestuma",House,C,225.0,880.0,2.0,True,,2003.0,,,,False,,4.0,,,,225.0,,,5.0
650000.0,Porto,Vila Nova de Gaia,Santa Marinha e São Pedro da Afurada,House,D,198.0,66.0,0.0,False,,1937.0,,,,False,,4.0,,,,198.0,,,2.0
450000.0,Porto,Trofa,Muro,House,D,,870.0,3.0,True,,1986.0,,,,False,,4.0,,,,231.0,,,6.0
640000.0,Porto,Trofa,Muro,House,C,,2278.0,1.0,True,,1977.0,,,,False,,3.0,,,,120.0,,,3.0
449000.0,Porto,Vila Nova de Gaia,Gulpilhares e Valadares,House,C,316.0,335.0,2.0,True,,1991.0,,,,False,,4.0,,,,254.0,,,4.0
125000.0,Porto,Vila Nova de Gaia,"Sandim, Olival, Lever e Crestuma",House,F,184.0,635.0,1.0,True,,1937.0,,,,False,,3.0,,,,67.0,,,1.0
235000.0,Porto,Amarante,Lomba,House,C,,837.0,1.0,True,,2019.0,,,,False,,3.0,,,,144.0,,,3.0
150000.0,Porto,Valongo,Ermesinde,House,,,268.0,0.0,False,,1937.0,,,,False,,5.0,,,,288.0,,,0.0
270000.0,Porto,Porto,Paranhos,House,E,,66.0,0.0,False,,2023.0,,,,False,,3.0,,,,73.0,,,2.0
395000.0,Porto,Vila Nova de Gaia,Serzedo e Perosinho,House,D,238.0,788.0,2.0,True,,2001.0,,,,False,,3.0,,,,180.0,,,3.0
120000.0,Porto,Vila Nova de Gaia,Grijó e Sermonde,House,F,,274.0,0.0,False,Ground Floor,1950.0,,,,False,,2.0,,,,43.0,,,2.0
379900.0,Porto,Vila do Conde,Árvore,House,,,402.0,1.0,True,,1985.0,,,,False,,3.0,,,,113.0,,,3.0
225000.0,Porto,Felgueiras,Pombeiro de Ribavizela,House,D,,800.0,2.0,True,,1995.0,,,,False,,3.0,,,,160.0,,,2.0
250000.0,Porto,Porto,Campanhã,House,,,160.0,0.0,False,,2023.0,,,,False,,2.0,,,,160.0,,,2.0
70000.0,Porto,Paredes,Lordelo,House,,,129.0,0.0,False,,1937.0,,,,False,,4.0,,,,63.0,,,0.0
450000.0,Porto,Vila do Conde,Touguinha e Touguinhó,House,F,,1015.0,0.0,False,,1937.0,,,,False,,3.0,,,,240.0,,,2.0
370000.0,Porto,Matosinhos,Matosinhos e Leça da Palmeira,House,E,,230.0,0.0,False,,1937.0,,,,False,,3.0,,,,127.0,,,1.0
190000.0,Porto,Paredes,Aguiar de Sousa,House,E,282.0,117.0,1.0,True,,1992.0,,,,False,,4.0,,,,117.0,,,2.0
235000.0,Porto,Valongo,Valongo,House,E,,135.0,0.0,False,,1987.0,,,,False,,3.0,,,,74.0,,,2.0
475000.0,Porto,Maia,Moreira,House,C,,330.0,1.0,True,,1998.0,,,,False,,5.0,,,,326.0,,,3.0
590000.0,Porto,Maia,Águas Santas,House,C,813.0,645.0,2.0,True,,1997.0,,,,False,,3.0,,,,542.0,,,4.0
130000.0,Porto,Lousada,Cernadelo e Lousada (São Miguel e Santa Margarida),House,E,115.0,230.0,3.0,True,,1937.0,,,,False,,2.0,,,,82.0,,,1.0
195000.0,Porto,Marco de Canaveses,Sande e São Lourenço,House,D,202.0,785.0,2.0,True,,1938.0,,,,False,,4.0,,,,186.0,,,6.0
550000.0,Porto,Maia,Moreira,House,D,,1203.0,3.0,True,,1988.0,,,,False,,4.0,,,,428.0,,,7.0
474900.0,Porto,Porto,Paranhos,House,C,,151.0,0.0,False,,1965.0,,,,False,,5.0,,,,273.0,,,3.0
399900.0,Porto,Maia,Castêlo da Maia,House,B-,114.0,234.0,2.0,True,,2003.0,,,,False,,4.0,,,,316.0,,,4.0
790000.0,Porto,Gondomar,"Gondomar (São Cosme), Valbom e Jovim",House,B,650.0,650.0,3.0,True,,1992.0,,,,False,,5.0,,,,420.0,,,3.0
62500.0,Porto,Penafiel,Termas de São Vicente,House,,,1970.0,1.0,True,,1937.0,,,,False,,3.0,,,,75.0,,,2.0
345000.0,Porto,Maia,Castêlo da Maia,House,,209.0,336.0,2.0,True,1st Floor,2012.0,,,,False,,3.0,,,,146.0,,,3.0
345000.0,Porto,Maia,Vila Nova da Telha,House,C,,275.0,2.0,True,,1993.0,,,,False,,4.0,,,,188.0,,,3.0
270000.0,Porto,Vila Nova de Gaia,Canelas,House,C,,372.0,2.0,True,,1970.0,,,,False,,3.0,,,,186.0,,,2.0
345000.0,Porto,Gondomar,"Gondomar (São Cosme), Valbom e Jovim",House,C,71.0,238.0,3.0,True,,1999.0,,,,False,,3.0,,,,158.0,,,6.0
375000.0,Porto,Vila Nova de Gaia,Canelas,House,E,,2800.0,,True,,1978.0,,,,False,,3.0,,,,70.0,,,2.0
398000.0,Porto,Vila Nova de Gaia,São Felix da Marinha,House,F,558.0,2770.0,3.0,True,,1985.0,,,,False,,4.0,,,,174.0,,,4.0
195000.0,Porto,Vila Nova de Gaia,Pedroso e Seixezelo,House,F,,535.0,1.0,True,,1973.0,,,,False,,3.0,,,,150.0,,,2.0
370000.0,Porto,Matosinhos,São Mamede de Infesta e Senhora da Hora,House,C,230.0,446.0,2.0,True,,1970.0,,,,False,,2.0,,,,230.0,,,2.0
245000.0,Porto,Trofa,Bougado (São Martinho e Santiago),House,,180.0,890.0,3.0,True,,1937.0,,,,False,,3.0,,,,180.0,,,0.0
426000.0,Porto,Santo Tirso,"Areias, Sequeiró, Lama e Palmeira",House,A,,296.0,2.0,True,,2019.0,,,,False,,3.0,,,,198.0,,,3.0
259000.0,Porto,Marco de Canaveses,"Várzea, Aliviada e Folhada",House,C,,650.0,1.0,True,,1997.0,,,,False,,3.0,,,,112.0,,,2.0
698000.0,Porto,Vila Nova de Gaia,Arcozelo,House,D,378.0,506.0,2.0,True,,1982.0,,,,False,,4.0,,,,260.0,,,4.0
728000.0,Porto,Matosinhos,Matosinhos e Leça da Palmeira,House,A,179.0,137.0,2.0,True,,2023.0,,,,False,,3.0,,,,137.0,,,3.0
549000.0,Porto,Póvoa de Varzim,Rates,House,A+,312.0,459.0,3.0,True,,,,,,False,,4.0,,,,206.0,,,3.0
68000.0,Porto,Penafiel,Rio Mau,House,,,2232.0,0.0,False,,1957.0,,,,False,,3.0,,,,85.0,,,0.0
560000.0,Porto,Valongo,Alfena,House,C,300.0,1370.0,3.0,True,,2002.0,,,,False,,3.0,,,,220.0,,,3.0
750000.0,Porto,Valongo,Alfena,House,C,300.0,3023.0,3.0,True,,2002.0,,,,False,,3.0,,,,220.0,,,3.0
250000.0,Porto,Amarante,Mancelos,House,A+,188.0,227.0,1.0,True,,2017.0,,,,False,,3.0,,,,147.0,,,6.0
249000.0,Porto,Maia,Pedrouços,House,C,,220.0,1.0,True,,2000.0,,,,False,,3.0,,,,112.0,,,4.0
399900.0,Porto,Trofa,Bougado (São Martinho e Santiago),House,A+,,225.0,2.0,True,,2014.0,,,,False,,3.0,,,,225.0,,,3.0
230000.0,Porto,Maia,Moreira,House,D,90.0,449.0,0.0,False,,1954.0,,,,False,,2.0,,,,91.0,,,1.0
450000.0,Porto,Porto,"Cedofeita, Santo Ildefonso, Sé, Miragaia, São Nicolau e Vitória",House,F,,269.0,2.0,True,,1976.0,,,,False,,3.0,,,,269.0,,,2.0
69900.0,Porto,Penafiel,Luzim e Vila Cova,House,,120.0,90.0,0.0,False,,1949.0,,,,False,,2.0,,,,60.0,,,1.0
450000.0,Porto,Marco de Canaveses,Marco,House,E,232.0,5000.0,1.0,True,,2005.0,,,,False,,3.0,,,,110.0,,,3.0
162000.0,Porto,Vila Nova de Gaia,Oliveira do Douro,House,,,98.0,1.0,True,,1999.0,,,,False,,3.0,,,,115.0,,,1.0
275000.0,Porto,Felgueiras,"Margaride (Santa Eulália), Várzea, Lagares, Varziela e Moure",House,D,,224.0,1.0,True,,1990.0,,,,False,,4.0,,,,264.0,,,2.0
248000.0,Porto,Paredes,Paredes,House,F,,1972.0,3.0,True,,1995.0,,,,False,,3.0,,,,128.0,,,3.0
440000.0,Porto,Gondomar,"Gondomar (São Cosme), Valbom e Jovim",House,B,293.0,261.0,3.0,True,,2018.0,,,,False,,3.0,,,,178.0,,,3.0
549000.0,Porto,Vila Nova de Gaia,Serzedo e Perosinho,House,D,310.0,310.0,2.0,True,,2008.0,,,,False,,3.0,,,,198500.0,,,4.0
249900.0,Porto,Vila Nova de Gaia,Santa Marinha e São Pedro da Afurada,House,C,105.0,93.0,1.0,True,1st Floor,1990.0,,,,False,,2.0,,,,77.0,,,2.0
260000.0,Porto,Baião,Ancede e Ribadouro,House,E,318.0,1000.0,3.0,True,,2003.0,,,,False,,5.0,,,,212.0,,,0.0
315000.0,Porto,Baião,Ancede e Ribadouro,House,E,318.0,1900.0,3.0,True,,2003.0,,,,False,,5.0,,,,212.0,,,0.0
215000.0,Porto,Baião,Gove,House,E,250.0,3900.0,3.0,True,,2006.0,,,,False,,3.0,,,,125.0,,,3.0
220000.0,Porto,Vila Nova de Gaia,Canidelo,House,E,125.0,101.0,0.0,False,1st Floor,1976.0,,,,False,,4.0,,,,101.0,,,2.0
298000.0,Porto,Felgueiras,"Margaride (Santa Eulália), Várzea, Lagares, Varziela e Moure",House,,,370.0,2.0,True,,,,,,False,,3.0,,,,186.0,,,2.0
79000.0,Porto,Marco de Canaveses,Penhalonga e Paços de Gaiolo,House,F,,1578.0,0.0,False,,1937.0,,,,False,,4.0,,,,124.0,,,1.0
379000.0,Porto,Póvoa de Varzim,"Póvoa de Varzim, Beiriz e Argivai",House,A,155.0,138.0,2.0,True,,2017.0,,,,False,,2.0,,,,138.0,,,3.0
399000.0,Porto,Matosinhos,São Mamede de Infesta e Senhora da Hora,House,D,400.0,560.0,2.0,True,,1964.0,,,,False,,4.0,,,,321.0,,,4.0
129000.0,Porto,Penafiel,Abragão,House,F,,225.0,2.0,True,,1975.0,,,,False,,3.0,,,,112.0,,,2.0
249500.0,Porto,Lousada,"Cristelos, Boim e Ordem",House,F,340.0,670.0,1.0,True,,1984.0,,,,False,,4.0,,,,210.0,,,4.0
51656.0,Porto,Gondomar,Melres e Medas,House,E,,430.0,2.0,True,,1970.0,,,,False,,2.0,,,,130.0,,,1.0
750000.0,Porto,Penafiel,Penafiel,House,C,,3600.0,0.0,False,,1950.0,,,,False,,4.0,,,,285.0,,,2.0
580000.0,Porto,Gondomar,"Gondomar (São Cosme), Valbom e Jovim",House,A,,528.0,1.0,True,,,,,,False,,4.0,,,,384.0,,,6.0
265000.0,Porto,Vila Nova de Gaia,Grijó e Sermonde,House,C,,290.0,,True,,2023.0,,,,False,,4.0,,,,180.0,,,3.0
225000.0,Porto,Baião,Baião (Santa Leocádia) e Mesquinhata,House,F,,2030.0,1.0,True,,1937.0,,,,False,,2.0,,,,183.0,,,3.0
395000.0,Porto,Póvoa de Varzim,"Póvoa de Varzim, Beiriz e Argivai",House,,374.0,215.0,2.0,True,Ground Floor,2003.0,,,,False,,5.0,,,,374.0,,,4.0
750000.0,Porto,Valongo,Ermesinde,House,E,757.0,1800.0,3.0,True,,1988.0,,,,False,,5.0,,,,757.0,,,6.0
450000.0,Porto,Vila do Conde,Vila do Conde,House,E,,162.0,0.0,False,,1977.0,,,,False,,4.0,,,,162.0,,,2.0
140000.0,Porto,Matosinhos,"Perafita, Lavra e Santa Cruz do Bispo",House,,,287.0,0.0,False,,1951.0,,,,False,,3.0,,,,75.0,,,1.0
430000.0,Porto,Vila do Conde,Vila do Conde,House,,295.0,141.0,1.0,True,,1992.0,,,,False,,5.0,,,,240.0,,,5.0
299000.0,Porto,Gondomar,"Gondomar (São Cosme), Valbom e Jovim",House,D,179.0,495.0,3.0,True,,2004.0,,,,False,,3.0,,,,157.0,,,3.0
390000.0,Porto,Vila Nova de Gaia,Arcozelo,House,D,354.0,520.0,3.0,True,,1992.0,,,,False,,4.0,,,,270.0,,,4.0
398500.0,Porto,Matosinhos,"Custóias, Leça do Balio e Guifões",House,D,,246.0,1.0,True,,1982.0,,,,False,,4.0,,,,246.0,,,3.0
575000.0,Porto,Maia,Pedrouços,House,C,242.0,123.0,2.0,True,,2002.0,,,,False,,4.0,,,,175.0,,,4.0
300000.0,Porto,Matosinhos,São Mamede de Infesta e Senhora da Hora,House,D,310.0,235.0,2.0,True,,1972.0,,,,False,,4.0,,,,111.0,,,2.0
162500.0,Porto,Gondomar,Fânzeres e São Pedro da Cova,House,E,76.0,75.0,0.0,False,,1971.0,,,,False,,1.0,,,,75.0,,,1.0
365000.0,Porto,Vila do Conde,Vila Chã,House,A,221.0,286.0,2.0,True,,2008.0,,,,False,,3.0,,,,152.0,,,3.0
290000.0,Porto,Trofa,Coronado (São Romão e São Mamede),House,C,,140.0,2.0,True,,1999.0,,,,False,,3.0,,,,140.0,,,4.0
470000.0,Porto,Vila Nova de Gaia,Mafamude e Vilar do Paraíso,House,C,220.0,275.0,2.0,True,,1964.0,,,,False,,3.0,,,,96.0,,,4.0
199500.0,Porto,Vila Nova de Gaia,Gulpilhares e Valadares,House,,806.0,806.0,0.0,False,Ground Floor,1941.0,,,,False,,4.0,,,,238.0,,,2.0
245000.0,Porto,Paredes,Rebordosa,House,B-,,206.0,2.0,True,,2009.0,,,,False,,3.0,,,,148.0,,,3.0
89000.0,Porto,Penafiel,Penafiel,House,,,283.0,0.0,False,,1960.0,,,,False,,2.0,,,,62.0,,,1.0
195000.0,Porto,Santo Tirso,"Santo Tirso, Couto (Santa Cristina e São Miguel) e Burgães",House,,,1600.0,0.0,False,,1988.0,,,,False,,2.0,,,,58.0,,,0.0
550000.0,Porto,Paços de Ferreira,Freamunde,House,D,,700.0,1.0,True,,2006.0,,,,False,,8.0,,,,380.0,,,5.0
270000.0,Porto,Amarante,Fregim,House,C,,450.0,1.0,True,,2014.0,,,,False,,3.0,,,,1227.0,,,2.0
154900.0,Porto,Valongo,Campo e Sobrado,House,E,72.0,102.0,0.0,False,,1937.0,,,,False,,2.0,,,,72.0,,,2.0
58500.0,Porto,Gondomar,"Gondomar (São Cosme), Valbom e Jovim",House,,151.0,307.0,0.0,False,,1951.0,,,,False,,1.0,,,,94.0,,,1.0
265000.0,Porto,Penafiel,Fonte Arcada,House,D,,674.0,0.0,False,,1989.0,,,,False,,3.0,,,,106.0,,,0.0
75000.0,Porto,Maia,Castêlo da Maia,House,E,,153.0,0.0,False,,1964.0,,,,False,,2.0,,,,60.0,,,1.0
86500.0,Porto,Lousada,Sousela,House,F,,809.0,0.0,False,,1971.0,,,,False,,3.0,,,,58.0,,,0.0
35000.0,Porto,Marco de Canaveses,Vila Boa do Bispo,House,,,808.0,0.0,False,,1937.0,,,,False,,2.0,,,,96.0,,,1.0
181000.0,Porto,Santo Tirso,"Areias, Sequeiró, Lama e Palmeira",House,,234.0,713.0,3.0,True,,1992.0,,,,False,,3.0,,,,117.0,,,1.0
350000.0,Porto,Trofa,Coronado (São Romão e São Mamede),House,D,,4800.0,2.0,True,,1993.0,,,,False,,5.0,,,,183.0,,,3.0
245000.0,Porto,Gondomar,Baguim do Monte,House,E,177.0,188.0,2.0,True,,1998.0,,,,False,,3.0,,,,118.0,,,3.0
140000.0,Porto,Porto,Campanhã,House,,166.0,166.0,0.0,False,,1951.0,,,,False,,3.0,,,,60.0,,,2.0
250000.0,Porto,Santo Tirso,Vila Nova do Campo,House,F,80.0,80.0,0.0,False,,1938.0,,,,False,,3.0,,,,80.0,,,1.0
280000.0,Porto,Santo Tirso,Aves,House,D,224.0,536.0,2.0,True,,1982.0,,,,False,,3.0,,,,224.0,,,2.0
199000.0,Porto,Felgueiras,"Margaride (Santa Eulália), Várzea, Lagares, Varziela e Moure",House,D,,121.0,1.0,True,,1987.0,,,,False,,3.0,,,,233.0,,,2.0
380000.0,Porto,Gondomar,Fânzeres e São Pedro da Cova,House,D,336.0,432.0,1.0,True,,2002.0,,,,False,,3.0,,,,192.0,,,5.0
750000.0,Porto,Porto,Campanhã,House,E,246.0,206.0,3.0,True,,1980.0,,,,False,,3.0,,,,206.0,,,6.0
345000.0,Porto,Gondomar,"Gondomar (São Cosme), Valbom e Jovim",House,E,,270.0,2.0,True,,1976.0,,,,False,,5.0,,,,212.0,,,3.0
289500.0,Porto,Penafiel,Paço de Sousa,House,B-,,310.0,2.0,True,,2008.0,,,,False,,3.0,,,,167.0,,,3.0
430000.0,Porto,Amarante,"Amarante (São Gonçalo), Madalena, Cepelos e Gatão",House,D,389.0,603.0,2.0,True,,2000.0,,,,False,,4.0,,,,240.0,,,3.0
205000.0,Porto,Felgueiras,"Margaride (Santa Eulália), Várzea, Lagares, Varziela e Moure",House,B,,252.0,1.0,True,,2015.0,,,,False,,3.0,,,,189.0,,,2.0
890000.0,Porto,Matosinhos,"Perafita, Lavra e Santa Cruz do Bispo",House,B-,317.0,441.0,2.0,True,,2022.0,,,,False,,4.0,,,,251.0,,,5.0
650000.0,Porto,Vila Nova de Gaia,Pedroso e Seixezelo,House,D,340.0,1088.0,3.0,True,,1995.0,,,,False,,4.0,,,,340.0,,,7.0
395000.0,Porto,Marco de Canaveses,Sande e São Lourenço,House,D,,1800.0,3.0,True,,2006.0,,,,False,,3.0,,,,380.0,,,3.0
648900.0,Porto,Matosinhos,"Perafita, Lavra e Santa Cruz do Bispo",House,E,163.0,188.0,1.0,True,,1988.0,,,,False,,4.0,,,,140.0,,,3.0
215000.0,Porto,Paços de Ferreira,Ferreira,House,F,225.0,600.0,1.0,True,,2002.0,,,,False,,3.0,,,,110.0,,,2.0
135000.0,Porto,Vila Nova de Gaia,Oliveira do Douro,House,C,,164.0,1.0,True,,1985.0,,,,False,,2.0,,,,46.0,,,1.0
218000.0,Porto,Penafiel,Rio Mau,House,B-,,126.0,2.0,True,,1997.0,,,,False,,3.0,,,,154.0,,,3.0
66500.0,Porto,Felgueiras,Jugueiros,House,F,,127.0,0.0,False,,1954.0,,,,False,,2.0,,,,83.0,,,1.0
315000.0,Porto,Maia,São Pedro Fins,House,C,405.0,356.0,2.0,True,,1996.0,,,,False,,4.0,,,,270.0,,,3.0
499000.0,Porto,Vila Nova de Gaia,Santa Marinha e São Pedro da Afurada,House,C,,225.0,0.0,False,,1957.0,,,,False,,4.0,,,,160.0,,,3.0
320000.0,Porto,Valongo,Ermesinde,House,,178.0,219.0,1.0,True,,1961.0,,,,False,,4.0,,,,178.0,,,3.0
178000.0,Porto,Vila Nova de Gaia,Arcozelo,House,E,130.0,84.0,1.0,True,,1951.0,,,,False,,2.0,,,,60.0,,,1.0
155000.0,Porto,Porto,Paranhos,House,,,65.0,0.0,False,,1937.0,,,,False,,1.0,,,,45.0,,,1.0
155000.0,Porto,Porto,Paranhos,House,,,65.0,0.0,False,,1937.0,,,,False,,1.0,,,,45.0,,,1.0
285000.0,Porto,Paços de Ferreira,Freamunde,House,B-,,175.0,2.0,True,,2019.0,,,,False,,3.0,,,,262.0,,,4.0
285000.0,Porto,Matosinhos,São Mamede de Infesta e Senhora da Hora,House,D,,198.0,0.0,False,,1951.0,,,,False,,4.0,,,,184.0,,,3.0
205000.0,Porto,Vila Nova de Gaia,Pedroso e Seixezelo,House,E,,160.0,1.0,True,,1951.0,,,,False,,3.0,,,,94.0,,,1.0
350000.0,Porto,Santo Tirso,"Santo Tirso, Couto (Santa Cristina e São Miguel) e Burgães",House,D,238.0,374.0,2.0,True,,1960.0,,,,False,,5.0,,,,208.0,,,3.0
89000.0,Porto,Penafiel,Boelhe,House,F,,246.0,0.0,False,,1937.0,,,,False,,3.0,,,,128.0,,,2.0
99000.0,Porto,Vila Nova de Gaia,Gulpilhares e Valadares,House,E,,155.0,0.0,False,,1956.0,,,,False,,2.0,,,,56.0,,,1.0
320000.0,Porto,Vila do Conde,Vila Chã,House,,229.0,368.0,1.0,True,,1989.0,,,,False,,3.0,,,,185.0,,,3.0
69900.0,Porto,Felgueiras,Vila Fria e Vizela (São Jorge),House,,,865.0,0.0,False,,1986.0,,,,False,,1.0,,,,73.0,,,0.0
379500.0,Porto,Gondomar,Rio Tinto,House,D,324.0,260.0,3.0,True,,1988.0,,,,False,,6.0,,,,196.0,,,4.0
250000.0,Porto,Vila Nova de Gaia,Gulpilhares e Valadares,House,E,,895.0,0.0,False,,1956.0,,,,False,,1.0,,,,102.0,,,1.0
220000.0,Porto,Vila Nova de Gaia,Canidelo,House,D,,69.0,0.0,False,1st Floor,1980.0,,,,False,,2.0,,,,69.0,,,1.0
350000.0,Porto,Póvoa de Varzim,"Póvoa de Varzim, Beiriz e Argivai",House,E,187.0,208.0,1.0,True,,1984.0,,,,False,,3.0,,,,150.0,,,3.0
350000.0,Porto,Porto,Campanhã,House,B-,208.0,300.0,1.0,True,,1939.0,,,,False,,4.0,,,,151.0,,,2.0
172000.0,Porto,Gondomar,"Gondomar (São Cosme), Valbom e Jovim",House,D,97.0,97.0,0.0,False,,1988.0,,,,False,,3.0,,,,97.0,,,2.0
68000.0,Porto,Amarante,Freixo de Cima e de Baixo,House,F,,221.0,0.0,False,,1937.0,,,,False,,2.0,,,,131.0,,,1.0
990000.0,Porto,Porto,"Cedofeita, Santo Ildefonso, Sé, Miragaia, São Nicolau e Vitória",House,E,269.0,467.0,3.0,True,,1930.0,,,,False,,7.0,,,,166.0,,,4.0
499000.0,Porto,Matosinhos,Matosinhos e Leça da Palmeira,House,F,,312.0,0.0,False,,1937.0,,,,False,,4.0,,,,101.0,,,3.0
110000.0,Porto,Matosinhos,"Perafita, Lavra e Santa Cruz do Bispo",House,,82.0,450.0,0.0,False,,1994.0,,,,False,,3.0,,,,82.0,,,1.0
177000.0,Porto,Paredes,Duas Igrejas,House,E,,201.0,2.0,True,,2003.0,,,,False,,3.0,,,,201.0,,,3.0
95000.0,Porto,Vila Nova de Gaia,Oliveira do Douro,House,,79.0,44.0,0.0,False,,1950.0,,,,False,,2.0,,,,44.0,,,2.0
44900.0,Porto,Baião,Ancede e Ribadouro,House,,,453.0,0.0,False,,1937.0,,,,False,,2.0,,,,52.0,,,1.0
749000.0,Porto,Vila do Conde,Labruge,House,C,401.0,1215.0,0.0,False,,2009.0,,,,False,,3.0,,,,306.0,,,5.0
249900.0,Porto,Santo Tirso,Aves,House,,274.0,902.0,2.0,True,,1963.0,,,,False,,4.0,,,,212.0,,,3.0
110000.0,Porto,Santo Tirso,Aves,House,,97.0,1165.0,2.0,True,,1984.0,,,,False,,2.0,,,,69.0,,,1.0
750000.0,Porto,Amarante,"Amarante (São Gonçalo), Madalena, Cepelos e Gatão",House,C,1046.0,10000.0,2.0,True,,1998.0,,,,False,,4.0,,,,332.0,,,6.0
61500.0,Porto,Paredes,Vandoma,House,G,,220.0,0.0,False,,1988.0,,,,False,,2.0,,,,80.0,,,1.0
430000.0,Porto,Porto,Bonfim,House,E,,122.0,0.0,False,,1937.0,,,,False,,4.0,,,,171.0,,,2.0
195000.0,Porto,Paços de Ferreira,Carvalhosa,House,C,,185.0,1.0,True,,2001.0,,,,False,,3.0,,,,174.0,,,2.0
775000.0,Porto,Porto,"Aldoar, Foz do Douro e Nevogilde",House,A,230.0,141.0,2.0,True,,,,,,False,,3.0,,,,141.0,,,4.0
925000.0,Porto,Matosinhos,"Perafita, Lavra e Santa Cruz do Bispo",House,,,461.0,2.0,True,,,,,,False,,3.0,,,,240.0,,,3.0
590000.0,Porto,Póvoa de Varzim,Balazar,House,A+,,238.0,2.0,True,,2007.0,,,,False,,3.0,,,,500.0,,,4.0
160900.0,Porto,Trofa,Bougado (São Martinho e Santiago),House,,,70.0,0.0,False,,1998.0,,,,False,,3.0,,,,76.0,,,1.0
115000.0,Porto,Penafiel,Boelhe,House,E,,7000.0,0.0,False,,2018.0,,,,False,,1.0,,,,140.0,,,0.0
110000.0,Porto,Penafiel,Penafiel,House,F,59.0,359.0,0.0,False,,1937.0,,,,False,,2.0,,,,33.0,,,2.0
750000.0,Porto,Amarante,Telões,House,A,,555.0,3.0,True,,2005.0,,,,False,,6.0,,,,555.0,,,6.0
70000.0,Porto,Amarante,Freixo de Cima e de Baixo,House,,,3114.0,1.0,True,,1937.0,,,,False,,2.0,,,,52.0,,,1.0
319000.0,Porto,Póvoa de Varzim,"Aver-o-Mar, Amorim e Terroso",House,C,234.0,466.0,1.0,True,,1995.0,,,,False,,4.0,,,,194.0,,,2.0
770000.0,Porto,Paços de Ferreira,Freamunde,House,C,,700.0,3.0,True,,2003.0,,,,False,,3.0,,,,238.0,,,4.0
129000.0,Porto,Penafiel,Capela,House,,,1310.0,0.0,False,,1988.0,,,,False,,5.0,,,,270.0,,,0.0
215000.0,Porto,Lousada,Meinedo,House,E,,433.0,3.0,True,,2016.0,,,,False,,4.0,,,,254.0,,,3.0
350000.0,Porto,Amarante,"Amarante (São Gonçalo), Madalena, Cepelos e Gatão",House,E,318.0,690.0,2.0,True,,1971.0,,,,False,,4.0,,,,286.0,,,4.0
135000.0,Porto,Porto,Campanhã,House,,,33.0,0.0,False,Ground Floor,1935.0,,,,True,,1.0,,,,33.0,,,1.0
160000.0,Porto,Matosinhos,"Perafita, Lavra e Santa Cruz do Bispo",House,,,46.0,0.0,False,,1937.0,,,,False,,1.0,,,,26.0,,,1.0
155000.0,Porto,Matosinhos,"Perafita, Lavra e Santa Cruz do Bispo",House,,,27.0,0.0,False,,1937.0,,,,False,,1.0,,,,27.0,,,1.0
90000.0,Porto,Porto,"Cedofeita, Santo Ildefonso, Sé, Miragaia, São Nicolau e Vitória",House,E,,27.0,0.0,False,Ground Floor,1950.0,,,,False,,2.0,,,,27.0,,,1.0
145000.0,Porto,Lousada,Nespereira e Casais,House,C,,270.0,1.0,True,,1963.0,,,,False,,2.0,,,,190.0,,,1.0
265000.0,Porto,Santo Tirso,"Santo Tirso, Couto (Santa Cristina e São Miguel) e Burgães",House,D,171.0,550.0,2.0,True,,1989.0,,,,False,,3.0,,,,113.0,,,2.0
427500.0,Porto,Matosinhos,"Custóias, Leça do Balio e Guifões",House,D,196.0,285.0,1.0,True,,1987.0,,,,False,,5.0,,,,135.0,,,4.0
150000.0,Porto,Matosinhos,"Perafita, Lavra e Santa Cruz do Bispo",House,,,22.0,0.0,False,,1937.0,,,,False,,1.0,,,,22.0,,,1.0
150000.0,Porto,Matosinhos,"Perafita, Lavra e Santa Cruz do Bispo",House,,,65.0,0.0,False,,1937.0,,,,False,,1.0,,,,45.0,,,1.0
150000.0,Porto,Matosinhos,"Perafita, Lavra e Santa Cruz do Bispo",House,,,65.0,0.0,False,,1937.0,,,,False,,1.0,,,,45.0,,,1.0
85000.0,Porto,Baião,Santa Cruz do Douro e São Tomé de Covelas,House,F,,85.0,0.0,False,,1937.0,,,,False,,2.0,,,,85.0,,,0.0
155000.0,Porto,Matosinhos,"Perafita, Lavra e Santa Cruz do Bispo",House,,,24.0,0.0,False,,1937.0,,,,False,,1.0,,,,24.0,,,1.0
155000.0,Porto,Matosinhos,"Perafita, Lavra e Santa Cruz do Bispo",House,,,41.0,0.0,False,,1937.0,,,,False,,1.0,,,,41.0,,,1.0
499000.0,Porto,Póvoa de Varzim,Balazar,House,,,690.0,0.0,False,,1937.0,,,,False,,3.0,,,,290.0,,,2.0
190000.0,Porto,Matosinhos,"Perafita, Lavra e Santa Cruz do Bispo",House,,,42.0,0.0,False,,1937.0,,,,False,,1.0,,,,60.0,,,1.0
165000.0,Porto,Matosinhos,"Perafita, Lavra e Santa Cruz do Bispo",House,,,35.0,0.0,False,,1937.0,,,,False,,1.0,,,,35.0,,,1.0
165000.0,Porto,Matosinhos,"Perafita, Lavra e Santa Cruz do Bispo",House,,,50.0,0.0,False,,1937.0,,,,False,,1.0,,,,50.0,,,1.0
290000.0,Porto,Porto,Bonfim,House,F,,144.0,0.0,False,,1966.0,,,,False,,3.0,,,,156.0,,,3.0
165000.0,Porto,Matosinhos,"Perafita, Lavra e Santa Cruz do Bispo",House,,,44.0,0.0,False,,1937.0,,,,False,,1.0,,,,48.0,,,1.0
195000.0,Porto,Matosinhos,Matosinhos e Leça da Palmeira,House,,,78.0,0.0,False,,1937.0,,,,False,,2.0,,,,78.0,,,1.0
195000.0,Porto,Valongo,Valongo,House,E,170.0,280.0,2.0,True,,1937.0,,,,False,,2.0,,,,170.0,,,1.0
230000.0,Porto,Valongo,Valongo,House,,136.0,270.0,1.0,True,,1937.0,,,,False,,3.0,,,,136.0,,,1.0
350000.0,Porto,Gondomar,Fânzeres e São Pedro da Cova,House,,170.0,296.0,1.0,True,,,,,,False,,3.0,,,,170.0,,,2.0
111100.0,Porto,Amarante,Gondar,House,E,232.0,480.0,0.0,False,,2004.0,,,,False,,4.0,,,,232.0,,,3.0
210000.0,Porto,Vila Nova de Gaia,Pedroso e Seixezelo,House,D,154.0,190.0,1.0,True,1st Floor,1976.0,,,,False,,3.0,,,,103.0,,,2.0
95000.0,Porto,Baião,Loivos do Monte,House,,,73.0,0.0,False,,1958.0,,,,False,,2.0,,,,146.0,,,1.0
380000.0,Porto,Gondomar,Fânzeres e São Pedro da Cova,House,D,349.0,180.0,2.0,True,,1998.0,,,,False,,4.0,,,,207.0,,,3.0
598000.0,Porto,Vila do Conde,Vilar de Pinheiro,House,B-,565.0,684.0,3.0,True,,1987.0,,,,False,,5.0,,,,472.0,,,7.0
279900.0,Porto,Vila Nova de Gaia,Canidelo,House,D,52.0,142.0,0.0,False,,1964.0,,,,False,,2.0,,,,52.0,,,1.0
88000.0,Porto,Paredes,Baltar,House,E,193.0,232.0,1.0,True,,1988.0,,,,False,,2.0,,,,126.0,,,1.0
795000.0,Porto,Matosinhos,"Perafita, Lavra e Santa Cruz do Bispo",House,B-,260.0,674.0,3.0,True,,1990.0,,,,False,,4.0,,,,210.0,,,3.0
149900.0,Porto,Paredes,Parada de Todeia,House,F,,132.0,1.0,True,,2003.0,,,,False,,3.0,,,,152.0,,,2.0
298000.0,Porto,Vila do Conde,Vila Chã,House,E,,144.0,1.0,True,,1977.0,,,,False,,3.0,,,,144.0,,,2.0
150000.0,Porto,Santo Tirso,Agrela,House,F,53.0,463.0,0.0,False,,1992.0,,,,False,,2.0,,,,463.0,,,1.0
528000.0,Porto,Matosinhos,"Custóias, Leça do Balio e Guifões",House,B,,350.0,3.0,True,,2004.0,,,,False,,4.0,,,,239.0,,,5.0
55000.0,Porto,Lousada,"Silvares, Pias, Nogueira e Alvarenga",House,,,302.0,0.0,False,Ground Floor,1993.0,,,,False,,3.0,,,,58.0,,,2.0
96000.0,Porto,Felgueiras,Vila Fria e Vizela (São Jorge),House,,347.0,4221.0,0.0,False,,1965.0,,,,False,,8.0,,,,167.0,,,2.0
85000.0,Porto,Baião,Gestaçô,House,F,,9396.0,3.0,True,,1969.0,,,,False,,3.0,,,,136.0,,,1.0
165000.0,Porto,Valongo,Ermesinde,House,E,269.0,331.0,0.0,False,,1965.0,,,,False,,3.0,,,,269.0,,,3.0
125000.0,Porto,Vila Nova de Gaia,Santa Marinha e São Pedro da Afurada,House,F,,128.0,0.0,False,,1986.0,,,,False,,3.0,,,,128.0,,,2.0
30000.0,Porto,Baião,Gestaçô,House,,,126.0,1.0,True,,1937.0,,,,False,,3.0,,,,126.0,,,2.0
890000.0,Porto,Porto,"Aldoar, Foz do Douro e Nevogilde",House,D,,245.0,0.0,False,,1950.0,,,,False,,4.0,,,,254.0,,,3.0
192500.0,Porto,Amarante,"Vila Garcia, Aboim e Chapa",House,A,,125.0,3.0,True,,2005.0,,,,False,,3.0,,,,189.0,,,3.0
695003.0,Porto,Vila Nova de Gaia,Canidelo,House,A,181.0,145.0,2.0,True,,,,,,False,,3.0,,,,145.0,,,4.0
470000.0,Porto,Gondomar,Rio Tinto,House,,,2061.0,0.0,False,,1939.0,,,,False,,9.0,,,,2061.0,,,9.0
45000.0,Porto,Baião,Valadares,House,,,1457.0,2.0,True,,1937.0,,,,False,,2.0,,,,114.0,,,0.0
88000.0,Porto,Vila Nova de Gaia,"Sandim, Olival, Lever e Crestuma",House,,,176.0,0.0,False,,1937.0,,,,False,,2.0,,,,523.0,,,1.0
250000.0,Porto,Amarante,Travanca,House,B,,204.0,2.0,True,,2022.0,,,,False,,3.0,,,,204.0,,,3.0
165000.0,Porto,Baião,Frende,House,,,2100.0,3.0,True,,2005.0,,,,False,,3.0,,,,265.0,,,0.0
350000.0,Porto,Trofa,Coronado (São Romão e São Mamede),House,D,272.0,154.0,3.0,True,,2006.0,,,,False,,3.0,,,,272.0,,,4.0
250000.0,Porto,Vila Nova de Gaia,Gulpilhares e Valadares,House,E,128.0,307.0,1.0,True,,1967.0,,,,False,,2.0,,,,128.0,,,3.0
350000.0,Porto,Felgueiras,"Margaride (Santa Eulália), Várzea, Lagares, Varziela e Moure",House,C,322.0,432.0,1.0,True,,2007.0,,,,False,,4.0,,,,234.0,,,0.0
700000.0,Porto,Gondomar,"Gondomar (São Cosme), Valbom e Jovim",House,D,,621.0,3.0,True,,1927.0,,,,False,,6.0,,,,621.0,,,4.0
75000.0,Porto,Baião,Teixeira e Teixeiró,House,F,153.0,1636.0,1.0,True,,1972.0,,,,False,,4.0,,,,76.0,,,1.0
235000.0,Porto,Gondomar,"Gondomar (São Cosme), Valbom e Jovim",House,F,,100.0,1.0,True,,1986.0,,,,False,,2.0,,,,70.0,,,1.0
129000.0,Porto,Porto,Paranhos,House,,,169.0,2.0,True,,1951.0,,,,False,,1.0,,,,55.0,,,1.0
140000.0,Porto,Paredes,Baltar,House,E,93.0,214.0,2.0,True,1st Floor,1993.0,,,,False,,3.0,,,,141.0,,,2.0
998783.0,Porto,Vila Nova de Gaia,Canidelo,House,A,245.0,184.0,2.0,True,,,,,,False,,3.0,,,,184.0,,,4.0
906606.0,Porto,Vila Nova de Gaia,Canidelo,House,,222.0,180.0,2.0,True,,,,,,False,,3.0,,,,180.0,,,4.0
994919.0,Porto,Vila Nova de Gaia,Canidelo,House,A,293.0,207.0,2.0,True,,,,,,False,,3.0,,,,207.0,,,3.0
375000.0,Porto,Felgueiras,Pinheiro,House,D,,960.0,3.0,True,,1995.0,,,,False,,5.0,,,,400.0,,,3.0
385000.0,Porto,Vila do Conde,Vilar e Mosteiró,House,A+,340.0,340.0,2.0,True,,2023.0,,,,False,,3.0,,,,218.0,,,3.0
439000.0,Porto,Valongo,Valongo,House,E,324.0,378.0,2.0,True,,2003.0,,,,False,,3.0,,,,216.0,,,3.0
99500.0,Porto,Santo Tirso,São Tomé Negrelos,House,E,75.0,75.0,0.0,False,1st Floor,1985.0,,,,False,,2.0,,,,75.0,,,1.0
890000.0,Porto,Porto,Ramalde,House,B-,342.0,268.0,2.0,True,,2009.0,,,,False,,5.0,,,,268.0,,,5.0
69000.0,Porto,Marco de Canaveses,Marco,House,,,278.0,0.0,False,,1937.0,,,,False,,2.0,,,,186.0,,,1.0
222500.0,Porto,Felgueiras,Sendim,House,,,492.0,2.0,True,,1981.0,,,,False,,3.0,,,,2121.0,,,3.0
379000.0,Porto,Felgueiras,Vila Cova da Lixa e Borba de Godim,House,B,,409.0,3.0,True,,,,,,False,,3.0,,,,279.0,,,5.0
395000.0,Porto,Gondomar,Fânzeres e São Pedro da Cova,House,B,218.0,1062.0,3.0,True,,1994.0,,,,False,,2.0,,,,198.0,,,3.0
365000.0,Porto,Felgueiras,Vila Cova da Lixa e Borba de Godim,House,B,,327.0,3.0,True,,,,,,False,,3.0,,,,244.0,,,5.0
295000.0,Porto,Gondomar,Rio Tinto,House,E,,306.0,3.0,True,,1985.0,,,,False,,4.0,,,,117.0,,,3.0
335000.0,Porto,Maia,Cidade da Maia,House,D,207.0,166.0,1.0,True,,1980.0,,,,False,,4.0,,,,165.0,,,2.0
149500.0,Porto,Santo Tirso,"Santo Tirso, Couto (Santa Cristina e São Miguel) e Burgães",House,,,100.0,0.0,False,,1988.0,,,,False,,3.0,,,,47.0,,,2.0
890000.0,Porto,Póvoa de Varzim,"Aver-o-Mar, Amorim e Terroso",House,,270.0,1360.0,3.0,True,,2002.0,,,,False,,6.0,,,,270.0,,,4.0
360000.0,Porto,Matosinhos,São Mamede de Infesta e Senhora da Hora,House,,168.0,338.0,0.0,False,,1969.0,,,,False,,6.0,,,,140.0,,,3.0
275000.0,Porto,Maia,Castêlo da Maia,House,F,,259.0,0.0,False,,1950.0,,,,False,,3.0,,,,177.0,,,3.0
292000.0,Porto,Gondomar,Rio Tinto,House,,184.0,542.0,1.0,True,,1970.0,,,,False,,4.0,,,,183.0,,,2.0
390000.0,Porto,Felgueiras,Friande,House,B-,,205.0,3.0,True,,1937.0,,,,False,,3.0,,,,195.0,,,3.0
330000.0,Porto,Gondomar,"Gondomar (São Cosme), Valbom e Jovim",House,D,238.0,177.0,1.0,True,,2007.0,,,,False,,3.0,,,,177.0,,,3.0
424900.0,Porto,Vila Nova de Gaia,Gulpilhares e Valadares,House,A,311.0,205.0,2.0,True,,2007.0,,,,False,,5.0,,,,188.0,,,4.0
87000.0,Porto,Felgueiras,"Margaride (Santa Eulália), Várzea, Lagares, Varziela e Moure",House,G,,57.0,0.0,False,,1965.0,,,,False,,2.0,,,,66.0,,,1.0
369900.0,Porto,Vila Nova de Gaia,Canidelo,House,D,,560.0,1.0,True,,1978.0,,,,False,,3.0,,,,104.0,,,1.0
449000.0,Porto,Matosinhos,Matosinhos e Leça da Palmeira,House,D,280.0,280.0,0.0,False,,1991.0,,,,False,,3.0,,,,120.0,,,3.0
375000.0,Porto,Porto,Campanhã,House,,,300.0,0.0,False,,1986.0,,,,False,,5.0,,,,300.0,,,2.0
418000.0,Porto,Gondomar,"Gondomar (São Cosme), Valbom e Jovim",House,C,,335.0,3.0,True,,2008.0,,,,False,,4.0,,,,208.0,,,4.0
32500.0,Porto,Baião,Santa Marinha do Zêzere,House,,,54.0,0.0,False,,1956.0,,,,False,,3.0,,,,123.0,,,1.0
530000.0,Porto,Santo Tirso,Vila Nova do Campo,House,C,400.0,4240.0,3.0,True,,1995.0,,,,False,,4.0,,,,210.0,,,4.0
375000.0,Porto,Felgueiras,Vila Verde e Santão,House,D,,340.0,1.0,True,,1980.0,,,,False,,6.0,,,,340.0,,,3.0
160000.0,Porto,Penafiel,São Martinho Recezinhos,House,F,,1146.0,0.0,False,,1937.0,,,,False,,2.0,,,,145.0,,,1.0
259000.0,Porto,Paredes,Cete,House,D,,520.0,2.0,True,,2001.0,,,,False,,3.0,,,,246.0,,,3.0
547000.0,Porto,Penafiel,Croca,House,,390.0,851.0,2.0,True,,1996.0,,,,False,,3.0,,,,238.0,,,3.0
799000.0,Porto,Vila Nova de Gaia,Gulpilhares e Valadares,House,C,390.0,1243.0,3.0,True,,1992.0,,,,False,,4.0,,,,390.0,,,6.0
235000.0,Porto,Matosinhos,Matosinhos e Leça da Palmeira,House,F,237.0,246.0,1.0,True,,1988.0,,,,False,,6.0,,,,200.0,,,3.0
285000.0,Porto,Maia,Vila Nova da Telha,House,C,,220.0,1.0,True,,1993.0,,,,False,,4.0,,,,142.0,,,2.0
475000.0,Porto,Vila Nova de Gaia,Santa Marinha e São Pedro da Afurada,House,C,202.0,238.0,0.0,False,,2004.0,,,,False,,2.0,,,,192.0,,,2.0
130000.0,Porto,Baião,Gestaçô,House,D,280.0,900.0,1.0,True,,1995.0,,,,False,,3.0,,,,140.0,,,1.0
60000.0,Porto,Amarante,Freixo de Cima e de Baixo,House,F,,53.0,0.0,False,,1967.0,,,,False,,2.0,,,,260.0,,,0.0
175000.0,Porto,Paredes,Lordelo,House,E,,550.0,3.0,True,,2003.0,,,,False,,3.0,,,,320.0,,,2.0
229000.0,Porto,Matosinhos,"Custóias, Leça do Balio e Guifões",House,F,,200.0,0.0,False,1st Floor,1982.0,,,,False,,3.0,,,,200.0,,,3.0
800000.0,Porto,Matosinhos,Matosinhos e Leça da Palmeira,House,A,,223.0,2.0,True,,2023.0,,,,False,,2.0,,,,222.0,,,2.0
320000.0,Porto,Felgueiras,Pombeiro de Ribavizela,House,F,458.0,8055.0,3.0,True,,1951.0,,,,False,,4.0,,,,450.0,,,2.0
225000.0,Porto,Felgueiras,Pombeiro de Ribavizela,House,D,,800.0,2.0,True,,1995.0,,,,False,,3.0,,,,160.0,,,2.0
800000.0,Porto,Penafiel,Penafiel,House,A,391.0,860.0,2.0,True,,2015.0,,,,False,,3.0,,,,278.0,,,4.0
66900.0,Porto,Paredes,Cete,House,,,617.0,2.0,True,,1980.0,,,,False,,3.0,,,,113.0,,,2.0
75000.0,Porto,Baião,Teixeira e Teixeiró,House,F,153.0,1636.0,1.0,True,,1972.0,,,,False,,4.0,,,,76.0,,,1.0
234000.0,Porto,Vila Nova de Gaia,Santa Marinha e São Pedro da Afurada,House,E,,67.0,0.0,False,1st Floor,1983.0,,,,False,,2.0,,,,74.0,,,1.0
59000.0,Porto,Amarante,Gouveia (São Simão),House,,,1000.0,0.0,False,,2006.0,,,,False,,2.0,,,,112.0,,,1.0
264000.0,Porto,Paços de Ferreira,Meixomil,House,F,,630.0,3.0,True,,2001.0,,,,False,,3.0,,,,570.0,,,2.0
380000.0,Porto,Maia,Vila Nova da Telha,House,D,252.0,212.0,2.0,True,,2001.0,,,,False,,4.0,,,,211.0,,,3.0
420000.0,Porto,Paredes,Rebordosa,House,B,,3600.0,1.0,True,,2009.0,,,,False,,3.0,,,,185.0,,,2.0
990000.0,Porto,Vila Nova de Gaia,Gulpilhares e Valadares,House,B,494.0,668.0,3.0,True,,2012.0,,,,False,,4.0,,,,204.0,,,5.0
290000.0,Porto,Paredes,Parada de Todeia,House,E,,1429.0,1.0,True,,1987.0,,,,False,,6.0,,,,215.0,,,3.0
424000.0,Porto,Maia,Pedrouços,House,A,165.0,205.0,2.0,True,,2022.0,,,,False,,3.0,,,,131.0,,,3.0
280000.0,Porto,Vila Nova de Gaia,Serzedo e Perosinho,House,D,254.0,250.0,2.0,True,,1990.0,,,,False,,4.0,,,,170.0,,,3.0
139000.0,Porto,Vila Nova de Gaia,Canidelo,House,D,,61.0,0.0,False,,1951.0,,,,False,,1.0,,,,27.0,,,1.0
369900.0,Porto,Vila Nova de Gaia,Canidelo,House,E,,196.0,1.0,True,Ground Floor,2007.0,,,,True,,3.0,,,,195.0,,,4.0
380000.0,Porto,Matosinhos,"Perafita, Lavra e Santa Cruz do Bispo",House,D,,589.0,3.0,True,,1939.0,,,,False,,3.0,,,,126.0,,,0.0
90000.0,Porto,Matosinhos,"Custóias, Leça do Balio e Guifões",House,,130.0,414.0,2.0,True,,1981.0,,,,False,,2.0,,,,90.0,,,1.0
210000.0,Porto,Penafiel,Cabeça Santa,House,F,315.0,584.0,3.0,True,,1937.0,,,,False,,3.0,,,,314.0,,,2.0
199000.0,Porto,Maia,Nogueira e Silva Escura,House,,,1392.0,3.0,True,,1937.0,,,,False,,3.0,,,,172.0,,,1.0
180000.0,Porto,Maia,Águas Santas,House,E,,820.0,0.0,False,,1941.0,,,,False,,2.0,,,,70.0,,,1.0
449900.0,Porto,Maia,Águas Santas,House,E,,820.0,0.0,False,,1941.0,,,,False,,2.0,,,,70.0,,,1.0
145000.0,Porto,Maia,Pedrouços,House,,134.0,318.0,0.0,False,,1987.0,,,,False,,2.0,,,,52.0,,,2.0
365000.0,Porto,Vila Nova de Gaia,Gulpilhares e Valadares,House,D,166.0,166.0,2.0,True,,1992.0,,,,False,,3.0,,,,135.0,,,6.0
365000.0,Porto,Porto,Campanhã,House,D,,193.0,1.0,True,,1951.0,,,,False,,3.0,,,,119.0,,,1.0
220000.0,Porto,Vila Nova de Gaia,Mafamude e Vilar do Paraíso,House,D,,63.0,0.0,False,,1960.0,,,,False,,2.0,,,,62.0,,,2.0
525000.0,Porto,Porto,Ramalde,House,A,220.0,172.0,0.0,False,,2023.0,,,,False,,3.0,,,,170.0,,,3.0
370000.0,Porto,Gondomar,Fânzeres e São Pedro da Cova,House,E,,380.0,3.0,True,,1992.0,,,,False,,4.0,,,,354.0,,,4.0
699000.0,Porto,Matosinhos,"Perafita, Lavra e Santa Cruz do Bispo",House,B,348.0,348.0,3.0,True,,2001.0,,,,False,,4.0,,,,225.0,,,5.0
760000.0,Porto,Vila Nova de Gaia,Canidelo,House,B,364.0,260.0,2.0,True,,2003.0,,,,False,,4.0,,,,259.0,,,5.0
325000.0,Porto,Marco de Canaveses,Marco,House,B,,450.0,3.0,True,,2022.0,,,,False,,3.0,,,,112.0,,,3.0
890000.0,Porto,Porto,Ramalde,House,C,,170.0,1.0,True,,1959.0,,,,False,,4.0,,,,170.0,,,3.0
195000.0,Porto,Felgueiras,"Margaride (Santa Eulália), Várzea, Lagares, Varziela e Moure",House,D,,413.0,1.0,True,,1965.0,,,,False,,3.0,,,,160.0,,,2.0
590000.0,Porto,Porto,Bonfim,House,E,,207.0,0.0,False,,1951.0,,,,False,,4.0,,,,237.0,,,3.0
403200.0,Porto,Matosinhos,"Perafita, Lavra e Santa Cruz do Bispo",House,B-,,130.0,2.0,True,,1937.0,,,,False,,3.0,,,,130.0,,,3.0
190000.0,Porto,Vila do Conde,Vila Chã,House,,225.0,252.0,2.0,True,,1993.0,,,,False,,3.0,,,,225.0,,,2.0
990000.0,Porto,Santo Tirso,Reguenga,House,B-,,221.0,3.0,True,,2023.0,,,,False,,3.0,,,,135.0,,,2.0
380000.0,Porto,Paços de Ferreira,Ferreira,House,F,,1150.0,3.0,True,,1998.0,,,,False,,3.0,,,,300.0,,,3.0
650000.0,Porto,Porto,Paranhos,House,,130.0,125.0,0.0,False,,1982.0,,,,False,,4.0,,,,115.0,,,3.0
105000.0,Porto,Penafiel,Rio de Moinhos,House,F,,221.0,0.0,False,,1937.0,,,,False,,2.0,,,,112.0,,,1.0
300000.0,Porto,Maia,Cidade da Maia,House,D,105.0,220.0,1.0,True,,1986.0,,,,False,,4.0,,,,38.0,,,3.0
190000.0,Porto,Matosinhos,Matosinhos e Leça da Palmeira,House,F,86.0,164.0,0.0,False,,1937.0,,,,False,,2.0,,,,75.0,,,2.0
156000.0,Porto,Vila Nova de Gaia,Canelas,House,B-,89.0,89.0,0.0,False,Ground Floor,1988.0,,,,False,,3.0,,,,87.0,,,1.0
135000.0,Porto,Felgueiras,Aião,House,F,,1455.0,1.0,True,,1937.0,,,,False,,2.0,,,,169.0,,,1.0
565000.0,Porto,Maia,Nogueira e Silva Escura,House,A+,,328.0,2.0,True,,2020.0,,,,False,,3.0,,,,206.0,,,7.0
132000.0,Porto,Felgueiras,Aião,House,F,,2479.0,1.0,True,,1966.0,,,,False,,2.0,,,,118.0,,,1.0
370000.0,Porto,Lousada,"Silvares, Pias, Nogueira e Alvarenga",House,,,1500.0,3.0,True,1st Floor,1996.0,,,,False,,4.0,,,,135.0,,,8.0
265000.0,Porto,Marco de Canaveses,Bem Viver,House,A,,157.0,3.0,True,,2016.0,,,,False,,3.0,,,,97.0,,,3.0
99500.0,Porto,Felgueiras,Sendim,House,F,120.0,1800.0,1.0,True,,1983.0,,,,False,,3.0,,,,60.0,,,1.0
269500.0,Porto,Santo Tirso,Rebordões,House,,,728.0,2.0,True,,2023.0,,,,False,,4.0,,,,256.0,,,4.0
165000.0,Porto,Vila Nova de Gaia,Santa Marinha e São Pedro da Afurada,House,,120.0,312.0,1.0,True,Ground Floor,1959.0,,,,False,,3.0,,,,99.0,,,1.0
399000.0,Porto,Santo Tirso,São Tomé Negrelos,House,D,362.0,1000.0,3.0,True,,2022.0,,,,False,,3.0,,,,299.0,,,3.0
325000.0,Porto,Amarante,Freixo de Cima e de Baixo,House,E,,740.0,0.0,False,,1994.0,,,,False,,9.0,,,,440.0,,,3.0
595000.0,Porto,Vila Nova de Gaia,Canidelo,House,D,,800.0,3.0,True,,2001.0,,,,False,,5.0,,,,290.0,,,6.0
99000.0,Porto,Marco de Canaveses,"Várzea, Aliviada e Folhada",House,,71.0,61.0,0.0,False,,2023.0,,,,False,,2.0,,,,47.0,,,1.0
249500.0,Porto,Porto,Campanhã,House,D,,178.0,0.0,False,,1971.0,,,,False,,3.0,,,,112.0,,,2.0
260000.0,Porto,Vila do Conde,Malta e Canidelo,House,C,,357.0,1.0,True,,1995.0,,,,False,,4.0,,,,164.0,,,3.0
325000.0,Porto,Felgueiras,"Margaride (Santa Eulália), Várzea, Lagares, Varziela e Moure",House,C,254.0,562.0,1.0,True,,1962.0,,,,False,,3.0,,,,144.0,,,0.0
120000.0,Porto,Gondomar,"Gondomar (São Cosme), Valbom e Jovim",House,D,163.0,793.0,3.0,True,,1970.0,,,,False,,2.0,,,,68.0,,,1.0
265000.0,Porto,Valongo,Alfena,House,D,450.0,180.0,2.0,True,,1993.0,,,,False,,3.0,,,,180.0,,,2.0
110000.0,Porto,Vila Nova de Gaia,Serzedo e Perosinho,House,F,,104.0,0.0,False,,1950.0,,,,False,,3.0,,,,78.0,,,1.0
470000.0,Porto,Gondomar,Rio Tinto,House,,,2061.0,0.0,False,,1939.0,,,,False,,9.0,,,,2061.0,,,9.0
30000.0,Porto,Baião,Gestaçô,House,,,126.0,1.0,True,,1937.0,,,,False,,3.0,,,,126.0,,,2.0
330000.0,Porto,Valongo,Alfena,House,D,420.0,1256.0,3.0,True,,1996.0,,,,False,,4.0,,,,130.0,,,3.0
69000.0,Porto,Penafiel,Boelhe,House,,372.0,9500.0,0.0,False,,1937.0,,,,False,,4.0,,,,168.0,,,0.0
650000.0,Porto,Porto,Ramalde,House,F,301.0,414.0,0.0,False,,1978.0,,,,False,,5.0,,,,301.0,,,1.0
90000.0,Porto,Vila Nova de Gaia,Mafamude e Vilar do Paraíso,House,,110.0,165.0,0.0,False,,1951.0,,,,False,,4.0,,,,110.0,,,0.0
220000.0,Porto,Amarante,"Vila Garcia, Aboim e Chapa",House,B-,201.0,298.0,1.0,True,,2017.0,,,,False,,3.0,,,,181.0,,,3.0
99000.0,Porto,Amarante,Ansiães,House,F,,765.0,2.0,True,,1937.0,,,,False,,2.0,,,,75.0,,,1.0
220500.0,Porto,Baião,Loivos do Monte,House,F,,3100.0,3.0,True,,2003.0,,,,False,,3.0,,,,156.0,,,4.0
230000.0,Porto,Trofa,Bougado (São Martinho e Santiago),House,E,,346.0,1.0,True,,1977.0,,,,False,,3.0,,,,134.0,,,2.0
99500.0,Porto,Amarante,Padronelo,House,E,,120.0,1.0,True,,1937.0,,,,False,,4.0,,,,120.0,,,1.0
149000.0,Porto,Amarante,"Aboadela, Sanche e Várzea",House,E,,2120.0,0.0,False,,2005.0,,,,False,,3.0,,,,49.0,,,3.0
250000.0,Porto,Santo Tirso,Rebordões,House,,219.0,143.0,2.0,True,,2007.0,,,,False,,3.0,,,,219.0,,,2.0
75000.0,Porto,Penafiel,Abragão,House,F,,430.0,0.0,False,,1989.0,,,,False,,2.0,,,,83.0,,,1.0
599900.0,Porto,Vila Nova de Gaia,Arcozelo,House,E,107.0,157.0,3.0,True,,1973.0,,,,False,,5.0,,,,106.0,,,3.0
320000.0,Porto,Gondomar,"Gondomar (São Cosme), Valbom e Jovim",House,E,221.0,234.0,2.0,True,,1998.0,,,,False,,3.0,,,,140.0,,,4.0
149000.0,Porto,Trofa,Bougado (São Martinho e Santiago),House,E,,74.0,0.0,False,,1989.0,,,,False,,2.0,,,,74.0,,,1.0
165000.0,Porto,Santo Tirso,"Areias, Sequeiró, Lama e Palmeira",House,F,157.0,449.0,2.0,True,Ground Floor,1970.0,,,,False,,3.0,,,,67.0,,,3.0
171000.0,Porto,Amarante,"Bustelo, Carneiro e Carvalho de Rei",House,D,,172.0,1.0,True,,2010.0,,,,False,,4.0,,,,165.0,,,3.0
249900.0,Porto,Penafiel,Oldrões,House,F,215.0,1400.0,3.0,True,,1993.0,,,,False,,6.0,,,,115.0,,,2.0
455000.0,Porto,Vila Nova de Gaia,Mafamude e Vilar do Paraíso,House,C,220.0,275.0,2.0,True,,1964.0,,,,False,,3.0,,,,95.0,,,4.0
179000.0,Porto,Marco de Canaveses,Vila Boa de Quires e Maureles,House,F,,750.0,2.0,True,,2009.0,,,,False,,3.0,,,,120.0,,,3.0
347500.0,Porto,Póvoa de Varzim,"Aver-o-Mar, Amorim e Terroso",House,D,167.0,180.0,1.0,True,,1990.0,,,,False,,3.0,,,,140.0,,,3.0
137000.0,Porto,Marco de Canaveses,Paredes de Viadores e Manhuncelos,House,F,,614.0,0.0,False,,1994.0,,,,False,,2.0,,,,70.0,,,1.0
690000.0,Porto,Vila Nova de Gaia,Oliveira do Douro,House,C,345.0,1137.0,3.0,True,,1939.0,,,,False,,4.0,,,,230.0,,,4.0
317000.0,Porto,Matosinhos,São Mamede de Infesta e Senhora da Hora,House,E,,106.0,1.0,True,1st Floor,1970.0,,,,False,,3.0,,,,105.0,,,2.0
279000.0,Porto,Felgueiras,Macieira da Lixa e Caramos,House,D,,2310.0,2.0,True,,1995.0,,,,False,,3.0,,,,400.0,,,2.0
155000.0,Porto,Felgueiras,"Margaride (Santa Eulália), Várzea, Lagares, Varziela e Moure",House,F,,674.0,0.0,False,,1948.0,,,,False,,4.0,,,,145.0,,,1.0
229000.0,Porto,Vila Nova de Gaia,Mafamude e Vilar do Paraíso,House,D,133.0,113.0,1.0,True,,1980.0,,,,False,,3.0,,,,113.0,,,2.0
215000.0,Porto,Matosinhos,"Perafita, Lavra e Santa Cruz do Bispo",House,,55.0,360.0,1.0,True,,1982.0,,,,False,,2.0,,,,54.0,,,1.0
299000.0,Porto,Gondomar,Fânzeres e São Pedro da Cova,House,D,,623.0,3.0,True,,1985.0,,,,False,,6.0,,,,195.0,,,4.0
250000.0,Porto,Penafiel,Galegos,House,C,215.0,174.0,2.0,True,,2008.0,,,,False,,3.0,,,,153.0,,,3.0
180000.0,Porto,Marco de Canaveses,Paredes de Viadores e Manhuncelos,House,,,307.0,2.0,True,,1951.0,,,,True,,3.0,,,,26.0,,,3.0
425000.0,Porto,Paços de Ferreira,Seroa,House,,632.0,926.0,3.0,True,,1994.0,,,,False,,6.0,,,,373.0,,,4.0
504000.0,Porto,Gondomar,"Gondomar (São Cosme), Valbom e Jovim",House,A,290.0,255.0,3.0,True,,,,,,False,,4.0,,,,178.0,,,5.0
498000.0,Porto,Vila Nova de Gaia,Santa Marinha e São Pedro da Afurada,House,F,144.0,189.0,1.0,True,,1982.0,,,,False,,3.0,,,,107.0,,,2.0
360000.0,Porto,Matosinhos,"Perafita, Lavra e Santa Cruz do Bispo",House,D,180.0,320.0,1.0,True,,1987.0,,,,False,,3.0,,,,159.0,,,2.0
249000.0,Porto,Maia,Cidade da Maia,House,D,,159.0,1.0,True,1st Floor,2000.0,,,,False,,3.0,,,,110.0,,,2.0
250000.0,Porto,Felgueiras,Pombeiro de Ribavizela,House,A,,300.0,2.0,True,,2022.0,,,,False,,3.0,,,,130.0,,,3.0
875000.0,Porto,Matosinhos,Matosinhos e Leça da Palmeira,House,C,389.0,441.0,3.0,True,,1996.0,,,,False,,3.0,,,,260.0,,,4.0
149900.0,Porto,Paredes,Sobreira,House,D,,562.0,2.0,True,,2003.0,,,,False,,3.0,,,,119.0,,,0.0
210000.0,Porto,Santo Tirso,"Areias, Sequeiró, Lama e Palmeira",House,D,,860.0,3.0,True,,1999.0,,,,False,,6.0,,,,270.0,,,4.0
235000.0,Porto,Porto,Ramalde,House,D,,134.0,1.0,True,,1978.0,,,,False,,3.0,,,,90.0,,,2.0
254000.0,Porto,Vila do Conde,Mindelo,House,,,150.0,2.0,True,1st Floor,1988.0,,,,False,,3.0,,,,134.0,,,2.0
370000.0,Porto,Marco de Canaveses,Paredes de Viadores e Manhuncelos,House,A,,900.0,3.0,True,,,,,,False,,3.0,,,,124.0,,,2.0
370000.0,Porto,Marco de Canaveses,Paredes de Viadores e Manhuncelos,House,A,181.0,1200.0,3.0,True,,,,,,False,,3.0,,,,123.0,,,4.0
475000.0,Porto,Matosinhos,"Custóias, Leça do Balio e Guifões",House,F,,818.0,2.0,True,,1937.0,,,,False,,8.0,,,,115.0,,,5.0
325000.0,Porto,Porto,"Aldoar, Foz do Douro e Nevogilde",House,D,,143.0,1.0,True,,1989.0,,,,False,,3.0,,,,140.0,,,1.0
835000.0,Porto,Matosinhos,Matosinhos e Leça da Palmeira,House,A,485.0,351.0,3.0,True,,,,,,False,,4.0,,,,350.0,,,5.0
845000.0,Porto,Matosinhos,Matosinhos e Leça da Palmeira,House,A,451.0,1056.0,3.0,True,,,,,,False,,4.0,,,,300.0,,,5.0
845000.0,Porto,Matosinhos,Matosinhos e Leça da Palmeira,House,A,451.0,306.0,3.0,True,,,,,,False,,4.0,,,,305.0,,,0.0
325000.0,Porto,Porto,Ramalde,House,C,,563.0,0.0,False,,1989.0,,,,False,,6.0,,,,198.0,,,0.0
265000.0,Porto,Paredes,Sobreira,House,D,175.0,710.0,0.0,False,,1995.0,,,,False,,3.0,,,,125.0,,,2.0
370000.0,Porto,Marco de Canaveses,Paredes de Viadores e Manhuncelos,House,A,184.0,1730.0,3.0,True,,,,,,False,,3.0,,,,125.0,,,4.0
390000.0,Porto,Felgueiras,Friande,House,B-,,205.0,3.0,True,,1937.0,,,,False,,3.0,,,,195.0,,,3.0
235000.0,Porto,Amarante,Telões,House,A,135.0,1250.0,3.0,True,,2010.0,,,,False,,3.0,,,,135.0,,,2.0
320000.0,Porto,Vila Nova de Gaia,Mafamude e Vilar do Paraíso,House,F,,360.0,3.0,True,Ground Floor,1947.0,,,,False,,3.0,,,,91.0,,,2.0
299000.0,Porto,Paços de Ferreira,Seroa,House,B,287.0,190.0,3.0,True,,2021.0,,,,False,,3.0,,,,190.0,,,0.0
349000.0,Porto,Porto,Paranhos,House,C,127.0,108.0,0.0,False,,2018.0,,,,False,,4.0,,,,104.0,,,3.0
329000.0,Porto,Santo Tirso,São Tomé Negrelos,House,,370.0,630.0,2.0,True,,1993.0,,,,False,,5.0,,,,319.0,,,4.0
360000.0,Porto,Penafiel,Fonte Arcada,House,E,417.0,1237.0,3.0,True,,1937.0,,,,False,,4.0,,,,374.0,,,2.0
130000.0,Porto,Porto,Campanhã,House,E,,400.0,2.0,True,,1945.0,,,,False,,4.0,,,,173.0,,,0.0
87500.0,Porto,Paredes,Cete,House,F,144.0,1783.0,1.0,True,,1937.0,,,,False,,3.0,,,,144.0,,,0.0
375000.0,Porto,Gondomar,Rio Tinto,House,D,250.0,250.0,3.0,True,,1986.0,,,,False,,3.0,,,,164.0,,,2.0
175000.0,Porto,Póvoa de Varzim,"Póvoa de Varzim, Beiriz e Argivai",House,,170.0,174.0,0.0,False,,1937.0,,,,False,,4.0,,,,170.0,,,2.0
270000.0,Porto,Matosinhos,"Perafita, Lavra e Santa Cruz do Bispo",House,,188.0,350.0,2.0,True,,1972.0,,,,False,,4.0,,,,114.0,,,2.0
250000.0,Porto,Gondomar,Baguim do Monte,House,D,,340.0,2.0,True,,1983.0,,,,False,,5.0,,,,160.0,,,2.0
285000.0,Porto,Penafiel,Termas de São Vicente,House,A,,1350.0,2.0,True,,2010.0,,,,False,,3.0,,,,192.0,,,3.0
475000.0,Porto,Matosinhos,São Mamede de Infesta e Senhora da Hora,House,D,,89.0,1.0,True,,1972.0,,,,False,,3.0,,,,208.0,,,3.0
150000.0,Porto,Vila Nova de Gaia,Canelas,House,E,75.0,65.0,0.0,False,,1964.0,,,,False,,1.0,,,,75.0,,,1.0
359000.0,Porto,Maia,Castêlo da Maia,House,B-,114.0,234.0,2.0,True,,2003.0,,,,False,,4.0,,,,316.0,,,4.0
320000.0,Porto,Porto,"Aldoar, Foz do Douro e Nevogilde",House,,52.0,62.0,1.0,True,,1989.0,,,,False,,2.0,,,,50.0,,,0.0
660000.0,Porto,Matosinhos,"Perafita, Lavra e Santa Cruz do Bispo",House,E,300.0,1100.0,1.0,True,,1998.0,,,,False,,4.0,,,,180.0,,,3.0
165000.0,Porto,Matosinhos,"Custóias, Leça do Balio e Guifões",House,,149.0,309.0,3.0,True,,1988.0,,,,False,,4.0,,,,120.0,,,2.0
985000.0,Porto,Vila Nova de Gaia,Gulpilhares e Valadares,House,D,442.0,735.0,3.0,True,,2021.0,,,,False,,4.0,,,,288.0,,,5.0
415000.0,Porto,Vila do Conde,Vila do Conde,House,A,335.0,141.0,1.0,True,,1992.0,,,,False,,5.0,,,,335.0,,,5.0
350000.0,Porto,Vila Nova de Gaia,Avintes,House,D,,727.0,2.0,True,,1970.0,,,,False,,3.0,,,,220.0,,,2.0
90000.0,Porto,Penafiel,Duas Igrejas,House,,,8270.0,0.0,False,,1937.0,,,,False,,2.0,,,,30.0,,,0.0
215000.0,Porto,Vila Nova de Gaia,Canidelo,House,,,316.0,3.0,True,,,,,,False,,4.0,,,,193.0,,,3.0
795000.0,Porto,Vila Nova de Gaia,Canidelo,House,A,,232.0,2.0,True,,,,,,False,,4.0,,,,270.0,,,3.0
395000.0,Porto,Vila Nova de Gaia,Gulpilhares e Valadares,House,E,,5131.0,3.0,True,,1964.0,,,,False,,2.0,,,,46.0,,,2.0
187000.0,Porto,Vila do Conde,Aveleda,House,F,110.0,475.0,1.0,True,Ground Floor,1987.0,,,,False,,4.0,,,,109.0,,,2.0
337000.0,Porto,Vila Nova de Gaia,Canidelo,House,E,109.0,507.0,2.0,True,,1975.0,,,,False,,2.0,,,,91.0,,,2.0
280000.0,Porto,Marco de Canaveses,Marco,House,D,,530.0,1.0,True,,1994.0,,,,False,,3.0,,,,157.0,,,3.0
169900.0,Porto,Matosinhos,São Mamede de Infesta e Senhora da Hora,House,F,142.0,243.0,0.0,False,,1937.0,,,,False,,3.0,,,,70.0,,,2.0
560000.0,Porto,Lousada,"Cristelos, Boim e Ordem",House,A,303.0,1260.0,3.0,True,,2014.0,,,,False,,3.0,,,,182.0,,,5.0
480000.0,Porto,Porto,Ramalde,House,E,,245.0,1.0,True,,2007.0,,,,False,,3.0,,,,223.0,,,3.0
365000.0,Porto,Gondomar,Foz do Sousa e Covelo,House,C,285.0,370.0,2.0,True,,2007.0,,,,False,,3.0,,,,187.0,,,4.0
150000.0,Porto,Maia,Castêlo da Maia,House,,,451.0,0.0,False,,1976.0,,,,False,,1.0,,,,68.0,,,1.0
175000.0,Porto,Vila Nova de Gaia,Oliveira do Douro,House,C,180.0,180.0,1.0,True,1st Floor,1962.0,,,,False,,2.0,,,,91.0,,,1.0
330000.0,Porto,Marco de Canaveses,Marco,House,C,,520.0,3.0,True,,2006.0,,,,False,,3.0,,,,207.0,,,4.0
870000.0,Porto,Maia,Folgosa,House,B,229.0,3911.0,3.0,True,1st Floor,1937.0,,,,False,,6.0,,,,228.0,,,4.0
180000.0,Porto,Porto,Paranhos,House,E,187.0,59.0,0.0,False,,1937.0,,,,False,,2.0,,,,58.0,,,2.0
459000.0,Porto,Póvoa de Varzim,"Aver-o-Mar, Amorim e Terroso",House,D,104.0,89.0,2.0,True,,1983.0,,,,False,,3.0,,,,88.0,,,2.0
278000.0,Porto,Amarante,Telões,House,,,1210.0,3.0,True,,1975.0,,,,False,,3.0,,,,111.0,,,0.0
110000.0,Porto,Porto,"Cedofeita, Santo Ildefonso, Sé, Miragaia, São Nicolau e Vitória",House,,,42.0,0.0,False,,1937.0,,,,False,,1.0,,,,41.0,,,1.0
269900.0,Porto,Valongo,Campo e Sobrado,House,E,,700.0,2.0,True,,1997.0,,,,False,,3.0,,,,71.0,,,2.0
69900.0,Porto,Penafiel,Luzim e Vila Cova,House,,120.0,90.0,0.0,False,,1949.0,,,,False,,2.0,,,,60.0,,,1.0
295000.0,Porto,Valongo,Valongo,House,F,148.0,187.0,1.0,True,,2001.0,,,,False,,2.0,,,,105.0,,,1.0
350000.0,Porto,Porto,Paranhos,House,,140.0,121.0,1.0,True,,1952.0,,,,False,,4.0,,,,102.0,,,1.0
450000.0,Porto,Vila Nova de Gaia,Arcozelo,House,,459.0,317.0,0.0,False,,1984.0,,,,False,,10.0,,,,301.0,,,4.0
256000.0,Porto,Lousada,Nespereira e Casais,House,C,,450.0,1.0,True,,1997.0,,,,False,,3.0,,,,265.0,,,3.0
525000.0,Porto,Vila Nova de Gaia,São Felix da Marinha,House,E,237.0,154.0,3.0,True,,2021.0,,,,False,,3.0,,,,115.0,,,3.0
199900.0,Porto,Vila Nova de Gaia,Santa Marinha e São Pedro da Afurada,House,,,88.0,2.0,True,,1937.0,,,,False,,3.0,,,,38.0,,,2.0
168000.0,Porto,Trofa,Coronado (São Romão e São Mamede),House,E,119.0,114.0,1.0,True,,1979.0,,,,False,,2.0,,,,114.0,,,1.0
345000.0,Porto,Matosinhos,"Custóias, Leça do Balio e Guifões",House,,,297.0,0.0,False,,1975.0,,,,False,,6.0,,,,252.0,,,3.0
449900.0,Porto,Valongo,Alfena,House,D,,329.0,3.0,True,,2014.0,,,,False,,4.0,,,,230.0,,,5.0
245000.0,Porto,Paredes,Cristelo,House,D,,265.0,1.0,True,,2000.0,,,,False,,3.0,,,,216.0,,,2.0
275000.0,Porto,Matosinhos,"Perafita, Lavra e Santa Cruz do Bispo",House,,84.0,440.0,2.0,True,,2023.0,,,,False,,2.0,,,,72.0,,,3.0
300000.0,Porto,Matosinhos,"Custóias, Leça do Balio e Guifões",House,D,,249.0,3.0,True,,1993.0,,,,False,,6.0,,,,166.0,,,2.0
449500.0,Porto,Matosinhos,"Perafita, Lavra e Santa Cruz do Bispo",House,C,380.0,355.0,1.0,True,,2013.0,,,,False,,4.0,,,,223.0,,,4.0
245000.0,Porto,Valongo,Campo e Sobrado,House,D,,500.0,1.0,True,,1985.0,,,,False,,4.0,,,,172.0,,,0.0
115000.0,Porto,Felgueiras,"Margaride (Santa Eulália), Várzea, Lagares, Varziela e Moure",House,F,,227.0,0.0,False,,1948.0,,,,False,,3.0,,,,90.0,,,1.0
245000.0,Porto,Penafiel,Oldrões,House,E,140.0,1770.0,1.0,True,,1986.0,,,,False,,3.0,,,,80.0,,,3.0
79900.0,Porto,Valongo,Ermesinde,House,B,,419.0,1.0,True,,1938.0,,,,False,,2.0,,,,25.0,,,3.0
325000.0,Porto,Felgueiras,Friande,House,E,,456.0,2.0,True,,2008.0,,,,False,,3.0,,,,375.0,,,5.0
270000.0,Porto,Felgueiras,"Margaride (Santa Eulália), Várzea, Lagares, Varziela e Moure",House,F,,1171.0,2.0,True,,1972.0,,,,False,,7.0,,,,240.0,,,2.0
140000.0,Porto,Valongo,Valongo,House,D,68.0,57.0,0.0,False,1st Floor,1978.0,,,,False,,2.0,,,,57.0,,,1.0
460000.0,Porto,Paredes,Gandra,House,C,420.0,1500.0,3.0,True,,2006.0,,,,False,,5.0,,,,280.0,,,4.0
319900.0,Porto,Gondomar,Rio Tinto,House,D,,283.0,3.0,True,1st Floor,1981.0,,,,False,,4.0,,,,196.0,,,3.0
449900.0,Porto,Vila Nova de Gaia,Mafamude e Vilar do Paraíso,House,C,220.0,275.0,2.0,True,,1964.0,,,,False,,3.0,,,,95.0,,,4.0
109000.0,Porto,Gondomar,Baguim do Monte,House,,,104.0,0.0,False,,1934.0,,,,False,,2.0,,,,100.0,,,6.0
99000.0,Porto,Amarante,Candemil,House,E,115.0,320.0,0.0,False,,2002.0,,,,False,,3.0,,,,103.0,,,1.0
37000.0,Porto,Penafiel,Capela,House,,,240.0,3.0,True,,1937.0,,,,False,,3.0,,,,170.0,,,0.0
168000.0,Porto,Vila Nova de Gaia,Arcozelo,House,E,50.0,199.0,0.0,False,,1996.0,,,,False,,2.0,,,,36.0,,,1.0
360000.0,Porto,Gondomar,"Gondomar (São Cosme), Valbom e Jovim",House,C,330.0,330.0,3.0,True,,1993.0,,,,False,,4.0,,,,262.0,,,4.0
308000.0,Porto,Vila Nova de Gaia,Serzedo e Perosinho,House,E,,90.0,1.0,True,,1958.0,,,,False,,3.0,,,,70.0,,,2.0
375000.0,Porto,Gondomar,Fânzeres e São Pedro da Cova,House,,395.0,460.0,0.0,False,,1963.0,,,,False,,5.0,,,,320.0,,,3.0
164900.0,Porto,Penafiel,Oldrões,House,F,95.0,80.0,1.0,True,Ground Floor,2001.0,,,,False,,2.0,,,,53.0,,,1.0
750000.0,Porto,Porto,Ramalde,House,F,264.0,260.0,1.0,True,,1956.0,,,,False,,4.0,,,,206.0,,,4.0
390000.0,Porto,Vila do Conde,Vila do Conde,House,E,,190.0,2.0,True,,1985.0,,,,False,,5.0,,,,190.0,,,0.0
840000.0,Porto,Vila Nova de Gaia,Canidelo,House,A,,302.0,2.0,True,,2023.0,,,,False,,3.0,,,,178.0,,,2.0
230000.0,Porto,Porto,Lordelo do Ouro e Massarelos,House,,48.0,128.0,0.0,False,,1937.0,,,,False,,2.0,,,,48.0,,,1.0
475000.0,Porto,Matosinhos,São Mamede de Infesta e Senhora da Hora,House,D,,89.0,1.0,True,,1972.0,,,,False,,3.0,,,,248.0,,,3.0
120000.0,Porto,Santo Tirso,Monte Córdova,House,F,100.0,833.0,0.0,False,,1960.0,,,,False,,3.0,,,,100.0,,,1.0
330000.0,Porto,Porto,Ramalde,House,E,129.0,183.0,1.0,True,,1950.0,,,,False,,2.0,,,,103.0,,,0.0
549000.0,Porto,Vila Nova de Gaia,Madalena,House,B-,326.0,222.0,2.0,True,,2011.0,,,,False,,3.0,,,,222.0,,,5.0
85000.0,Porto,Marco de Canaveses,Sande e São Lourenço,House,,,1675.0,1.0,True,,1989.0,,,,False,,2.0,,,,112.0,,,2.0
539000.0,Porto,Maia,Castêlo da Maia,House,B,311.0,311.0,2.0,True,,2011.0,,,,False,,4.0,,,,186.0,,,4.0
120000.0,Porto,Vila Nova de Gaia,Grijó e Sermonde,House,F,,144.0,0.0,False,,1937.0,,,,False,,2.0,,,,144.0,,,1.0
380000.0,Porto,Matosinhos,"Custóias, Leça do Balio e Guifões",House,C,,176.0,2.0,True,,1977.0,,,,False,,5.0,,,,135.0,,,2.0
59000.0,Porto,Penafiel,Boelhe,House,F,,62.0,0.0,False,,1951.0,,,,False,,3.0,,,,62.0,,,0.0
290000.0,Porto,Marco de Canaveses,"Alpendorada, Várzea e Torrão",House,D,,600.0,3.0,True,,2002.0,,,,False,,3.0,,,,264.0,,,2.0
980000.0,Porto,Vila Nova de Gaia,Canidelo,House,B,479.0,261.0,3.0,True,,,,,,False,,4.0,,,,290.0,,,5.0
379000.0,Porto,Felgueiras,Vila Cova da Lixa e Borba de Godim,House,B,,409.0,3.0,True,,,,,,False,,3.0,,,,279.0,,,5.0
749900.0,Porto,Vila Nova de Gaia,Canidelo,House,D,618.0,1625.0,2.0,True,,2003.0,,,,False,,5.0,,,,412.0,,,4.0
510000.0,Porto,Valongo,Ermesinde,House,B,335.0,215.0,2.0,True,,2010.0,,,,False,,4.0,,,,215.0,,,4.0
399900.0,Porto,Vila Nova de Gaia,Santa Marinha e São Pedro da Afurada,House,C,,300.0,0.0,False,,1964.0,,,,False,,3.0,,,,160.0,,,3.0
365000.0,Porto,Felgueiras,Vila Cova da Lixa e Borba de Godim,House,B,,327.0,3.0,True,,,,,,False,,3.0,,,,244.0,,,5.0
499000.0,Porto,Matosinhos,Matosinhos e Leça da Palmeira,House,B,,339.0,2.0,True,,2008.0,,,,False,,4.0,,,,227.0,,,8.0
245000.0,Porto,Amarante,Fregim,House,C,200.0,417.0,1.0,True,,2008.0,,,,False,,3.0,,,,150.0,,,3.0
149900.0,Porto,Santo Tirso,"Areias, Sequeiró, Lama e Palmeira",House,D,78.0,318.0,0.0,False,,2003.0,,,,False,,2.0,,,,53.0,,,1.0
830000.0,Porto,Marco de Canaveses,Marco,House,A,284.0,3500.0,3.0,True,,1966.0,,,,False,,5.0,,,,180.0,,,6.0
240000.0,Porto,Vila Nova de Gaia,Gulpilhares e Valadares,House,,224.0,1061.0,3.0,True,Ground Floor,1964.0,,,,False,,2.0,,,,185.0,,,2.0
540000.0,Porto,Maia,Cidade da Maia,House,B,,325.0,3.0,True,,1998.0,,,,False,,4.0,,,,224.0,,,5.0
120000.0,Porto,Penafiel,Paço de Sousa,House,F,,378.0,0.0,False,,1968.0,,,,False,,2.0,,,,124.0,,,1.0
255000.0,Porto,Amarante,Freixo de Cima e de Baixo,House,F,,226.0,1.0,True,1st Floor,1988.0,,,,False,,3.0,,,,476.0,,,0.0
110000.0,Porto,Penafiel,Guilhufe e Urrô,House,F,,405.0,0.0,False,,1937.0,,,,False,,3.0,,,,105.0,,,0.0
450000.0,Porto,Santo Tirso,Carreira e Refojos de Riba de Ave,House,F,448.0,328.0,3.0,True,,,,,,False,,5.0,,,,328.0,,,4.0
330000.0,Porto,Matosinhos,"Perafita, Lavra e Santa Cruz do Bispo",House,,,177.0,1.0,True,,1937.0,,,,False,,3.0,,,,90.0,,,4.0
65000.0,Porto,Amarante,Vila Meã,House,,172.0,556.0,0.0,False,,1937.0,,,,False,,4.0,,,,172.0,,,2.0
205000.0,Porto,Felgueiras,Unhão e Lordelo,House,F,,210.0,1.0,True,,1965.0,,,,False,,3.0,,,,2816.0,,,1.0
225000.0,Porto,Baião,Santa Cruz do Douro e São Tomé de Covelas,House,C,147.0,3120.0,3.0,True,,2013.0,,,,False,,3.0,,,,102.0,,,4.0
225000.0,Porto,Gondomar,Baguim do Monte,House,,,78.0,2.0,True,,2022.0,,,,False,,2.0,,,,78.0,,,2.0
439000.0,Porto,Maia,Nogueira e Silva Escura,House,D,481.0,815.0,2.0,True,Duplex,1997.0,,,,False,,4.0,,,,172.0,,,5.0
645000.0,Porto,Vila Nova de Gaia,Grijó e Sermonde,House,A,,330.0,2.0,True,,,,,,False,,4.0,,,,330.0,,,4.0
645000.0,Porto,Vila Nova de Gaia,Grijó e Sermonde,House,A,,346.0,2.0,True,,,,,,False,,4.0,,,,346.0,,,4.0
645000.0,Porto,Vila Nova de Gaia,Grijó e Sermonde,House,A,,346.0,2.0,True,,,,,,False,,4.0,,,,346.0,,,4.0
645000.0,Porto,Vila Nova de Gaia,Grijó e Sermonde,House,A,,350.0,2.0,True,,,,,,False,,4.0,,,,350.0,,,4.0
645000.0,Porto,Vila Nova de Gaia,Grijó e Sermonde,House,A,,354.0,2.0,True,,,,,,False,,4.0,,,,354.0,,,4.0
660000.0,Porto,Vila Nova de Gaia,Grijó e Sermonde,House,A,,509.0,2.0,True,,,,,,False,,4.0,,,,509.0,,,4.0
450000.0,Porto,Vila Nova de Gaia,Grijó e Sermonde,House,A,,262.0,2.0,True,,,,,,False,,3.0,,,,262.0,,,4.0
430000.0,Porto,Vila Nova de Gaia,Grijó e Sermonde,House,A,,171.0,2.0,True,,,,,,False,,3.0,,,,171.0,,,4.0
430000.0,Porto,Vila Nova de Gaia,Grijó e Sermonde,House,A,,174.0,2.0,True,,,,,,False,,3.0,,,,174.0,,,4.0
430000.0,Porto,Vila Nova de Gaia,Grijó e Sermonde,House,A,,171.0,2.0,True,,,,,,False,,3.0,,,,171.0,,,4.0
450000.0,Porto,Vila Nova de Gaia,Grijó e Sermonde,House,A,,260.0,2.0,True,,,,,,False,,3.0,,,,260.0,,,4.0
520000.0,Porto,Vila Nova de Gaia,Grijó e Sermonde,House,A,,373.0,2.0,True,,,,,,False,,4.0,,,,373.0,,,4.0
440000.0,Porto,Vila Nova de Gaia,Grijó e Sermonde,House,A,,189.0,2.0,True,,,,,,False,,3.0,,,,189.0,,,4.0
440000.0,Porto,Vila Nova de Gaia,Grijó e Sermonde,House,A,,195.0,2.0,True,,,,,,False,,3.0,,,,195.0,,,4.0
440000.0,Porto,Vila Nova de Gaia,Grijó e Sermonde,House,A,,195.0,2.0,True,,,,,,False,,3.0,,,,195.0,,,4.0
440000.0,Porto,Vila Nova de Gaia,Grijó e Sermonde,House,A,,198.0,2.0,True,,,,,,False,,3.0,,,,198.0,,,4.0
520000.0,Porto,Vila Nova de Gaia,Grijó e Sermonde,House,A,,427.0,2.0,True,,,,,,False,,4.0,,,,427.0,,,4.0
660000.0,Porto,Vila Nova de Gaia,Grijó e Sermonde,House,A,,446.0,2.0,True,,,,,,False,,4.0,,,,446.0,,,4.0
245000.0,Porto,Paredes,Astromil,House,E,,5016.0,2.0,True,,1989.0,,,,False,,3.0,,,,130.0,,,0.0
750000.0,Porto,Matosinhos,"Perafita, Lavra e Santa Cruz do Bispo",House,,352.0,278.0,2.0,True,,2023.0,,,,False,,4.0,,,,278.0,,,5.0
436000.0,Porto,Vila Nova de Gaia,Gulpilhares e Valadares,House,F,256.0,242.0,3.0,True,,2003.0,,,,False,,3.0,,,,164.0,,,4.0
599000.0,Porto,Vila Nova de Gaia,Canidelo,House,A,,210.0,2.0,True,,2023.0,,,,False,,3.0,,,,170.0,,,4.0
860000.0,Porto,Vila do Conde,Vila do Conde,House,E,436.0,302.0,3.0,True,,1937.0,,,,False,,4.0,,,,436.0,,,3.0
363000.0,Porto,Gondomar,"Gondomar (São Cosme), Valbom e Jovim",House,D,381.0,415.0,2.0,True,,1998.0,,,,False,,4.0,,,,288.0,,,4.0
335000.0,Porto,Maia,Moreira,House,E,,330.0,2.0,True,,2001.0,,,,False,,2.0,,,,251.0,,,1.0
375000.0,Porto,Porto,Campanhã,House,C,,300.0,0.0,False,,1986.0,,,,False,,5.0,,,,300.0,,,2.0
30000.0,Porto,Felgueiras,Sendim,House,,,108.0,0.0,False,,1937.0,,,,False,,2.0,,,,106.0,,,0.0
177000.0,Porto,Paredes,Duas Igrejas,House,E,201.0,356.0,3.0,True,,2001.0,,,,False,,3.0,,,,201.0,,,2.0
199000.0,Porto,Maia,Nogueira e Silva Escura,House,D,,1064.0,0.0,False,,1940.0,,,,False,,2.0,,,,71.0,,,1.0
580000.0,Porto,Póvoa de Varzim,"Póvoa de Varzim, Beiriz e Argivai",House,A,,815.0,3.0,True,,2021.0,,,,False,,4.0,,,,290.0,,,3.0
250000.0,Porto,Vila Nova de Gaia,São Felix da Marinha,House,D,139.0,98.0,1.0,True,1st Floor,2003.0,,,,False,,2.0,,,,98.0,,,2.0
429000.0,Porto,Valongo,Ermesinde,House,F,,1675.0,2.0,True,,1972.0,,,,False,,4.0,,,,385.0,,,4.0
335000.0,Porto,Amarante,"Amarante (São Gonçalo), Madalena, Cepelos e Gatão",House,A,242.0,240.0,2.0,True,,,,,,False,,3.0,,,,195.0,,,4.0
92500.0,Porto,Amarante,Candemil,House,D,,367.0,0.0,False,,,,,,False,,3.0,,,,120.0,,,0.0
649900.0,Porto,Vila do Conde,Mindelo,House,C,,194.0,3.0,True,,2023.0,,,,False,,4.0,,,,277.0,,,5.0
142000.0,Porto,Gondomar,Rio Tinto,House,,,248.0,0.0,False,,1951.0,,,,False,,2.0,,,,144.0,,,3.0
219900.0,Porto,Vila Nova de Gaia,São Felix da Marinha,House,D,108.0,158.0,1.0,True,,1951.0,,,,False,,2.0,,,,90.0,,,1.0
349500.0,Porto,Valongo,Ermesinde,House,F,180.0,220.0,1.0,True,,1991.0,,,,False,,4.0,,,,154.0,,,3.0
335000.0,Porto,Amarante,"Amarante (São Gonçalo), Madalena, Cepelos e Gatão",House,A,242.0,238.0,2.0,True,,,,,,False,,3.0,,,,195.0,,,4.0
335000.0,Porto,Amarante,"Amarante (São Gonçalo), Madalena, Cepelos e Gatão",House,A,242.0,242.0,2.0,True,,,,,,False,,3.0,,,,195.0,,,4.0
340000.0,Porto,Amarante,"Amarante (São Gonçalo), Madalena, Cepelos e Gatão",House,A,242.0,240.0,2.0,True,,,,,,False,,3.0,,,,195.0,,,4.0
425000.0,Porto,Vila Nova de Gaia,Mafamude e Vilar do Paraíso,House,D,,501.0,3.0,True,,1977.0,,,,False,,3.0,,,,192.0,,,3.0
130000.0,Porto,Lousada,Lustosa e Barrosas (Santo Estêvão),House,,,5026.0,0.0,False,,1951.0,,,,False,,2.0,,,,190.0,,,0.0
297500.0,Porto,Felgueiras,"Pedreira, Rande e Sernande",House,B,,270.0,2.0,True,1st Floor,,,,,False,,3.0,,,,400.0,,,3.0
297500.0,Porto,Felgueiras,"Pedreira, Rande e Sernande",House,B,,267.0,2.0,True,1st Floor,,,,,False,,3.0,,,,350.0,,,3.0
580000.0,Porto,Maia,Nogueira e Silva Escura,House,C,,1799.0,3.0,True,,2003.0,,,,False,,4.0,,,,378.0,,,5.0
557000.0,Porto,Maia,Cidade da Maia,House,C,434.0,460.0,3.0,True,,1998.0,,,,False,,4.0,,,,434.0,,,5.0
230000.0,Porto,Lousada,"Silvares, Pias, Nogueira e Alvarenga",House,,,1200.0,0.0,False,,1937.0,,,,False,,3.0,,,,280.0,,,1.0
395000.0,Porto,Penafiel,Penafiel,House,E,,1347.0,1.0,True,,1937.0,,,,False,,4.0,,,,593.0,,,2.0
420000.0,Porto,Maia,Pedrouços,House,E,,224.0,3.0,True,,1987.0,,,,False,,3.0,,,,296.0,,,5.0
429000.0,Porto,Vila Nova de Gaia,Gulpilhares e Valadares,House,B,319.0,319.0,2.0,True,,2010.0,,,,False,,3.0,,,,228.0,,,6.0
179000.0,Porto,Penafiel,Perozelo,House,F,,164.0,2.0,True,,2007.0,,,,False,,3.0,,,,164.0,,,2.0
329000.0,Porto,Póvoa de Varzim,"Aver-o-Mar, Amorim e Terroso",House,C,234.0,466.0,1.0,True,,1995.0,,,,False,,4.0,,,,190.0,,,2.0
520827.0,Porto,Maia,Castêlo da Maia,House,A+,,210.0,3.0,True,,,,,,False,,3.0,,,,359.0,,,3.0
520827.0,Porto,Maia,Castêlo da Maia,House,A+,,206.0,3.0,True,,,,,,False,,3.0,,,,352.0,,,3.0
100000.0,Porto,Gondomar,"Gondomar (São Cosme), Valbom e Jovim",House,,,150.0,0.0,False,,1980.0,,,,False,,2.0,,,,46.0,,,0.0
270000.0,Porto,Penafiel,Penafiel,House,E,,700.0,3.0,True,,1992.0,,,,False,,3.0,,,,240.0,,,2.0
270000.0,Porto,Paredes,Baltar,House,D,,209.0,2.0,True,,2003.0,,,,False,,3.0,,,,209.0,,,3.0
600000.0,Porto,Porto,"Aldoar, Foz do Douro e Nevogilde",House,,116.0,196.0,0.0,False,,1968.0,,,,False,,3.0,,,,75.0,,,2.0
560000.0,Porto,Matosinhos,São Mamede de Infesta e Senhora da Hora,House,,309.0,216.0,2.0,True,,,,,,False,,3.0,,,,262.0,,,4.0
495000.0,Porto,Vila do Conde,Vila Chã,House,C,,525.0,2.0,True,,1982.0,,,,False,,3.0,,,,135.0,,,2.0
265000.0,Porto,Amarante,Figueiró (Santiago e Santa Cristina),House,F,,1250.0,0.0,False,,1937.0,,,,False,,2.0,,,,210.0,,,2.0
550000.0,Porto,Póvoa de Varzim,"Póvoa de Varzim, Beiriz e Argivai",House,B,,177.0,2.0,True,,1976.0,,,,False,,3.0,,,,120.0,,,3.0
650000.0,Porto,Póvoa de Varzim,"Aver-o-Mar, Amorim e Terroso",House,A+,,699.0,3.0,True,,,,,,False,,3.0,,,,231.0,,,4.0
150000.0,Porto,Lousada,Macieira,House,C,,125.0,1.0,True,,,,,,False,,2.0,,,,65.0,,,0.0
325000.0,Porto,Matosinhos,"Custóias, Leça do Balio e Guifões",House,,258.0,172.0,1.0,True,,2003.0,,,,False,,4.0,,,,172.0,,,3.0
105000.0,Porto,Valongo,Ermesinde,House,,160.0,45.0,0.0,False,,1937.0,,,,False,,3.0,,,,45.0,,,0.0
145000.0,Porto,Vila Nova de Gaia,Mafamude e Vilar do Paraíso,House,,,60.0,1.0,True,,1958.0,,,,False,,1.0,,,,40.0,,,2.0
149000.0,Porto,Gondomar,Fânzeres e São Pedro da Cova,House,,227.0,227.0,0.0,False,,1989.0,,,,False,,2.0,,,,101.0,,,4.0
99500.0,Porto,Amarante,Padronelo,House,E,,120.0,1.0,True,,1937.0,,,,False,,4.0,,,,120.0,,,1.0
270000.0,Porto,Matosinhos,"Perafita, Lavra e Santa Cruz do Bispo",House,D,,156.0,1.0,True,,2023.0,,,,False,,3.0,,,,156.0,,,2.0
225000.0,Porto,Vila do Conde,Vila do Conde,House,C,136.0,219.0,0.0,False,,1951.0,,,,False,,2.0,,,,136.0,,,3.0
700000.0,Porto,Gondomar,"Gondomar (São Cosme), Valbom e Jovim",House,D,,621.0,3.0,True,,1927.0,,,,False,,6.0,,,,621.0,,,4.0
199900.0,Porto,Valongo,Valongo,House,E,,182.0,1.0,True,,1988.0,,,,False,,3.0,,,,100.0,,,2.0
79000.0,Porto,Póvoa de Varzim,Balazar,House,,285.0,285.0,0.0,False,,1937.0,,,,False,,3.0,,,,110.0,,,2.0
254000.0,Porto,Felgueiras,Vila Fria e Vizela (São Jorge),House,,307.0,1230.0,0.0,False,,1939.0,,,,False,,3.0,,,,280.0,,,0.0
130000.0,Porto,Felgueiras,Pombeiro de Ribavizela,House,G,,744.0,3.0,True,,2010.0,,,,False,,12.0,,,,260.0,,,0.0
189000.0,Porto,Felgueiras,Vila Cova da Lixa e Borba de Godim,House,D,,468.0,3.0,True,,1994.0,,,,False,,3.0,,,,200.0,,,1.0
130000.0,Porto,Amarante,Fregim,House,B,,200.0,2.0,True,,2022.0,,,,False,,1.0,,,,55.0,,,1.0
175000.0,Porto,Amarante,Fregim,House,B,,250.0,2.0,True,,2022.0,,,,False,,2.0,,,,70.0,,,1.0
132700.0,Porto,Felgueiras,Sendim,House,E,,121.0,1.0,True,,1988.0,,,,False,,3.0,,,,121.0,,,2.0
126500.0,Porto,Felgueiras,Vila Fria e Vizela (São Jorge),House,,,1200.0,1.0,True,,1968.0,,,,False,,2.0,,,,263.0,,,1.0
115000.0,Porto,Porto,Campanhã,House,E,,70.0,1.0,True,,1937.0,,,,False,,3.0,,,,54.0,,,1.0
200000.0,Porto,Gondomar,Rio Tinto,House,D,,209.0,1.0,True,,1984.0,,,,False,,4.0,,,,142.0,,,0.0
209000.0,Porto,Valongo,Valongo,House,C,104.0,89.0,1.0,True,,2009.0,,,,False,,2.0,,,,74.0,,,1.0
415000.0,Porto,Vila do Conde,Vila do Conde,House,A,335.0,141.0,1.0,True,,1992.0,,,,False,,5.0,,,,335.0,,,5.0
270000.0,Porto,Gondomar,Baguim do Monte,House,C,250.0,470.0,1.0,True,,1985.0,,,,False,,4.0,,,,214.0,,,2.0
349900.0,Porto,Maia,Castêlo da Maia,House,C,346.0,346.0,2.0,True,Triplex,2004.0,,,,False,,4.0,,,,283.0,,,3.0
229000.0,Porto,Marco de Canaveses,Banho e Carvalhosa,House,C,,800.0,2.0,True,,1994.0,,,,False,,3.0,,,,148.0,,,2.0
300000.0,Porto,Felgueiras,"Margaride (Santa Eulália), Várzea, Lagares, Varziela e Moure",House,D,,265.0,2.0,True,,1959.0,,,,False,,5.0,,,,875.0,,,1.0
380000.0,Porto,Maia,Nogueira e Silva Escura,House,A,221.0,177.0,2.0,True,,2017.0,,,,False,,4.0,,,,196.0,,,4.0
190000.0,Porto,Amarante,Freixo de Cima e de Baixo,House,,,300.0,0.0,False,,1950.0,,,,False,,4.0,,,,70.0,,,0.0
399000.0,Porto,Felgueiras,Pombeiro de Ribavizela,House,,,6970.0,2.0,True,,2009.0,,,,False,,3.0,,,,379.0,,,4.0
165000.0,Porto,Trofa,Coronado (São Romão e São Mamede),House,,,141.0,0.0,False,,2022.0,,,,False,,2.0,,,,70.0,,,0.0
185000.0,Porto,Amarante,Telões,House,F,,1240.0,3.0,True,,1995.0,,,,False,,2.0,,,,110.0,,,0.0
120000.0,Porto,Vila Nova de Gaia,Avintes,House,F,,457.0,0.0,False,,1951.0,,,,False,,3.0,,,,135.0,,,1.0
299500.0,Porto,Felgueiras,Airães,House,C,,390.0,3.0,True,,1996.0,,,,False,,5.0,,,,984.0,,,4.0
165000.0,Porto,Porto,Paranhos,House,F,108.0,80.0,0.0,False,,1937.0,,,,False,,2.0,,,,80.0,,,1.0
295000.0,Porto,Vila do Conde,Vila do Conde,House,,132.0,132.0,0.0,False,,1985.0,,,,False,,3.0,,,,120.0,,,2.0
398000.0,Porto,Póvoa de Varzim,"Aver-o-Mar, Amorim e Terroso",House,A+,233.0,382.0,2.0,True,,,,,,False,,4.0,,,,192.0,,,3.0
299900.0,Porto,Maia,Vila Nova da Telha,House,E,,762.0,3.0,True,,1965.0,,,,False,,2.0,,,,51.0,,,1.0
287000.0,Porto,Vila Nova de Gaia,Canelas,House,D,,384.0,2.0,True,Ground Floor,1951.0,,,,False,,2.0,,,,75.0,,,1.0
475000.0,Porto,Maia,Castêlo da Maia,House,C,,342.0,2.0,True,,2011.0,,,,False,,4.0,,,,186.0,,,3.0
125000.0,Porto,Valongo,Alfena,House,,,1300.0,3.0,True,,1951.0,,,,False,,3.0,,,,105.0,,,2.0
370000.0,Porto,Porto,"Cedofeita, Santo Ildefonso, Sé, Miragaia, São Nicolau e Vitória",House,B-,380.0,125.0,0.0,False,1st Floor,1991.0,,,,False,,3.0,,,,300.0,,,6.0
529000.0,Porto,Vila Nova de Gaia,Serzedo e Perosinho,House,D,,192.0,3.0,True,,2006.0,,,,False,,4.0,,,,309.0,,,5.0
340000.0,Porto,Paredes,Gandra,House,D,310.0,205.0,3.0,True,,2010.0,,,,False,,3.0,,,,205.0,,,3.0
565000.0,Porto,Vila Nova de Gaia,Gulpilhares e Valadares,House,A,228.0,144.0,2.0,True,,2013.0,,,,False,,3.0,,,,200.0,,,3.0
392000.0,Porto,Valongo,Campo e Sobrado,House,D,283.0,323.0,2.0,True,,1998.0,,,,False,,3.0,,,,196.0,,,4.0
350000.0,Porto,Amarante,Vila Chã do Marão,House,E,369.0,910.0,2.0,True,,2000.0,,,,False,,4.0,,,,369.0,,,6.0
340000.0,Porto,Trofa,Covelas,House,A,,252.0,3.0,True,,2016.0,,,,False,,3.0,,,,168.0,,,3.0
100000.0,Porto,Gondomar,Rio Tinto,House,F,77.0,107.0,0.0,False,,1968.0,,,,False,,2.0,,,,61.0,,,1.0
177000.0,Porto,Maia,Castêlo da Maia,House,,94.0,80.0,1.0,True,Ground Floor,1987.0,,,,False,,2.0,,,,80.0,,,2.0
99000.0,Porto,Vila Nova de Gaia,Canidelo,House,E,,225.0,0.0,False,,1951.0,,,,False,,2.0,,,,125.0,,,1.0
133000.0,Porto,Amarante,"Bustelo, Carneiro e Carvalho de Rei",House,F,83.0,1197.0,3.0,True,,1951.0,,,,False,,3.0,,,,72.0,,,1.0
637000.0,Porto,Vila Nova de Gaia,"Sandim, Olival, Lever e Crestuma",House,D,,600.0,2.0,True,,2003.0,,,,False,,3.0,,,,130.0,,,4.0
75000.0,Porto,Santo Tirso,Rebordões,House,,,650.0,2.0,True,,1938.0,,,,False,,2.0,,,,87.0,,,0.0
375000.0,Porto,Felgueiras,Friande,House,E,,1130.0,3.0,True,,2002.0,,,,True,,5.0,,,,240.0,,,0.0
180000.0,Porto,Porto,Campanhã,House,,,304.0,0.0,False,,1951.0,,,,False,,4.0,,,,70.0,,,2.0
328500.0,Porto,Matosinhos,"Custóias, Leça do Balio e Guifões",House,,404.0,560.0,3.0,True,,,,,,False,,3.0,,,,354.0,,,6.0
398000.0,Porto,Matosinhos,"Perafita, Lavra e Santa Cruz do Bispo",House,B-,130.0,130.0,1.0,True,,1937.0,,,,False,,3.0,,,,130.0,,,3.0
41000.0,Porto,Paredes,Rebordosa,House,,,405.0,0.0,False,,1991.0,,,,False,,3.0,,,,55.0,,,1.0
40000.0,Porto,Baião,Frende,House,,,80.0,0.0,False,,1937.0,,,,False,,2.0,,,,48.0,,,0.0
150000.0,Porto,Lousada,Macieira,House,C,,125.0,1.0,True,,,,,,False,,2.0,,,,65.0,,,0.0
400000.0,Porto,Porto,Paranhos,House,E,60.0,122.0,0.0,False,,1943.0,,,,False,,3.0,,,,160.0,,,4.0
584000.0,Porto,Trofa,Bougado (São Martinho e Santiago),House,C,459.0,1200.0,1.0,True,,2001.0,,,,False,,3.0,,,,315.0,,,4.0
268900.0,Porto,Santo Tirso,Vilarinho,House,,191.0,525.0,2.0,True,,2006.0,,,,False,,4.0,,,,160.0,,,3.0
165000.0,Porto,Póvoa de Varzim,"Póvoa de Varzim, Beiriz e Argivai",House,,,96.0,0.0,False,,1956.0,,,,False,,3.0,,,,184.0,,,2.0
780000.0,Porto,Vila Nova de Gaia,Canidelo,House,D,391.0,1691.0,2.0,True,,1950.0,,,,False,,5.0,,,,300.0,,,5.0
370000.0,Porto,Vila Nova de Gaia,Serzedo e Perosinho,House,D,82.0,290.0,3.0,True,,1996.0,,,,False,,4.0,,,,151.0,,,4.0
75000.0,Porto,Lousada,Macieira,House,,,285.0,2.0,True,,1980.0,,,,False,,3.0,,,,80.0,,,1.0
160000.0,Porto,Paredes,Beire,House,E,,2.0,3.0,True,,1937.0,,,,False,,3.0,,,,226.0,,,1.0
545000.0,Porto,Vila Nova de Gaia,Gulpilhares e Valadares,House,D,98.0,130.0,2.0,True,,2009.0,,,,False,,3.0,,,,255.0,,,4.0
265000.0,Porto,Penafiel,Croca,House,E,,892.0,2.0,True,,1988.0,,,,False,,3.0,,,,153.0,,,3.0
99000.0,Porto,Gondomar,"Gondomar (São Cosme), Valbom e Jovim",House,,,200.0,0.0,False,,2011.0,,,,False,,5.0,,,,229.0,,,2.0
180000.0,Porto,Marco de Canaveses,Bem Viver,House,D,,329.0,3.0,True,,2002.0,,,,False,,3.0,,,,164.0,,,2.0
279000.0,Porto,Póvoa de Varzim,"Aver-o-Mar, Amorim e Terroso",House,B,154.0,128.0,1.0,True,,2010.0,,,,False,,3.0,,,,119.0,,,2.0
379900.0,Porto,Vila Nova de Gaia,Avintes,House,D,240.0,260.0,3.0,True,,2002.0,,,,False,,4.0,,,,240.0,,,4.0
264000.0,Porto,Vila Nova de Gaia,Pedroso e Seixezelo,House,,,333.0,1.0,True,,1969.0,,,,False,,3.0,,,,115.0,,,1.0
120000.0,Porto,Vila Nova de Gaia,Santa Marinha e São Pedro da Afurada,House,D,,48.0,0.0,False,,1998.0,,,,False,,1.0,,,,48.0,,,1.0
55000.0,Porto,Penafiel,Sebolido,House,,274.0,243.0,0.0,False,,1937.0,,,,False,,2.0,,,,143.0,,,1.0
250000.0,Porto,Maia,Pedrouços,House,D,298.0,361.0,2.0,True,,1986.0,,,,False,,4.0,,,,200.0,,,3.0
95000.0,Porto,Penafiel,Croca,House,,98.0,2706.0,0.0,False,,1937.0,,,,False,,3.0,,,,70.0,,,0.0
255000.0,Porto,Penafiel,Penafiel,House,A,,220.0,1.0,True,,2022.0,,,,False,,3.0,,,,220.0,,,2.0
690000.0,Porto,Lousada,"Silvares, Pias, Nogueira e Alvarenga",House,E,,2400.0,3.0,True,,2002.0,,,,False,,4.0,,,,564.0,,,5.0
365000.0,Porto,Gondomar,Baguim do Monte,House,D,,267.0,3.0,True,Ground Floor,1988.0,,,,False,,4.0,,,,168.0,,,4.0
192000.0,Porto,Maia,Pedrouços,House,E,282.0,180.0,1.0,True,,1962.0,,,,False,,6.0,,,,282.0,,,3.0
56500.0,Porto,Felgueiras,Refontoura,House,F,,228.0,0.0,False,,1960.0,,,,False,,2.0,,,,80.0,,,1.0
56500.0,Porto,Felgueiras,Refontoura,House,F,,303.0,0.0,False,,1960.0,,,,False,,2.0,,,,96.0,,,1.0
56500.0,Porto,Felgueiras,Refontoura,House,F,,224.0,0.0,False,,1960.0,,,,False,,3.0,,,,80.0,,,1.0
185000.0,Porto,Paços de Ferreira,Eiriz,House,,,360.0,2.0,True,,1985.0,,,,False,,3.0,,,,93.0,,,2.0
565000.0,Porto,Vila Nova de Gaia,Serzedo e Perosinho,House,,348.0,290.0,2.0,True,,,,,,False,,3.0,,,,323.0,,,3.0
300000.0,Porto,Santo Tirso,"Santo Tirso, Couto (Santa Cristina e São Miguel) e Burgães",House,,,793.0,1.0,True,,1963.0,,,,False,,4.0,,,,139.0,,,1.0
166500.0,Porto,Maia,Cidade da Maia,House,,1000.0,1000.0,0.0,False,,1951.0,,,,False,,3.0,,,,150.0,,,2.0
170000.0,Porto,Amarante,Vila Meã,House,,180.0,582.0,2.0,True,,1982.0,,,,False,,3.0,,,,179.0,,,3.0
330000.0,Porto,Marco de Canaveses,Tabuado,House,D,,1240.0,2.0,True,,2006.0,,,,False,,3.0,,,,267.0,,,3.0
375000.0,Porto,Marco de Canaveses,"Alpendorada, Várzea e Torrão",House,D,196.0,836.0,0.0,False,,1959.0,,,,False,,4.0,,,,196.0,,,3.0
460000.0,Porto,Matosinhos,"Perafita, Lavra e Santa Cruz do Bispo",House,D,,155.0,2.0,True,,2000.0,,,,False,,3.0,,,,155.0,,,3.0
269000.0,Porto,Valongo,Ermesinde,House,C,270.0,270.0,1.0,True,Ground Floor,1988.0,,,,False,,2.0,,,,94.0,,,2.0
385000.0,Porto,Valongo,Ermesinde,House,E,411.0,250.0,2.0,True,,1983.0,,,,False,,3.0,,,,205.0,,,3.0
190000.0,Porto,Trofa,Coronado (São Romão e São Mamede),House,D,,87.0,1.0,True,1st Floor,2001.0,,,,False,,2.0,,,,119.0,,,1.0
138900.0,Porto,Amarante,Gouveia (São Simão),House,,,601.0,2.0,True,,1937.0,,,,False,,2.0,,,,41.0,,,1.0
750000.0,Porto,Porto,Bonfim,House,,236.0,158.0,1.0,True,,1937.0,,,,False,,4.0,,,,230.0,,,5.0
69900.0,Porto,Penafiel,Boelhe,House,,,345.0,0.0,False,,1947.0,,,,False,,2.0,,,,78.0,,,1.0
499000.0,Porto,Vila Nova de Gaia,Mafamude e Vilar do Paraíso,House,C,139.0,405.0,2.0,True,,2005.0,,,,False,,3.0,,,,198.0,,,5.0
700000.0,Porto,Porto,"Aldoar, Foz do Douro e Nevogilde",House,A,,506.0,3.0,True,,1952.0,,,,False,,4.0,,,,429.0,,,5.0
55000.0,Porto,Penafiel,Boelhe,House,,,3955.0,0.0,False,,1997.0,,,,False,,2.0,,,,105.0,,,1.0
500000.0,Porto,Valongo,Ermesinde,House,C,234.0,360.0,1.0,True,,2009.0,,,,False,,3.0,,,,200.0,,,4.0
145000.0,Porto,Paços de Ferreira,Paços de Ferreira,House,,,346.0,1.0,True,,1937.0,,,,False,,3.0,,,,200.0,,,2.0
500000.0,Porto,Vila do Conde,Mindelo,House,B-,292.0,308.0,2.0,True,,2008.0,,,,False,,3.0,,,,292.0,,,2.0
159900.0,Porto,Matosinhos,"Perafita, Lavra e Santa Cruz do Bispo",House,E,84.0,62.0,0.0,False,,1951.0,,,,False,,2.0,,,,42.0,,,2.0
296000.0,Porto,Matosinhos,Matosinhos e Leça da Palmeira,House,E,,132.0,0.0,False,,1988.0,,,,False,,3.0,,,,63.0,,,2.0
668800.0,Porto,Porto,Lordelo do Ouro e Massarelos,House,C,206.0,246.0,2.0,True,,2012.0,,,,False,,3.0,,,,161.0,,,4.0
415000.0,Porto,Póvoa de Varzim,"Póvoa de Varzim, Beiriz e Argivai",House,D,297.0,150.0,2.0,True,,2012.0,,,,False,,3.0,,,,197.0,,,3.0
950000.0,Porto,Porto,"Cedofeita, Santo Ildefonso, Sé, Miragaia, São Nicolau e Vitória",House,B,,140.0,3.0,True,,2019.0,,,,False,,4.0,,,,290.0,,,4.0
300000.0,Porto,Maia,Castêlo da Maia,House,,,936.0,2.0,True,,,,,,False,,4.0,,,,319.0,,,4.0
185000.0,Porto,Matosinhos,Matosinhos e Leça da Palmeira,House,,119.0,119.0,1.0,True,Ground Floor,1937.0,,,,False,,1.0,,,,19.0,,,1.0
195000.0,Porto,Matosinhos,Matosinhos e Leça da Palmeira,House,,,78.0,0.0,False,,1937.0,,,,False,,2.0,,,,78.0,,,1.0
220000.0,Porto,Santo Tirso,São Tomé Negrelos,House,,,105.0,2.0,True,,1938.0,,,,False,,3.0,,,,90.0,,,0.0
230000.0,Porto,Amarante,Vila Meã,House,C,257.0,317.0,1.0,True,,2009.0,,,,False,,3.0,,,,180.0,,,4.0
249000.0,Porto,Amarante,Lufrei,House,F,340.0,1595.0,0.0,False,,2002.0,,,,False,,5.0,,,,240.0,,,3.0
369000.0,Porto,Matosinhos,"Perafita, Lavra e Santa Cruz do Bispo",House,,,298.0,2.0,True,,1992.0,,,,False,,5.0,,,,258.0,,,3.0
375000.0,Porto,Gondomar,"Gondomar (São Cosme), Valbom e Jovim",House,F,,340.0,3.0,True,,2005.0,,,,False,,3.0,,,,178.0,,,4.0
108000.0,Porto,Paredes,Sobreira,House,E,,55.0,1.0,True,,2004.0,,,,False,,1.0,,,,79.0,,,1.0
79900.0,Porto,Baião,Ancede e Ribadouro,House,F,,8616.0,3.0,True,,1968.0,,,,False,,3.0,,,,28.0,,,1.0
65000.0,Porto,Baião,Ancede e Ribadouro,House,,,262.0,0.0,False,,2003.0,,,,False,,2.0,,,,102.0,,,1.0
590000.0,Porto,Póvoa de Varzim,Balazar,House,,515.0,1995.0,3.0,True,,1998.0,,,,False,,3.0,,,,260.0,,,3.0
328500.0,Porto,Felgueiras,Torrados e Sousa,House,D,,4171.0,2.0,True,,1985.0,,,,False,,3.0,,,,365.0,,,2.0
230000.0,Porto,Lousada,"Cristelos, Boim e Ordem",House,D,236.0,1250.0,2.0,True,,2001.0,,,,False,,3.0,,,,236.0,,,2.0
420000.0,Porto,Paredes,Cristelo,House,A,,2638.0,0.0,False,,2020.0,,,,False,,3.0,,,,169.0,,,4.0
125000.0,Porto,Santo Tirso,"Santo Tirso, Couto (Santa Cristina e São Miguel) e Burgães",House,,75.0,1420.0,3.0,True,,1950.0,,,,False,,1.0,,,,17.0,,,1.0
115000.0,Porto,Valongo,Ermesinde,House,F,78.0,78.0,0.0,False,,1955.0,,,,False,,2.0,,,,53.0,,,1.0
480000.0,Porto,Paredes,Recarei,House,E,,850.0,2.0,True,,2003.0,,,,False,,8.0,,,,340.0,,,6.0
419000.0,Porto,Vila do Conde,Modivas,House,D,228.0,1223.0,3.0,True,,1987.0,,,,False,,5.0,,,,156.0,,,3.0
365000.0,Porto,Matosinhos,"Custóias, Leça do Balio e Guifões",House,C,287.0,300.0,3.0,True,,1995.0,,,,False,,3.0,,,,165.0,,,4.0
397000.0,Porto,Amarante,"Amarante (São Gonçalo), Madalena, Cepelos e Gatão",House,A+,295.0,1009.0,1.0,True,,2009.0,,,,False,,3.0,,,,209.0,,,3.0
265000.0,Porto,Amarante,Fregim,House,A+,,257.0,2.0,True,,,,,,False,,3.0,,,,257.0,,,7.0
399000.0,Porto,Porto,Paranhos,House,C,168.0,270.0,0.0,False,,1973.0,,,,False,,3.0,,,,138.0,,,2.0
452000.0,Porto,Vila do Conde,Vila Chã,House,A+,355.0,277.0,2.0,True,,2010.0,,,,False,,4.0,,,,277.0,,,3.0
680000.0,Porto,Matosinhos,"Perafita, Lavra e Santa Cruz do Bispo",House,C,272.0,350.0,2.0,True,,2003.0,,,,False,,4.0,,,,234.0,,,3.0
160000.0,Porto,Matosinhos,"Custóias, Leça do Balio e Guifões",House,G,,300.0,0.0,False,,1972.0,,,,False,,3.0,,,,60.0,,,2.0
169000.0,Porto,Valongo,Valongo,House,F,,91.0,1.0,True,,1999.0,,,,True,,3.0,,,,91.0,,,1.0
50000.0,Porto,Penafiel,Guilhufe e Urrô,House,,,756.0,0.0,False,,1960.0,,,,False,,2.0,,,,55.0,,,1.0
65000.0,Porto,Baião,Santa Cruz do Douro e São Tomé de Covelas,House,,,1565.0,0.0,False,,1937.0,,,,False,,3.0,,,,95.0,,,2.0
266000.0,Porto,Maia,Castêlo da Maia,House,,,2109.0,0.0,False,,1937.0,,,,False,,4.0,,,,2109.0,,,0.0
265000.0,Porto,Amarante,Fregim,House,A+,,257.0,2.0,True,,,,,,False,,3.0,,,,257.0,,,7.0
379000.0,Porto,Felgueiras,"Pedreira, Rande e Sernande",House,A+,,269.0,2.0,True,,2022.0,,,,False,,3.0,,,,1092.0,,,2.0
430000.0,Porto,Maia,Cidade da Maia,House,F,,494.0,1.0,True,,1957.0,,,,False,,3.0,,,,200.0,,,3.0
450000.0,Porto,Vila do Conde,Fornelo e Vairão,House,B-,,678.0,3.0,True,,2006.0,,,,False,,4.0,,,,200.0,,,3.0
372000.0,Porto,Matosinhos,"Custóias, Leça do Balio e Guifões",House,C,272.0,218.0,1.0,True,,1994.0,,,,False,,4.0,,,,218.0,,,4.0
750000.0,Porto,Matosinhos,"Custóias, Leça do Balio e Guifões",House,A+,240.0,560.0,3.0,True,,2021.0,,,,False,,4.0,,,,175.0,,,4.0
98900.0,Porto,Baião,Valadares,House,F,,830.0,1.0,True,,1937.0,,,,False,,4.0,,,,148.0,,,2.0
320000.0,Porto,Marco de Canaveses,"Alpendorada, Várzea e Torrão",House,F,61.0,800.0,0.0,False,,1937.0,,,,False,,4.0,,,,112.0,,,2.0
325000.0,Porto,Gondomar,Rio Tinto,House,E,324.0,324.0,1.0,True,,1994.0,,,,False,,6.0,,,,288.0,,,3.0
575000.0,Porto,Amarante,"Vila Garcia, Aboim e Chapa",House,C,411.0,1440.0,3.0,True,,2008.0,,,,False,,7.0,,,,411.0,,,6.0
160000.0,Porto,Trofa,Muro,House,E,68.0,410.0,2.0,True,,1979.0,,,,False,,2.0,,,,45.0,,,1.0
298000.0,Porto,Maia,Pedrouços,House,D,270.0,360.0,2.0,True,,1998.0,,,,False,,3.0,,,,180.0,,,4.0
130000.0,Porto,Baião,Gestaçô,House,D,,900.0,0.0,False,,1995.0,,,,False,,5.0,,,,140.0,,,0.0
249000.0,Porto,Felgueiras,"Margaride (Santa Eulália), Várzea, Lagares, Varziela e Moure",House,F,,993.0,2.0,True,,1992.0,,,,False,,3.0,,,,160.0,,,2.0
390000.0,Porto,Vila Nova de Gaia,Madalena,House,B,,301.0,2.0,True,,2023.0,,,,False,,3.0,,,,218.0,,,4.0
165000.0,Porto,Marco de Canaveses,Penhalonga e Paços de Gaiolo,House,D,,82.0,2.0,True,,2002.0,,,,False,,3.0,,,,82.0,,,0.0
320000.0,Porto,Marco de Canaveses,"Várzea, Aliviada e Folhada",House,B,,600.0,1.0,True,,2023.0,,,,False,,3.0,,,,215.0,,,3.0
318000.0,Porto,Lousada,Meinedo,House,F,,1604.0,3.0,True,,1996.0,,,,False,,6.0,,,,238.0,,,4.0
320000.0,Porto,Porto,"Cedofeita, Santo Ildefonso, Sé, Miragaia, São Nicolau e Vitória",House,E,76.0,76.0,0.0,False,,1967.0,,,,False,,3.0,,,,76.0,,,3.0
720000.0,Porto,Vila Nova de Gaia,Oliveira do Douro,House,C,240.0,609.0,3.0,True,,2011.0,,,,False,,4.0,,,,178.0,,,3.0
259900.0,Porto,Lousada,Lustosa e Barrosas (Santo Estêvão),House,,,189.0,1.0,True,,2010.0,,,,False,,3.0,,,,336.0,,,2.0
438000.0,Porto,Maia,Milheirós,House,A+,496.0,386.0,2.0,True,,2005.0,,,,False,,5.0,,,,371.0,,,4.0
560000.0,Porto,Matosinhos,Matosinhos e Leça da Palmeira,House,C,240.0,650.0,3.0,True,,1977.0,,,,False,,7.0,,,,240.0,,,4.0
350000.0,Porto,Gondomar,"Gondomar (São Cosme), Valbom e Jovim",House,B,,164.0,1.0,True,,2023.0,,,,False,,3.0,,,,164.0,,,4.0
355000.0,Porto,Porto,Paranhos,House,F,,125.0,1.0,True,,1939.0,,,,False,,3.0,,,,140.0,,,3.0
319500.0,Porto,Valongo,Campo e Sobrado,House,B,278.0,168.0,3.0,True,,2010.0,,,,False,,3.0,,,,168.0,,,3.0
239000.0,Porto,Lousada,"Cristelos, Boim e Ordem",House,E,136.0,152.0,2.0,True,,1981.0,,,,False,,3.0,,,,136.0,,,4.0
540000.0,Porto,Lousada,"Cristelos, Boim e Ordem",House,B-,500.0,563.0,3.0,True,,,,,,False,,3.0,,,,300.0,,,4.0
472500.0,Porto,Marco de Canaveses,"Alpendorada, Várzea e Torrão",House,A,,521.0,2.0,True,,2003.0,,,,False,,4.0,,,,266.0,,,5.0
495000.0,Porto,Vila do Conde,Vila do Conde,House,A,218.0,250.0,1.0,True,,,,,,False,,4.0,,,,195.0,,,4.0
240000.0,Porto,Vila do Conde,Vilar e Mosteiró,House,,185.0,523.0,1.0,True,,1937.0,,,,False,,2.0,,,,84.0,,,3.0
960000.0,Porto,Maia,Cidade da Maia,House,C,425.0,302.0,2.0,True,,2010.0,,,,False,,4.0,,,,300.0,,,5.0
494000.0,Porto,Matosinhos,"Custóias, Leça do Balio e Guifões",House,,293.0,175.0,3.0,True,,,,,,False,,4.0,,,,210.0,,,4.0
800000.0,Porto,Matosinhos,Matosinhos e Leça da Palmeira,House,F,268.0,224.0,2.0,True,,1988.0,,,,False,,5.0,,,,248.0,,,4.0
250000.0,Porto,Santo Tirso,Vila Nova do Campo,House,,,1251.0,2.0,True,,1938.0,,,,False,,6.0,,,,303.0,,,2.0
239000.0,Porto,Paços de Ferreira,Figueiró,House,B-,,128.0,2.0,True,,1993.0,,,,False,,3.0,,,,162.0,,,3.0
659000.0,Porto,Amarante,Vila Meã,House,C,520.0,2493.0,2.0,True,,1937.0,,,,False,,5.0,,,,260.0,,,5.0
268000.0,Porto,Valongo,Ermesinde,House,E,,105.0,0.0,False,1st Floor,1989.0,,,,False,,3.0,,,,97.0,,,2.0
175000.0,Porto,Vila Nova de Gaia,Canelas,House,E,,212.0,1.0,True,,1964.0,,,,False,,1.0,,,,55.0,,,1.0
365000.0,Porto,Gondomar,"Gondomar (São Cosme), Valbom e Jovim",House,C,,414.0,1.0,True,,1984.0,,,,False,,3.0,,,,216.0,,,2.0
170000.0,Porto,Marco de Canaveses,Sande e São Lourenço,House,F,,4000.0,3.0,True,,1977.0,,,,False,,3.0,,,,140.0,,,1.0
650000.0,Porto,Marco de Canaveses,Vila Boa do Bispo,House,B,,3100.0,3.0,True,,2003.0,,,,False,,4.0,,,,792.0,,,6.0
689900.0,Porto,Valongo,Valongo,House,C,434.0,487.0,3.0,True,,2012.0,,,,False,,3.0,,,,347.0,,,6.0
450000.0,Porto,Vila Nova de Gaia,Arcozelo,House,B-,361.0,378.0,1.0,True,,2007.0,,,,False,,4.0,,,,291.0,,,4.0
499000.0,Porto,Vila Nova de Gaia,Madalena,House,A+,,261.0,2.0,True,,,,,,False,,3.0,,,,135.0,,,3.0
660000.0,Porto,Vila Nova de Gaia,Madalena,House,A+,,412.0,2.0,True,,,,,,False,,3.0,,,,156.0,,,3.0
640000.0,Porto,Vila Nova de Gaia,Madalena,House,A+,,382.0,2.0,True,,,,,,False,,3.0,,,,157.0,,,3.0
42500.0,Porto,Vila Nova de Gaia,Mafamude e Vilar do Paraíso,House,,,290.0,0.0,False,,1937.0,,,,False,,2.0,,,,40.0,,,0.0
134000.0,Porto,Baião,Ancede e Ribadouro,House,F,,113.0,2.0,True,,1983.0,,,,False,,3.0,,,,226.0,,,2.0
150000.0,Porto,Vila Nova de Gaia,Oliveira do Douro,House,E,,342.0,0.0,False,,1984.0,,,,False,,3.0,,,,288.0,,,2.0
144500.0,Porto,Paredes,Sobreira,House,,,1500.0,2.0,True,,1993.0,,,,False,,2.0,,,,100.0,,,2.0
85000.0,Porto,Marco de Canaveses,"Alpendorada, Várzea e Torrão",House,,,327.0,0.0,False,,1937.0,,,,False,,2.0,,,,72.0,,,0.0
350000.0,Porto,Porto,Paranhos,House,E,117.0,110.0,1.0,True,,1977.0,,,,False,,3.0,,,,113.0,,,2.0
100000.0,Porto,Felgueiras,"Pedreira, Rande e Sernande",House,A,,173.0,1.0,True,,1999.0,,,,False,,3.0,,,,123.0,,,2.0
259000.0,Porto,Felgueiras,"Margaride (Santa Eulália), Várzea, Lagares, Varziela e Moure",House,D,,260.0,3.0,True,,2006.0,,,,False,,3.0,,,,163.0,,,2.0
389000.0,Porto,Vila do Conde,Modivas,House,D,228.0,1223.0,3.0,True,,1987.0,,,,False,,5.0,,,,156.0,,,3.0
179000.0,Porto,Matosinhos,"Perafita, Lavra e Santa Cruz do Bispo",House,,,499.0,2.0,True,,1990.0,,,,False,,2.0,,,,92.0,,,2.0
450000.0,Porto,Póvoa de Varzim,"Aver-o-Mar, Amorim e Terroso",House,A+,233.0,400.0,2.0,True,,,,,,False,,4.0,,,,192.0,,,3.0
250000.0,Porto,Vila Nova de Gaia,Arcozelo,House,E,180.0,176.0,1.0,True,,1964.0,,,,False,,4.0,,,,180.0,,,3.0
649900.0,Porto,Matosinhos,"Perafita, Lavra e Santa Cruz do Bispo",House,A,312.0,222.0,1.0,True,,2020.0,,,,False,,3.0,,,,246.0,,,5.0
330000.0,Porto,Vila Nova de Gaia,"Sandim, Olival, Lever e Crestuma",House,A,205.0,338.0,1.0,True,,2022.0,,,,False,,3.0,,,,184.0,,,2.0
600000.0,Porto,Porto,Bonfim,House,E,,273.0,0.0,False,,1950.0,,,,False,,6.0,,,,273.0,,,2.0
385000.0,Porto,Porto,Ramalde,House,C,184.0,468.0,3.0,True,,1978.0,,,,False,,4.0,,,,164.0,,,2.0
289900.0,Porto,Matosinhos,São Mamede de Infesta e Senhora da Hora,House,,112.0,456.0,1.0,True,,1937.0,,,,False,,3.0,,,,96.0,,,0.0
95000.0,Porto,Porto,Campanhã,House,D,,70.0,0.0,False,,1951.0,,,,False,,2.0,,,,70.0,,,1.0
450000.0,Porto,Gondomar,Fânzeres e São Pedro da Cova,House,B,125.0,362.0,2.0,True,,2023.0,,,,False,,4.0,,,,237.0,,,3.0
525000.0,Porto,Vila Nova de Gaia,Serzedo e Perosinho,House,D,,1300.0,3.0,True,,2003.0,,,,True,,4.0,,,,300.0,,,6.0
190000.0,Porto,Santo Tirso,Agrela,House,E,148.0,132.0,2.0,True,,1955.0,,,,False,,3.0,,,,88.0,,,2.0
55000.0,Porto,Amarante,Candemil,House,,,124.0,0.0,False,,1976.0,,,,False,,3.0,,,,54.0,,,1.0
450000.0,Porto,Gondomar,Melres e Medas,House,E,300.0,2960.0,3.0,True,,2003.0,,,,False,,4.0,,,,200.0,,,4.0
109000.0,Porto,Felgueiras,Pombeiro de Ribavizela,House,G,,242.0,1.0,True,Ground Floor,1995.0,,,,False,,3.0,,,,620.0,,,0.0
250000.0,Porto,Maia,Pedrouços,House,,168.0,467.0,0.0,False,,2009.0,,,,False,,5.0,,,,157.0,,,0.0
330000.0,Porto,Maia,Pedrouços,House,,,162.0,0.0,False,,2009.0,,,,False,,4.0,,,,174.0,,,2.0
280000.0,Porto,Gondomar,Rio Tinto,House,D,262.0,168.0,3.0,True,,1994.0,,,,False,,3.0,,,,175.0,,,3.0
849900.0,Porto,Gondomar,"Gondomar (São Cosme), Valbom e Jovim",House,B-,262.0,1400.0,3.0,True,,2018.0,,,,False,,4.0,,,,262.0,,,3.0
210000.0,Porto,Maia,Moreira,House,,,560.0,0.0,False,,1937.0,,,,False,,3.0,,,,98.0,,,1.0
350000.0,Porto,Marco de Canaveses,Avessadas e Rosém,House,D,,9080.0,2.0,True,,1980.0,,,,False,,3.0,,,,230.0,,,2.0
160500.0,Porto,Amarante,Vila Meã,House,D,,500.0,1.0,True,,1979.0,,,,False,,5.0,,,,105.0,,,4.0
590000.0,Porto,Lousada,Figueiras e Covas,House,A,254.0,1000.0,3.0,True,,,,,,False,,3.0,,,,254.0,,,3.0
690000.0,Porto,Vila Nova de Gaia,Oliveira do Douro,House,C,345.0,1137.0,3.0,True,,1939.0,,,,False,,4.0,,,,230.0,,,4.0
129000.0,Porto,Penafiel,Abragão,House,F,,198.0,0.0,False,,,,,,False,,2.0,,,,35.0,,,1.0
355000.0,Porto,Maia,Nogueira e Silva Escura,House,D,,402.0,2.0,True,,1999.0,,,,False,,4.0,,,,224.0,,,4.0
220000.0,Porto,Valongo,Alfena,House,D,132.0,120.0,1.0,True,1st Floor,1994.0,,,,False,,3.0,,,,120.0,,,2.0
185000.0,Porto,Felgueiras,Refontoura,House,D,,350.0,2.0,True,,1984.0,,,,False,,3.0,,,,240.0,,,2.0
140000.0,Porto,Vila Nova de Gaia,Santa Marinha e São Pedro da Afurada,House,,185.0,55.0,0.0,False,,1937.0,,,,False,,4.0,,,,55.0,,,1.0
160000.0,Porto,Vila Nova de Gaia,Santa Marinha e São Pedro da Afurada,House,,163.0,90.0,0.0,False,,1937.0,,,,False,,4.0,,,,90.0,,,1.0
80000.0,Porto,Vila Nova de Gaia,Santa Marinha e São Pedro da Afurada,House,,74.0,19.0,0.0,False,,1937.0,,,,False,,1.0,,,,19.0,,,1.0
295000.0,Porto,Amarante,"Amarante (São Gonçalo), Madalena, Cepelos e Gatão",House,A,323.0,217.0,1.0,True,,1999.0,,,,False,,4.0,,,,217.0,,,4.0
289000.0,Porto,Matosinhos,"Perafita, Lavra e Santa Cruz do Bispo",House,D,127.0,277.0,1.0,True,,2015.0,,,,False,,3.0,,,,111.0,,,2.0
549000.0,Porto,Amarante,Vila Caiz,House,,295.0,198.0,2.0,True,,,,,,False,,4.0,,,,197.0,,,3.0
549000.0,Porto,Amarante,Vila Caiz,House,,295.0,198.0,2.0,True,,,,,,False,,4.0,,,,197.0,,,3.0
249900.0,Porto,Marco de Canaveses,"Alpendorada, Várzea e Torrão",House,D,,250.0,3.0,True,,2001.0,,,,False,,4.0,,,,232.0,,,3.0
289000.0,Porto,Vila Nova de Gaia,Grijó e Sermonde,House,C,,82.0,2.0,True,,1996.0,,,,False,,2.0,,,,82.0,,,2.0
549000.0,Porto,Amarante,Vila Caiz,House,,295.0,198.0,2.0,True,,,,,,False,,4.0,,,,197.0,,,3.0
165000.0,Porto,Vila Nova de Gaia,Santa Marinha e São Pedro da Afurada,House,E,,57.0,0.0,False,,1951.0,,,,False,,2.0,,,,66.0,,,1.0
230000.0,Porto,Gondomar,Rio Tinto,House,D,90.0,90.0,0.0,False,,1988.0,,,,False,,3.0,,,,90.0,,,2.0
252000.0,Porto,Amarante,Telões,House,E,,280.0,3.0,True,Ground Floor,2006.0,,,,False,,3.0,,,,179.0,,,6.0
380000.0,Porto,Santo Tirso,"Santo Tirso, Couto (Santa Cristina e São Miguel) e Burgães",House,D,164.0,350.0,0.0,False,,1938.0,,,,False,,3.0,,,,82.0,,,3.0
450000.0,Porto,Marco de Canaveses,Marco,House,E,232.0,5000.0,1.0,True,,2005.0,,,,False,,3.0,,,,110.0,,,3.0
270000.0,Porto,Baião,Ancede e Ribadouro,House,,227.0,3589.0,3.0,True,,2001.0,,,,False,,4.0,,,,227.0,,,5.0
269000.0,Porto,Gondomar,Rio Tinto,House,,,1410.0,3.0,True,,1995.0,,,,False,,5.0,,,,483.0,,,6.0
390000.0,Porto,Santo Tirso,"Santo Tirso, Couto (Santa Cristina e São Miguel) e Burgães",House,A+,,180.0,2.0,True,,,,,,False,,4.0,,,,270.0,,,5.0
280000.0,Porto,Paredes,Cristelo,House,C,250.0,473.0,2.0,True,,2009.0,,,,False,,3.0,,,,172.0,,,4.0
165000.0,Porto,Gondomar,"Gondomar (São Cosme), Valbom e Jovim",House,F,380.0,985.0,2.0,True,,1983.0,,,,False,,5.0,,,,170.0,,,3.0
395000.0,Porto,Marco de Canaveses,"Alpendorada, Várzea e Torrão",House,D,,584.0,3.0,True,,2005.0,,,,False,,3.0,,,,283.0,,,3.0
120000.0,Porto,Vila Nova de Gaia,Gulpilhares e Valadares,House,,,320.0,0.0,False,,2000.0,,,,False,,3.0,,,,84.0,,,1.0
150000.0,Porto,Paredes,Parada de Todeia,House,F,,784.0,0.0,False,,1937.0,,,,False,,3.0,,,,109.0,,,1.0
245000.0,Porto,Marco de Canaveses,Marco,House,D,,288.0,1.0,True,,2002.0,,,,False,,3.0,,,,96.0,,,2.0
170000.0,Porto,Marco de Canaveses,Sande e São Lourenço,House,C,,441.0,1.0,True,,1937.0,,,,False,,3.0,,,,217.0,,,2.0
350000.0,Porto,Vila Nova de Gaia,Canidelo,House,B,223.0,223.0,2.0,True,,1999.0,,,,False,,3.0,,,,120.0,,,3.0
485000.0,Porto,Matosinhos,São Mamede de Infesta e Senhora da Hora,House,D,186.0,227.0,2.0,True,,1966.0,,,,False,,3.0,,,,126.0,,,2.0
299000.0,Porto,Gondomar,Melres e Medas,House,C,,603.0,3.0,True,,1997.0,,,,False,,5.0,,,,498.0,,,5.0
100000.0,Porto,Baião,Baião (Santa Leocádia) e Mesquinhata,House,,,6146.0,3.0,True,,1937.0,,,,False,,3.0,,,,103.0,,,1.0
80000.0,Porto,Santo Tirso,Rebordões,House,,130.0,920.0,,True,,1977.0,,,,False,,3.0,,,,170.0,,,4.0
288000.0,Porto,Vila do Conde,"Bagunte, Ferreiró, Outeiro Maior e Parada",House,,213.0,298.0,1.0,True,,2009.0,,,,False,,3.0,,,,192.0,,,3.0
212000.0,Porto,Gondomar,Rio Tinto,House,E,,222.0,2.0,True,,1977.0,,,,False,,5.0,,,,222.0,,,0.0
319000.0,Porto,Vila Nova de Gaia,Serzedo e Perosinho,House,,,105.0,2.0,True,Ground Floor,1937.0,,,,False,,2.0,,,,132.0,,,2.0
115000.0,Porto,Felgueiras,Pinheiro,House,F,,1380.0,1.0,True,,1968.0,,,,False,,3.0,,,,238.0,,,1.0
130000.0,Porto,Felgueiras,"Margaride (Santa Eulália), Várzea, Lagares, Varziela e Moure",House,,,70.0,0.0,False,,1937.0,,,,False,,2.0,,,,70.0,,,2.0
165000.0,Porto,Porto,Paranhos,House,,,64.0,0.0,False,,1937.0,,,,False,,1.0,,,,36.0,,,1.0
165000.0,Porto,Porto,Paranhos,House,,50.0,53.0,0.0,False,,1937.0,,,,False,,1.0,,,,36.0,,,1.0
165000.0,Porto,Porto,Paranhos,House,,50.0,53.0,0.0,False,,1937.0,,,,False,,1.0,,,,36.0,,,1.0
369900.0,Porto,Gondomar,Rio Tinto,House,C,337.0,325.0,3.0,True,,1996.0,,,,False,,3.0,,,,187.0,,,5.0
69500.0,Porto,Marco de Canaveses,"Várzea, Aliviada e Folhada",House,,,1111.0,0.0,False,,1938.0,,,,False,,2.0,,,,96.0,,,0.0
765000.0,Porto,Matosinhos,"Perafita, Lavra e Santa Cruz do Bispo",House,B,563.0,2350.0,3.0,True,,2001.0,,,,False,,4.0,,,,408.0,,,5.0
199500.0,Porto,Porto,Campanhã,House,E,,160.0,0.0,False,,1935.0,,,,False,,2.0,,,,160.0,,,2.0
302500.0,Porto,Valongo,Valongo,House,E,,141.0,2.0,True,,2003.0,,,,False,,3.0,,,,192.0,,,3.0
120000.0,Porto,Vila Nova de Gaia,Pedroso e Seixezelo,House,C,,240.0,0.0,False,,1986.0,,,,False,,1.0,,,,120.0,,,3.0
49000.0,Porto,Amarante,Vila Caiz,House,,42.0,1542.0,0.0,False,,1937.0,,,,False,,1.0,,,,42.0,,,2.0
275000.0,Porto,Amarante,"Amarante (São Gonçalo), Madalena, Cepelos e Gatão",House,F,236.0,227.0,1.0,True,,1982.0,,,,False,,2.0,,,,236.0,,,2.0
270000.0,Porto,Paredes,Cristelo,House,E,,7157.0,3.0,True,,2000.0,,,,False,,4.0,,,,324.0,,,3.0
480000.0,Porto,Amarante,"Amarante (São Gonçalo), Madalena, Cepelos e Gatão",House,E,310.0,590.0,3.0,True,,2002.0,,,,False,,4.0,,,,210.0,,,6.0
190000.0,Porto,Valongo,Valongo,House,,104.0,71.0,0.0,False,,1988.0,,,,False,,4.0,,,,104.0,,,2.0
460000.0,Porto,Porto,Paranhos,House,C,,151.0,0.0,False,,1965.0,,,,False,,5.0,,,,273.0,,,3.0
67000.0,Porto,Amarante,"Bustelo, Carneiro e Carvalho de Rei",House,,,200.0,1.0,True,,1937.0,,,,False,,2.0,,,,47.0,,,1.0
320000.0,Porto,Marco de Canaveses,Vila Boa de Quires e Maureles,House,F,,110.0,0.0,False,,1999.0,,,,False,,3.0,,,,220.0,,,1.0
850000.0,Porto,Porto,"Aldoar, Foz do Douro e Nevogilde",House,D,,96.0,0.0,False,,2000.0,,,,False,,3.0,,,,115.0,,,3.0
225000.0,Porto,Santo Tirso,"Santo Tirso, Couto (Santa Cristina e São Miguel) e Burgães",House,,180.0,80.0,2.0,True,Ground Floor,,,,,False,,2.0,,,,80.0,,,2.0
79900.0,Porto,Baião,Gove,House,F,180.0,130.0,0.0,False,,1978.0,,,,False,,4.0,,,,80.0,,,4.0
249000.0,Porto,Porto,Campanhã,House,C,,98.0,1.0,True,,1965.0,,,,False,,3.0,,,,78.0,,,1.0
354000.0,Porto,Valongo,Alfena,House,C,,165.0,1.0,True,,2002.0,,,,False,,3.0,,,,247.0,,,4.0
550000.0,Porto,Penafiel,Galegos,House,E,,1250.0,0.0,False,,2001.0,,,,False,,5.0,,,,400.0,,,2.0
700000.0,Porto,Gondomar,"Gondomar (São Cosme), Valbom e Jovim",House,D,,621.0,2.0,True,,1970.0,,,,False,,6.0,,,,621.0,,,4.0
449000.0,Porto,Póvoa de Varzim,"Póvoa de Varzim, Beiriz e Argivai",House,B,224.0,305.0,2.0,True,,2023.0,,,,False,,3.0,,,,180.0,,,3.0
235000.0,Porto,Felgueiras,Pombeiro de Ribavizela,House,A,,300.0,2.0,True,,2022.0,,,,False,,3.0,,,,130.0,,,3.0
439000.0,Porto,Matosinhos,"Perafita, Lavra e Santa Cruz do Bispo",House,D,,155.0,2.0,True,,2000.0,,,,False,,3.0,,,,155.0,,,3.0
295000.0,Porto,Maia,Pedrouços,House,,,72.0,0.0,False,,1969.0,,,,False,,3.0,,,,72.0,,,2.0
199500.0,Porto,Marco de Canaveses,Sande e São Lourenço,House,F,,1230.0,2.0,True,,2002.0,,,,False,,3.0,,,,240.0,,,2.0
119000.0,Porto,Marco de Canaveses,"Várzea, Aliviada e Folhada",House,E,,64.0,0.0,False,,1968.0,,,,False,,2.0,,,,64.0,,,2.0
132000.0,Porto,Maia,Águas Santas,House,C,36.0,30.0,0.0,False,,1951.0,,,,False,,1.0,,,,30.0,,,1.0
715000.0,Porto,Porto,Paranhos,House,E,564.0,524.0,0.0,False,,1937.0,,,,False,,8.0,,,,520.0,,,4.0
170000.0,Porto,Felgueiras,Vila Cova da Lixa e Borba de Godim,House,E,156.0,308.0,2.0,True,,2000.0,,,,False,,3.0,,,,312.0,,,3.0
457000.0,Porto,Vila Nova de Gaia,"Sandim, Olival, Lever e Crestuma",House,F,,967.0,0.0,False,,1937.0,,,,False,,5.0,,,,337.0,,,4.0
285000.0,Porto,Amarante,Telões,House,F,,194.0,2.0,True,,1937.0,,,,False,,6.0,,,,438.0,,,0.0
470000.0,Porto,Gondomar,Rio Tinto,House,C,415.0,421.0,1.0,True,,2000.0,,,,False,,6.0,,,,289.0,,,5.0
310000.0,Porto,Trofa,Bougado (São Martinho e Santiago),House,E,333.0,182.0,2.0,True,,2007.0,,,,False,,4.0,,,,182.0,,,4.0
310000.0,Porto,Lousada,Sousela,House,A,,593.0,3.0,True,,2007.0,,,,False,,3.0,,,,206.0,,,3.0
435000.0,Porto,Baião,Campelo e Ovil,House,A,,1725.0,3.0,True,,2017.0,,,,False,,4.0,,,,165.0,,,0.0
330000.0,Porto,Matosinhos,"Custóias, Leça do Balio e Guifões",House,D,215.0,186.0,0.0,False,,1988.0,,,,False,,4.0,,,,198.0,,,2.0
35000.0,Porto,Amarante,Vila Meã,House,,50.0,170.0,0.0,False,,1937.0,,,,False,,2.0,,,,40.0,,,0.0
535000.0,Porto,Matosinhos,"Perafita, Lavra e Santa Cruz do Bispo",House,C,275.0,337.0,2.0,True,,1992.0,,,,True,,4.0,,,,180.0,,,3.0
185000.0,Porto,Vila Nova de Gaia,Gulpilhares e Valadares,House,E,,850.0,1.0,True,,1982.0,,,,False,,2.0,,,,89.0,,,1.0
510000.0,Porto,Gondomar,Fânzeres e São Pedro da Cova,House,A,,393.0,2.0,True,,,,,,False,,3.0,,,,184.0,,,5.0
470000.0,Porto,Gondomar,Fânzeres e São Pedro da Cova,House,A,,184.0,2.0,True,,,,,,False,,3.0,,,,184.0,,,5.0
470000.0,Porto,Gondomar,Fânzeres e São Pedro da Cova,House,A,,195.0,2.0,True,,,,,,False,,3.0,,,,189.0,,,5.0
470000.0,Porto,Gondomar,Fânzeres e São Pedro da Cova,House,A,,195.0,2.0,True,,,,,,False,,3.0,,,,189.0,,,5.0
470000.0,Porto,Gondomar,Fânzeres e São Pedro da Cova,House,A,,195.0,2.0,True,,,,,,False,,3.0,,,,189.0,,,5.0
155000.0,Porto,Penafiel,Rio de Moinhos,House,F,,50.0,0.0,False,,1937.0,,,,False,,3.0,,,,50.0,,,3.0
495000.0,Porto,Gondomar,Fânzeres e São Pedro da Cova,House,A,,279.0,2.0,True,,,,,,False,,3.0,,,,189.0,,,5.0
385000.0,Porto,Porto,Bonfim,House,F,268.0,203.0,0.0,False,,1940.0,,,,False,,5.0,,,,255.0,,,2.0
135000.0,Porto,Gondomar,"Gondomar (São Cosme), Valbom e Jovim",House,,,47.0,0.0,False,,1972.0,,,,False,,1.0,,,,47.0,,,1.0
520000.0,Porto,Porto,Ramalde,House,F,144.0,110.0,3.0,True,,1950.0,,,,False,,3.0,,,,96.0,,,2.0
650000.0,Porto,Gondomar,"Gondomar (São Cosme), Valbom e Jovim",House,A,281.0,290.0,2.0,True,,2004.0,,,,False,,4.0,,,,179.0,,,5.0
345000.0,Porto,Gondomar,"Gondomar (São Cosme), Valbom e Jovim",House,E,,270.0,2.0,True,,1976.0,,,,False,,5.0,,,,210.0,,,3.0
347000.0,Porto,Gondomar,"Gondomar (São Cosme), Valbom e Jovim",House,C,330.0,330.0,3.0,True,,1993.0,,,,False,,4.0,,,,262.0,,,4.0
216000.0,Porto,Santo Tirso,"Areias, Sequeiró, Lama e Palmeira",House,E,135.0,2999.0,0.0,False,,1952.0,,,,False,,3.0,,,,132.0,,,0.0
420000.0,Porto,Vila do Conde,Vila do Conde,House,,,220.0,0.0,False,,1993.0,,,,False,,4.0,,,,115.0,,,2.0
190000.0,Porto,Felgueiras,"Margaride (Santa Eulália), Várzea, Lagares, Varziela e Moure",House,F,,105.0,0.0,False,,,,,,False,,3.0,,,,124.0,,,2.0
499000.0,Porto,Vila do Conde,Labruge,House,B-,84.0,382.0,2.0,True,,2006.0,,,,False,,4.0,,,,177.0,,,3.0
800000.0,Porto,Vila Nova de Gaia,Arcozelo,House,C,290.0,2315.0,3.0,True,,2012.0,,,,False,,3.0,,,,290.0,,,3.0
210000.0,Porto,Marco de Canaveses,Vila Boa do Bispo,House,E,,3250.0,1.0,True,,1985.0,,,,False,,2.0,,,,149.0,,,1.0
260000.0,Porto,Penafiel,Perozelo,House,A+,,275.0,2.0,True,,2010.0,,,,False,,3.0,,,,188.0,,,3.0
205000.0,Porto,Penafiel,Termas de São Vicente,House,E,310.0,1865.0,3.0,True,,2023.0,,,,False,,3.0,,,,123.0,,,2.0
300000.0,Porto,Santo Tirso,"Areias, Sequeiró, Lama e Palmeira",House,,295.0,1100.0,3.0,True,,1985.0,,,,False,,3.0,,,,126.0,,,4.0
699000.0,Porto,Vila do Conde,Vilar de Pinheiro,House,E,,468.0,1.0,True,,1965.0,,,,False,,7.0,,,,217.0,,,6.0
78000.0,Porto,Santo Tirso,Vilarinho,House,,,524.0,2.0,True,,1986.0,,,,False,,3.0,,,,108.0,,,2.0
287000.0,Porto,Vila Nova de Gaia,Canidelo,House,E,109.0,507.0,2.0,True,,1975.0,,,,False,,2.0,,,,91.0,,,2.0
80000.0,Porto,Baião,Teixeira e Teixeiró,House,,,40.0,1.0,True,,1937.0,,,,False,,2.0,,,,40.0,,,1.0
500000.0,Porto,Maia,Cidade da Maia,House,E,292.0,5431.0,2.0,True,,1981.0,,,,False,,3.0,,,,120.0,,,3.0
560000.0,Porto,Vila Nova de Gaia,Serzedo e Perosinho,House,,348.0,290.0,2.0,True,,,,,,False,,3.0,,,,323.0,,,4.0
275000.0,Porto,Santo Tirso,Rebordões,House,C,,150.0,2.0,True,,1994.0,,,,False,,4.0,,,,217.0,,,3.0
450000.0,Porto,Maia,Nogueira e Silva Escura,House,C,341.0,184.0,3.0,True,,2007.0,,,,False,,4.0,,,,184.0,,,4.0
329900.0,Porto,Vila Nova de Gaia,Mafamude e Vilar do Paraíso,House,,138.0,328.0,2.0,True,,1937.0,,,,False,,3.0,,,,69.0,,,2.0
289000.0,Porto,Vila Nova de Gaia,Mafamude e Vilar do Paraíso,House,C,,105.0,1.0,True,,1963.0,,,,False,,3.0,,,,187.0,,,2.0
640000.0,Porto,Vila Nova de Gaia,Mafamude e Vilar do Paraíso,House,B-,,220.0,3.0,True,,1985.0,,,,False,,4.0,,,,270.0,,,4.0
349900.0,Porto,Santo Tirso,São Tomé Negrelos,House,C,148.0,869.0,2.0,True,,1981.0,,,,False,,3.0,,,,148.0,,,0.0
199000.0,Porto,Felgueiras,"Margaride (Santa Eulália), Várzea, Lagares, Varziela e Moure",House,D,,470.0,0.0,False,,2008.0,,,,False,,3.0,,,,470.0,,,3.0
250000.0,Porto,Marco de Canaveses,Bem Viver,House,D,,197.0,1.0,True,,1971.0,,,,False,,6.0,,,,235.0,,,0.0
268000.0,Porto,Porto,Campanhã,House,D,,198.0,0.0,False,,1949.0,,,,False,,2.0,,,,60.0,,,1.0
248000.0,Porto,Vila Nova de Gaia,Mafamude e Vilar do Paraíso,House,D,,557.0,0.0,False,,1937.0,,,,False,,5.0,,,,251.0,,,5.0
299000.0,Porto,Matosinhos,Matosinhos e Leça da Palmeira,House,,,1222.0,0.0,False,,1950.0,,,,False,,7.0,,,,209.0,,,7.0
374000.0,Porto,Lousada,"Silvares, Pias, Nogueira e Alvarenga",House,B,,494.0,3.0,True,,2019.0,,,,False,,3.0,,,,416.0,,,4.0
469900.0,Porto,Vila Nova de Gaia,Madalena,House,C,348.0,387.0,2.0,True,,2006.0,,,,False,,4.0,,,,257.0,,,6.0
490000.0,Porto,Porto,Paranhos,House,B,173.0,133.0,0.0,False,,1956.0,,,,False,,6.0,,,,173.0,,,6.0
119000.0,Porto,Felgueiras,Macieira da Lixa e Caramos,House,E,,260.0,0.0,False,,1964.0,,,,False,,5.0,,,,114.0,,,2.0
45000.0,Porto,Marco de Canaveses,Sande e São Lourenço,House,,,73.0,0.0,False,,1967.0,,,,False,,1.0,,,,41.0,,,1.0
100000.0,Porto,Marco de Canaveses,Soalhães,House,,,155.0,2.0,True,,1938.0,,,,False,,4.0,,,,155.0,,,2.0
95000.0,Porto,Baião,Loivos do Monte,House,,,73.0,0.0,False,,1958.0,,,,False,,2.0,,,,146.0,,,1.0
125000.0,Porto,Lousada,Cernadelo e Lousada (São Miguel e Santa Margarida),House,D,,1000.0,2.0,True,,1974.0,,,,False,,2.0,,,,82.0,,,1.0
255000.0,Porto,Vila Nova de Gaia,Avintes,House,C,,114.0,0.0,False,Ground Floor,2020.0,,,,False,,2.0,,,,131.0,,,2.0
245000.0,Porto,Maia,Cidade da Maia,House,C,93.0,351.0,0.0,False,,1955.0,,,,False,,2.0,,,,85.0,,,3.0
330000.0,Porto,Porto,Campanhã,House,C,,197.0,0.0,False,,1982.0,,,,False,,3.0,,,,197.0,,,2.0
219900.0,Porto,Póvoa de Varzim,"Póvoa de Varzim, Beiriz e Argivai",House,,,56.0,0.0,False,,1937.0,,,,False,,3.0,,,,46.0,,,3.0
80000.0,Porto,Felgueiras,Aião,House,D,,425.0,3.0,True,,1980.0,,,,False,,2.0,,,,99.0,,,1.0
375000.0,Porto,Maia,Cidade da Maia,House,E,,740.0,1.0,True,,1937.0,,,,False,,3.0,,,,140.0,,,2.0
339000.0,Porto,Maia,Castêlo da Maia,House,C,,402.0,2.0,True,,2008.0,,,,False,,3.0,,,,199.0,,,3.0
270000.0,Porto,Porto,Campanhã,House,G,140.0,112.0,0.0,False,Ground Floor,1935.0,,,,False,,2.0,,,,85.0,,,1.0
590000.0,Porto,Paredes,Recarei,House,A+,285.0,810.0,2.0,True,,2023.0,,,,False,,3.0,,,,161.0,,,3.0
230000.0,Porto,Santo Tirso,"Areias, Sequeiró, Lama e Palmeira",House,,487.0,700.0,3.0,True,,1986.0,,,,False,,3.0,,,,212.0,,,4.0
247000.0,Porto,Gondomar,"Gondomar (São Cosme), Valbom e Jovim",House,D,220.0,509.0,2.0,True,,1987.0,,,,False,,7.0,,,,220.0,,,4.0
279000.0,Porto,Paredes,Cristelo,House,,285.0,768.0,2.0,True,,1990.0,,,,False,,3.0,,,,197.0,,,4.0
137900.0,Porto,Vila Nova de Gaia,Canelas,House,C,47.0,500.0,0.0,False,,2020.0,,,,False,,1.0,,,,45.0,,,1.0
295000.0,Porto,Marco de Canaveses,Sande e São Lourenço,House,C,,350.0,3.0,True,,1992.0,,,,False,,3.0,,,,230.0,,,3.0
975000.0,Porto,Matosinhos,Matosinhos e Leça da Palmeira,House,D,452.0,306.0,2.0,True,,2001.0,,,,False,,4.0,,,,306.0,,,6.0
250000.0,Porto,Penafiel,Penafiel,House,C,,164.0,2.0,True,,2007.0,,,,False,,3.0,,,,211.0,,,3.0
430000.0,Porto,Santo Tirso,Lamelas e Guimarei,House,A,280.0,1545.0,3.0,True,,1985.0,,,,False,,4.0,,,,140.0,,,3.0
229900.0,Porto,Vila Nova de Gaia,Gulpilhares e Valadares,House,E,,533.0,1.0,True,,1964.0,,,,False,,3.0,,,,147.0,,,1.0
107000.0,Porto,Felgueiras,Vila Cova da Lixa e Borba de Godim,House,F,,800.0,0.0,False,,1951.0,,,,False,,2.0,,,,83.0,,,1.0
190000.0,Porto,Felgueiras,Vila Cova da Lixa e Borba de Godim,House,E,,142.0,1.0,True,,1990.0,,,,False,,2.0,,,,120.0,,,1.0
259000.0,Porto,Paços de Ferreira,Meixomil,House,F,,321.0,2.0,True,,2003.0,,,,False,,4.0,,,,321.0,,,3.0
799000.0,Porto,Maia,Castêlo da Maia,House,A,428.0,1110.0,2.0,True,,,,,,False,,3.0,,,,337.0,,,4.0
795000.0,Porto,Maia,Cidade da Maia,House,B-,284.0,520.0,2.0,True,,2014.0,,,,False,,3.0,,,,247.0,,,4.0
427000.0,Porto,Lousada,Figueiras e Covas,House,,,526.0,2.0,True,,2012.0,,,,False,,3.0,,,,110.0,,,6.0
460000.0,Porto,Matosinhos,Matosinhos e Leça da Palmeira,House,F,,312.0,0.0,False,,1937.0,,,,False,,4.0,,,,101.0,,,3.0
125000.0,Porto,Porto,Ramalde,House,,,40.0,0.0,False,,1966.0,,,,False,,1.0,,,,40.0,,,1.0
385000.0,Porto,Vila Nova de Gaia,Madalena,House,A,,887.0,2.0,True,,2022.0,,,,False,,3.0,,,,146.0,,,3.0
980000.0,Porto,Vila Nova de Gaia,Canidelo,House,A,349.0,360.0,2.0,True,,,,,,False,,3.0,,,,208.0,,,4.0
50000.0,Porto,Marco de Canaveses,Marco,House,F,,80.0,1.0,True,,1977.0,,,,False,,3.0,,,,240.0,,,0.0
350000.0,Porto,Paredes,Paredes,House,E,,1910.0,3.0,True,,1984.0,,,,False,,5.0,,,,110.0,,,4.0
235000.0,Porto,Felgueiras,Idães,House,B-,,116.0,1.0,True,,1988.0,,,,False,,3.0,,,,116.0,,,2.0
480000.0,Porto,Porto,Campanhã,House,C,141.0,197.0,0.0,False,,1946.0,,,,False,,3.0,,,,69.0,,,2.0
230000.0,Porto,Felgueiras,Macieira da Lixa e Caramos,House,C,,560.0,1.0,True,,1995.0,,,,False,,4.0,,,,245.0,,,2.0
215000.0,Porto,Valongo,Alfena,House,D,283.0,154.0,1.0,True,1st Floor,1983.0,,,,False,,2.0,,,,89.0,,,3.0
95000.0,Porto,Valongo,Valongo,House,F,,100.0,0.0,False,,1937.0,,,,False,,2.0,,,,48.0,,,1.0
45000.0,Porto,Marco de Canaveses,Penhalonga e Paços de Gaiolo,House,,,857.0,0.0,False,,1937.0,,,,False,,2.0,,,,145.0,,,0.0
225000.0,Porto,Amarante,Mancelos,House,D,,3000.0,2.0,True,,2002.0,,,,False,,4.0,,,,481.0,,,3.0
235000.0,Porto,Porto,Bonfim,House,F,71.0,50.0,0.0,False,Ground Floor,2023.0,,,,False,,4.0,,,,71.0,,,3.0
270000.0,Porto,Valongo,Campo e Sobrado,House,D,,168.0,0.0,,,1990.0,D,,True,False,False,3.0,4.0,0.0,Used,168.0,447.0,200.9,2.0
120000.0,Porto,Vila Nova de Gaia,Santa Marinha e São Pedro da Afurada,House,D,,48.0,0.0,,,1998.0,D,,False,False,False,3.0,1.0,0.0,,48.0,,,1.0
565000.0,Porto,Matosinhos,São Mamede de Infesta e Senhora da Hora,House,B,,242.0,0.0,,,1973.0,B,2024-10-16 11:29:59.700,True,False,False,3.0,5.0,1.0,,277.0,347.0,277.0,3.0
135000.0,Porto,Maia,Águas Santas,House,,,66.0,0.0,,,1988.0,NC,2024-10-18 17:24:36.580,False,False,False,3.0,2.0,0.0,,66.0,199.0,69.0,0.0
445000.0,Porto,Vila Nova de Gaia,Avintes,House,C,,144.0,0.0,,,2002.0,C,2024-10-18 15:28:52.160,True,False,False,7.0,4.0,1.0,,144.0,195.0,,3.0
50000.0,Porto,Penafiel,Canelas,House,,,45.0,0.0,,,1937.0,NC,,False,False,False,3.0,2.0,1.0,Needs renovation,45.0,235.0,90.0,1.0
320000.0,Porto,Paços de Ferreira,Freamunde,House,F,,190.0,0.0,,,1986.0,F,2024-10-17 11:27:12.427,True,False,False,3.0,3.0,0.0,,190.0,555.0,,3.0
266000.0,Porto,Felgueiras,Refontoura,House,E,,229.0,1.0,,,2009.0,E,2024-10-17 15:35:40.583,False,False,False,3.0,3.0,1.0,,229.0,,,3.0
69900.0,Porto,Baião,Santa Marinha do Zêzere,House,F,,58.0,0.0,,,1974.0,F,,False,False,False,3.0,1.0,0.0,,58.0,215.0,,2.0
210000.0,Porto,Vila Nova de Gaia,Oliveira do Douro,House,C,,106.0,0.0,,,2023.0,C,2024-10-18 15:31:31.387,False,False,False,7.0,3.0,0.0,Like new,90.0,144.0,144.45,2.0
249000.0,Porto,Porto,Paranhos,House,F,,79.0,0.0,,,1986.0,F,2024-10-17 11:56:20.530,False,False,False,8.0,3.0,0.0,Used,79.0,,,2.0
99900.0,Porto,Maia,Águas Santas,House,E,,106.0,0.0,,,1937.0,E,2024-10-21 08:08:20.630,False,False,False,3.0,2.0,,,56.0,,,1.0
160000.0,Porto,Paços de Ferreira,Seroa,House,,,187.0,1.0,,,1937.0,NC,,False,False,False,3.0,4.0,0.0,,187.0,657.0,,0.0
325000.0,Porto,Felgueiras,"Margaride (Santa Eulália), Várzea, Lagares, Varziela e Moure",House,D,,220.0,1.0,,,2001.0,D,2024-10-16 09:28:24.330,True,False,False,4.0,3.0,1.0,New,220.0,790.0,,5.0
60000.0,Porto,Trofa,Alvarelhos e Guidões,House,F,,77.0,0.0,,,1950.0,F,,False,False,False,7.0,3.0,0.0,,77.0,2900.0,,1.0
265000.0,Porto,Marco de Canaveses,Avessadas e Rosém,House,A,,240.0,0.0,,,2023.0,A,2024-10-17 11:55:06.070,True,False,False,8.0,3.0,1.0,,240.0,190.0,,3.0
255000.0,Porto,Marco de Canaveses,Avessadas e Rosém,House,A,,240.0,0.0,,,,A,2024-10-17 11:55:41.940,True,False,True,8.0,3.0,1.0,New,240.0,190.0,,3.0
172500.0,Porto,Marco de Canaveses,"Várzea, Aliviada e Folhada",House,E,,278.0,0.0,,,1997.0,E,2024-10-16 16:41:43.880,True,False,False,3.0,4.0,0.0,,278.0,1200.0,394.14,3.0
365000.0,Porto,Paços de Ferreira,Carvalhosa,House,C,,151.0,0.0,,,1971.0,C,2024-10-15 14:33:00.790,True,False,False,3.0,3.0,0.0,,151.0,941.0,189.18,3.0
295000.0,Porto,Paços de Ferreira,Carvalhosa,House,A,,96.0,0.0,,,2024.0,A,,True,False,False,3.0,2.0,0.0,,96.0,269.0,,1.0
290000.0,Porto,Valongo,Alfena,House,,,228.0,1.0,,,1993.0,NC,2024-10-15 15:19:37.010,True,False,False,3.0,4.0,,,168.0,300.0,,3.0
650000.0,Porto,Paredes,Vilela,House,B-,,140.0,1.0,,,2003.0,B-,,True,False,True,3.0,4.0,1.0,,140.0,1390.0,310.56,5.0
925000.0,Porto,Matosinhos,"Perafita, Lavra e Santa Cruz do Bispo",House,C,,207.0,1.0,,,2004.0,C,2024-10-18 15:02:52.617,True,False,False,8.0,4.0,1.0,Good condition,207.0,300.0,411.95,5.0
320000.0,Porto,Marco de Canaveses,"Alpendorada, Várzea e Torrão",House,D,,230.0,1.0,,,2003.0,D,2024-10-16 10:59:57.657,False,False,False,3.0,3.0,2.0,Good condition,360.0,712.0,,2.0
375000.0,Porto,Paredes,Recarei,House,,,233.0,0.0,,,,NC,2024-10-15 17:58:10.887,True,False,True,3.0,3.0,1.0,,233.0,,276.0,3.0
180000.0,Porto,Porto,Campanhã,House,,,102.0,1.0,,,2023.0,NC,2024-10-11 13:17:07.500,False,False,False,7.0,3.0,0.0,Needs renovation,102.0,585.0,585.0,0.0
425000.0,Porto,Vila do Conde,Árvore,House,A,,200.0,1.0,,,2024.0,A,2024-10-14 16:46:50.493,True,False,False,3.0,3.0,2.0,,199.0,480.0,200.0,2.0
60000.0,Porto,Marco de Canaveses,Vila Boa do Bispo,House,F,,92.0,0.0,,,1971.0,F,2024-10-11 16:57:51.003,True,False,False,3.0,2.0,,,138.0,368.0,,1.0
258000.0,Porto,Gondomar,Rio Tinto,House,D,,182.0,0.0,,,1985.0,D,,True,False,False,3.0,3.0,1.0,,119.0,,182.0,2.0
170000.0,Porto,Amarante,"Bustelo, Carneiro e Carvalho de Rei",House,,,70.0,0.0,,,1998.0,NC,2024-10-10 16:23:50.047,True,False,False,5.0,3.0,1.0,,70.0,920.0,180.0,2.0
94000.0,Porto,Amarante,Candemil,House,F,,150.0,0.0,,,1952.0,F,2024-10-10 15:01:15.693,False,False,False,3.0,3.0,0.0,Needs renovation,150.0,700.0,300.0,1.0
339000.0,Porto,Maia,Castêlo da Maia,House,C,,503.0,0.0,,,1951.0,C,2024-10-11 16:06:02.113,True,False,False,3.0,3.0,,,210.0,,,3.0
699900.0,Porto,Maia,Cidade da Maia,House,A+,,260.0,0.0,,,1997.0,A+,2024-10-14 18:07:14.327,True,False,True,3.0,4.0,0.0,,460.0,640.0,460.0,5.0
59500.0,Porto,Penafiel,Abragão,House,,,56.0,0.0,,,1958.0,NC,,False,False,False,3.0,3.0,1.0,,56.0,1452.0,,1.0
950000.0,Porto,Penafiel,Cabeça Santa,House,D,,483.0,1.0,,,1995.0,D,2024-10-10 11:57:57.837,False,False,False,3.0,5.0,0.0,,435.0,4120.0,706.0,0.0
250000.0,Porto,Porto,Ramalde,House,,,198.0,0.0,,,1951.0,NC,2024-10-09 11:30:06.240,False,False,False,6.0,4.0,1.0,Needs renovation,198.0,302.0,198.0,2.0
199000.0,Porto,Vila Nova de Gaia,Pedroso e Seixezelo,House,F,,184.0,0.0,,,1982.0,F,2024-10-10 18:00:12.093,True,False,True,4.0,3.0,0.0,Used,439.0,253.0,439.0,2.0
350000.0,Porto,Paços de Ferreira,Seroa,House,B,,214.0,0.0,,,2011.0,B,,True,False,False,3.0,3.0,0.0,,322.0,451.0,,3.0
155000.0,Porto,Gondomar,Fânzeres e São Pedro da Cova,House,E,,73.0,0.0,,,1964.0,E,2024-10-10 12:05:20.983,False,False,False,5.0,2.0,0.0,Good condition,73.0,,86.2,1.0
699000.0,Porto,Porto,"Cedofeita, Santo Ildefonso, Sé, Miragaia, São Nicolau e Vitória",House,,,176.0,0.0,,,,NC,,False,False,False,4.0,3.0,0.0,Good condition,162.0,190.0,,3.0
795000.0,Porto,Porto,Paranhos,House,C,,270.0,0.0,,,1945.0,C,,False,False,False,5.0,4.0,0.0,Like new,270.0,155.0,,4.0
105000.0,Porto,Trofa,Bougado (São Martinho e Santiago),House,,,510.0,0.0,,,1955.0,NC,,False,False,False,3.0,1.0,0.0,,37.0,,,1.0
480000.0,Porto,Maia,Nogueira e Silva Escura,House,C,,144.0,0.0,,,2016.0,C,2024-10-08 14:36:34.660,True,False,False,7.0,2.0,2.0,Like new,144.0,931.0,182.4,3.0
289900.0,Porto,Felgueiras,Jugueiros,House,,,647.0,1.0,,,1963.0,NC,2024-10-14 10:39:15.090,False,False,False,4.0,4.0,3.0,Needs renovation,319.0,1348.0,647.0,5.0
137500.0,Porto,Marco de Canaveses,"Alpendorada, Várzea e Torrão",House,F,,63.0,1.0,,,1937.0,F,,False,False,False,3.0,2.0,0.0,,118.0,862.0,,0.0
230000.0,Porto,Matosinhos,"Custóias, Leça do Balio e Guifões",House,,,65.0,0.0,,,1972.0,NC,2024-10-08 16:56:29.883,False,False,False,3.0,2.0,1.0,,65.0,,111.0,2.0
339000.0,Porto,Felgueiras,Pombeiro de Ribavizela,House,D,,408.0,1.0,,,1999.0,D,2024-10-08 11:32:58.287,False,False,False,3.0,5.0,1.0,,975.0,,,3.0
449000.0,Porto,Valongo,Ermesinde,House,A+,,262.0,0.0,,,2023.0,A+,2024-10-12 13:11:03.487,True,False,True,3.0,4.0,,,262.0,129.0,322.8,3.0
265000.0,Porto,Vila do Conde,Vila Chã,House,D,,71.0,1.0,,,1986.0,D,,False,False,False,3.0,3.0,0.0,,71.0,290.0,71.0,1.0
38000.0,Porto,Marco de Canaveses,Penhalonga e Paços de Gaiolo,House,,,80.0,0.0,,,2007.0,NC,2024-10-03 14:25:29.910,False,False,False,3.0,0.0,0.0,,296.0,376.0,,0.0
725000.0,Porto,Vila Nova de Gaia,"Sandim, Olival, Lever e Crestuma",House,C,,271.0,1.0,,,1955.0,C,,False,False,False,3.0,5.0,1.0,Good condition,271.0,600.0,329.0,4.0
375000.0,Porto,Trofa,Muro,House,C,,142.0,0.0,,,2006.0,C,2024-10-10 16:35:38.850,True,False,True,3.0,3.0,1.0,Like new,142.0,,,3.0
589000.0,Porto,Póvoa de Varzim,"Póvoa de Varzim, Beiriz e Argivai",House,C,,225.0,0.0,,,1999.0,C,,True,False,False,3.0,5.0,1.0,,225.0,320.0,363.0,3.0
450000.0,Porto,Vila Nova de Gaia,Canelas,House,A+,,250.0,0.0,,,2024.0,A+,,True,False,True,6.0,4.0,1.0,New,230.0,480.0,250.0,3.0
259000.0,Porto,Marco de Canaveses,Bem Viver,House,C,,205.0,0.0,,,1937.0,C,2024-10-04 09:55:39.870,True,False,False,3.0,2.0,1.0,,446.0,241.0,,2.0
47500.0,Porto,Penafiel,Abragão,House,,,110.0,0.0,,,1951.0,NC,2024-10-11 17:06:59.117,False,False,False,3.0,2.0,0.0,,50.0,2060.0,,1.0
132500.0,Porto,Marco de Canaveses,Paredes de Viadores e Manhuncelos,House,,,318.0,1.0,,,2007.0,NC,2024-10-03 12:08:49.470,True,False,False,3.0,4.0,,,318.0,5000.0,318.9,2.0
599900.0,Porto,Gondomar,"Gondomar (São Cosme), Valbom e Jovim",House,C,,255.0,0.0,,,2001.0,C,2024-10-03 22:16:04.403,True,False,True,6.0,4.0,4.0,,255.0,266.0,382.0,4.0
475000.0,Porto,Maia,Folgosa,House,B-,,192.0,0.0,,,2011.0,B-,2024-10-07 08:41:00.920,True,False,True,5.0,4.0,1.0,,192.0,,295.0,5.0
258000.0,Porto,Porto,Ramalde,House,D,,60.0,0.0,,,1967.0,D,2024-10-08 15:23:14.023,False,False,False,5.0,2.0,,Good condition,60.0,86.0,86.0,2.0
460000.0,Porto,Vila Nova de Gaia,Canelas,House,B,,219.0,1.0,,,2010.0,B,2024-10-04 16:13:33.573,True,False,False,3.0,3.0,2.0,,215.0,347.0,291.5,4.0
640000.0,Porto,Maia,Águas Santas,House,E,,278.0,1.0,,,1940.0,E,2024-10-04 13:56:02.797,True,False,False,9.0,6.0,1.0,,278.0,900.0,,4.0
359000.0,Porto,Porto,Ramalde,House,E,,249.0,0.0,,,1960.0,E,2024-10-03 10:47:12.393,True,False,False,11.0,2.0,1.0,,249.0,125.0,,2.0
192000.0,Porto,Trofa,Bougado (São Martinho e Santiago),House,C,,92.0,1.0,,,1995.0,C,2024-10-14 16:05:26.717,False,False,False,4.0,2.0,0.0,,92.0,,128.6,1.0
359000.0,Porto,Porto,"Cedofeita, Santo Ildefonso, Sé, Miragaia, São Nicolau e Vitória",House,D,,115.0,0.0,,,1950.0,D,,False,False,False,3.0,2.0,0.0,Like new,99.0,,,1.0
850000.0,Porto,Porto,"Aldoar, Foz do Douro e Nevogilde",House,E,,188.0,0.0,,,1931.0,E,2024-10-03 17:05:34.600,False,False,False,3.0,6.0,,Reasonable,188.0,164.0,218.0,2.0
127500.0,Porto,Marco de Canaveses,Soalhães,House,D,,87.0,1.0,,,1998.0,D,2024-10-02 15:22:59.720,False,False,False,3.0,2.0,,,87.0,1900.0,,2.0
290000.0,Porto,Porto,Campanhã,House,F,,136.0,0.0,,,1951.0,F,2024-10-01 17:11:45.383,False,False,False,3.0,2.0,1.0,Like new,86.0,136.0,,2.0
275000.0,Porto,Santo Tirso,"Areias, Sequeiró, Lama e Palmeira",House,,,106.0,1.0,,,1988.0,NC,,False,False,False,4.0,3.0,0.0,,106.0,594.0,230.0,3.0
368000.0,Porto,Vila do Conde,Vila do Conde,House,D,,165.0,0.0,,,1996.0,D,,True,False,False,4.0,3.0,0.0,Good condition,165.0,210.0,,3.0
310000.0,Porto,Maia,Cidade da Maia,House,D,,129.0,0.0,,,1973.0,D,,True,False,False,3.0,4.0,0.0,,169.0,175.0,,2.0
358000.0,Porto,Vila do Conde,Touguinha e Touguinhó,House,D,,1330.0,0.0,,,2004.0,D,2024-10-01 14:58:28.987,False,False,False,3.0,3.0,,,210.0,,,3.0
280000.0,Porto,Porto,"Cedofeita, Santo Ildefonso, Sé, Miragaia, São Nicolau e Vitória",House,,,61.0,0.0,,,1951.0,NC,2024-10-08 10:52:38.777,False,False,False,5.0,2.0,,,60.0,20.0,,2.0
270000.0,Porto,Marco de Canaveses,Paredes de Viadores e Manhuncelos,House,E,,120.0,1.0,,,2003.0,E,,False,False,False,3.0,3.0,0.0,,160.0,3020.0,,2.0
150000.0,Porto,Gondomar,"Gondomar (São Cosme), Valbom e Jovim",House,,,165.0,1.0,,,1950.0,NC,2024-10-01 11:42:49.157,False,False,False,5.0,2.0,1.0,,165.0,630.0,165.0,2.0
484900.0,Porto,Santo Tirso,Vila Nova do Campo,House,,,330.0,0.0,,,,NC,2024-10-08 17:28:36.453,True,False,True,4.0,3.0,0.0,New,330.0,4980.0,,2.0
315000.0,Porto,Matosinhos,"Custóias, Leça do Balio e Guifões",House,D,,162.0,1.0,,,1984.0,D,,False,False,False,3.0,6.0,0.0,,162.0,,269.6,0.0
124000.0,Porto,Porto,"Cedofeita, Santo Ildefonso, Sé, Miragaia, São Nicolau e Vitória",House,,,53.0,0.0,,,1988.0,NC,2024-09-30 19:22:04.703,False,False,False,3.0,2.0,,Needs renovation,53.0,53.0,53.0,1.0
249000.0,Porto,Gondomar,Rio Tinto,House,D,,157.0,1.0,,,2000.0,D,2024-09-30 18:38:44.590,False,False,False,3.0,3.0,1.0,,103.0,,,2.0
279000.0,Porto,Porto,"Cedofeita, Santo Ildefonso, Sé, Miragaia, São Nicolau e Vitória",House,,,149.0,0.0,,,1967.0,NC,2024-09-30 19:10:32.970,False,False,False,3.0,2.0,,Needs renovation,75.0,148.0,149.0,1.0
320000.0,Porto,Vila Nova de Gaia,Oliveira do Douro,House,F,,135.0,0.0,,,1937.0,F,2024-09-30 17:11:36.230,True,False,False,3.0,3.0,0.0,Good condition,80.0,,,2.0
165000.0,Porto,Marco de Canaveses,Paredes de Viadores e Manhuncelos,House,E,,100.0,0.0,,,2002.0,E,2024-09-30 16:09:42.930,True,False,True,3.0,2.0,0.0,Good condition,80.0,538.0,148.0,1.0
690000.0,Porto,Vila Nova de Gaia,Canidelo,House,B,,333.0,0.0,,,2011.0,B,,True,False,True,4.0,4.0,0.0,Like new,304.0,,333.0,5.0
340000.0,Porto,Gondomar,Foz do Sousa e Covelo,House,E,,158.0,1.0,,,1982.0,E,2024-09-30 14:14:00.917,False,False,False,3.0,3.0,,,158.0,403.0,158.0,3.0
403000.0,Porto,Porto,"Cedofeita, Santo Ildefonso, Sé, Miragaia, São Nicolau e Vitória",House,,,124.0,0.0,,,1951.0,NC,2024-09-30 19:02:31.973,False,False,False,9.0,5.0,3.0,Needs renovation,198.0,201.0,198.0,3.0
295000.0,Porto,Lousada,"Cristelos, Boim e Ordem",House,,,253.0,0.0,,,,NC,2024-09-30 16:40:25.497,True,False,False,3.0,3.0,2.0,,253.0,177.0,,2.0
295000.0,Porto,Lousada,"Cristelos, Boim e Ordem",House,A,,253.0,0.0,,,,A,2024-09-30 16:40:30.737,True,False,False,3.0,3.0,2.0,,253.0,177.0,,2.0
380000.0,Porto,Gondomar,Rio Tinto,House,D,,137.0,0.0,,,1983.0,D,2024-10-07 10:05:17.580,True,False,True,3.0,6.0,,,137.0,208.0,,3.0
245000.0,Porto,Santo Tirso,Lamelas e Guimarei,House,,,133.0,1.0,,,1954.0,NC,,False,False,False,3.0,3.0,0.0,,133.0,743.0,168.85,2.0
320000.0,Porto,Penafiel,Eja,House,E,,341.0,0.0,,,1994.0,E,2024-10-02 11:12:14.253,True,False,False,17.0,5.0,3.0,Good condition,341.0,308.0,478.0,5.0
305000.0,Porto,Vila do Conde,Retorta e Tougues,House,,,134.0,0.0,,,2019.0,NC,2024-09-30 14:21:04.107,True,False,False,3.0,3.0,1.0,,134.0,,,3.0
630000.0,Porto,Vila do Conde,Árvore,House,,,175.0,1.0,,,1977.0,NC,2024-10-04 08:51:25.107,False,False,False,4.0,3.0,,,248.0,1882.0,,2.0
150000.0,Porto,Baião,Santa Cruz do Douro e São Tomé de Covelas,House,F,,52.0,1.0,,,1937.0,F,2024-10-10 16:14:31.050,False,False,False,3.0,3.0,1.0,,52.0,26852.0,,1.0
210000.0,Porto,Marco de Canaveses,Vila Boa do Bispo,House,E,,125.0,0.0,,,1985.0,E,2024-09-19 17:45:41.603,True,False,False,3.0,2.0,,,149.0,3250.0,,2.0
415000.0,Porto,Matosinhos,"Custóias, Leça do Balio e Guifões",House,B-,,333.0,1.0,,,1999.0,B-,,False,False,False,3.0,3.0,0.0,,222.0,210.0,464.0,4.0
268000.0,Porto,Porto,Campanhã,House,D,,60.0,0.0,,,1949.0,D,2024-09-19 10:57:46.070,False,False,False,3.0,2.0,0.0,,60.0,198.0,,1.0
520000.0,Porto,Valongo,Alfena,House,A,,206.0,1.0,,,2022.0,A,2024-10-01 11:27:19.910,True,False,True,3.0,4.0,1.0,,206.0,357.0,247.65,3.0
190000.0,Porto,Felgueiras,"Margaride (Santa Eulália), Várzea, Lagares, Varziela e Moure",House,F,,105.0,0.0,,,2024.0,F,,False,False,False,3.0,3.0,0.0,,124.0,,,2.0
260000.0,Porto,Penafiel,Perozelo,House,A+,,279.0,0.0,,,2010.0,A+,2024-09-20 14:09:11.427,True,False,True,3.0,3.0,1.0,Good condition,188.0,275.0,,3.0
148500.0,Porto,Santo Tirso,Lamelas e Guimarei,House,F,,114.0,0.0,,,1971.0,F,,False,False,False,3.0,3.0,0.0,,114.0,,,2.0
47500.0,Porto,Amarante,Figueiró (Santiago e Santa Cristina),House,F,,378.0,0.0,,,1937.0,F,2024-09-26 16:25:40.917,False,False,False,1.0,1.0,0.0,Needs renovation,378.0,278.0,,0.0
499000.0,Porto,Vila do Conde,Labruge,House,B-,,209.0,0.0,,,2006.0,B-,2024-09-20 09:53:15.850,True,False,False,4.0,4.0,0.0,Like new,177.0,382.0,84.3,3.0
300000.0,Porto,Santo Tirso,"Areias, Sequeiró, Lama e Palmeira",House,,,126.0,1.0,,,1985.0,NC,,False,False,False,4.0,3.0,2.0,,126.0,1100.0,295.5,4.0
469900.0,Porto,Vila Nova de Gaia,Madalena,House,C,,348.0,0.0,,,2006.0,C,,True,False,False,5.0,4.0,2.0,,257.0,387.0,348.0,6.0
43000.0,Porto,Marco de Canaveses,Sande e São Lourenço,House,,,41.0,0.0,,,1967.0,NC,2024-09-17 18:06:19.877,False,False,False,3.0,1.0,1.0,,41.0,73.0,,1.0
119000.0,Porto,Felgueiras,Macieira da Lixa e Caramos,House,E,,114.0,0.0,,,1964.0,E,2024-09-18 11:10:41.633,False,False,False,7.0,5.0,2.0,Used,114.0,260.0,,2.0
78000.0,Porto,Santo Tirso,Vilarinho,House,,,108.0,0.0,,,1986.0,NC,,True,False,False,3.0,3.0,2.0,,108.0,524.0,,2.0
250000.0,Porto,Marco de Canaveses,Bem Viver,House,D,,235.0,1.0,,,1971.0,D,2024-09-19 13:27:55.150,False,False,False,3.0,6.0,0.0,,235.0,197.0,,0.0
490000.0,Porto,Porto,Paranhos,House,B,,173.0,0.0,,,1956.0,B,2024-09-18 11:22:42.630,False,False,False,3.0,6.0,6.0,Like new,173.0,133.0,173.0,6.0
80000.0,Porto,Baião,Teixeira e Teixeiró,House,,,40.0,1.0,,,1937.0,NC,,False,False,False,3.0,2.0,0.0,Needs renovation,40.0,,,1.0
199000.0,Porto,Felgueiras,"Margaride (Santa Eulália), Várzea, Lagares, Varziela e Moure",House,D,,470.0,0.0,,,2008.0,D,,False,False,False,4.0,3.0,2.0,,380.0,470.0,,5.0
374000.0,Porto,Lousada,"Silvares, Pias, Nogueira e Alvarenga",House,B,,228.0,0.0,,,2019.0,B,,True,False,False,3.0,3.0,0.0,,416.0,494.0,,4.0
248000.0,Porto,Vila Nova de Gaia,Mafamude e Vilar do Paraíso,House,D,,251.0,0.0,,,1937.0,D,2024-09-17 16:53:44.693,False,False,False,3.0,5.0,,,251.0,557.0,,5.0
560000.0,Porto,Vila Nova de Gaia,Serzedo e Perosinho,House,,,323.0,1.0,,,2024.0,NC,2024-09-17 11:09:46.720,True,False,False,3.0,3.0,1.0,New,323.0,290.0,348.0,4.0
299000.0,Porto,Matosinhos,Matosinhos e Leça da Palmeira,House,,,106.0,0.0,,,1950.0,NC,,False,False,False,3.0,7.0,7.0,Used,209.0,1222.0,,7.0
287000.0,Porto,Vila Nova de Gaia,Canidelo,House,E,,109.0,1.0,,,1975.0,E,2024-09-17 13:45:39.070,False,False,False,3.0,2.0,1.0,Used,91.0,507.0,109.0,2.0
363630.0,Porto,Vila Nova de Gaia,São Felix da Marinha,House,D,,165.0,1.0,,,1990.0,D,2024-10-04 09:07:48.253,False,False,False,3.0,4.0,0.0,Like new,164.0,173.0,165.0,3.0
460000.0,Porto,Porto,Paranhos,House,C,,273.0,0.0,,,1965.0,C,2024-09-13 11:25:31.300,False,False,False,3.0,5.0,0.0,,273.0,151.0,,3.0
850000.0,Porto,Porto,"Aldoar, Foz do Douro e Nevogilde",House,D,,149.0,0.0,,,2000.0,D,,False,False,False,3.0,3.0,0.0,Good condition,115.0,96.0,,3.0
79900.0,Porto,Baião,Gove,House,F,,90.0,0.0,,,1978.0,F,,False,False,False,3.0,4.0,2.0,,80.0,130.0,180.0,4.0
67000.0,Porto,Amarante,"Bustelo, Carneiro e Carvalho de Rei",House,,,47.0,1.0,,,1937.0,NC,2024-09-13 16:35:29.420,False,False,False,3.0,2.0,0.0,,47.0,200.0,,1.0
89000.0,Porto,Penafiel,Perozelo,House,,,119.0,0.0,,,1937.0,NC,2024-09-13 14:29:05.983,False,False,False,3.0,0.0,0.0,,308.0,,,0.0
450000.0,Porto,Maia,Nogueira e Silva Escura,House,C,,184.0,0.0,,,2007.0,C,,True,False,False,8.0,4.0,1.0,,184.0,,341.6,4.0
225000.0,Porto,Santo Tirso,"Santo Tirso, Couto (Santa Cristina e São Miguel) e Burgães",House,,,80.0,1.0,,,2024.0,NC,2024-09-13 17:11:54.817,False,False,False,3.0,2.0,1.0,,80.0,,180.0,2.0
320000.0,Porto,Marco de Canaveses,Vila Boa de Quires e Maureles,House,F,,110.0,0.0,,,1999.0,F,2024-09-13 22:36:08.883,False,False,False,3.0,3.0,1.0,,220.0,,,1.0
535000.0,Porto,Matosinhos,"Perafita, Lavra e Santa Cruz do Bispo",House,C,,180.0,0.0,,,1992.0,C,2024-09-12 09:00:26.253,True,True,False,3.0,4.0,1.0,,180.0,337.0,275.0,3.0
150000.0,Porto,Baião,Campelo e Ovil,House,F,,225.0,1.0,,,2020.0,F,2024-10-10 12:08:20.700,False,False,False,3.0,3.0,2.0,,200.0,,225.0,3.0
330000.0,Porto,Matosinhos,"Custóias, Leça do Balio e Guifões",House,C,,198.0,0.0,,,1988.0,C,,False,False,False,11.0,4.0,0.0,Used,198.0,186.0,215.0,2.0
385000.0,Porto,Porto,Bonfim,House,F,,255.0,0.0,,,1940.0,F,,False,False,False,3.0,5.0,0.0,,255.0,203.0,268.0,2.0
329900.0,Porto,Vila Nova de Gaia,Mafamude e Vilar do Paraíso,House,,,69.0,1.0,,,1937.0,NC,2024-09-16 13:27:58.723,False,False,False,3.0,3.0,,,69.0,328.0,138.0,2.0
480000.0,Porto,Amarante,"Amarante (São Gonçalo), Madalena, Cepelos e Gatão",House,E,,210.0,1.0,,,2002.0,E,2024-09-13 16:00:12.607,True,False,False,3.0,5.0,4.0,Good condition,210.0,590.0,310.0,6.0
310000.0,Porto,Lousada,Sousela,House,A,,175.0,1.0,,,2007.0,A,2024-09-12 11:43:35.220,False,False,False,3.0,3.0,,,206.0,593.0,,3.0
470000.0,Porto,Gondomar,Rio Tinto,House,C,,280.0,0.0,,,2000.0,C,,True,False,False,10.0,6.0,1.0,Good condition,289.0,421.0,415.9,5.0
310000.0,Porto,Trofa,Bougado (São Martinho e Santiago),House,E,,182.0,0.0,,,2007.0,E,2024-09-12 12:04:28.877,True,False,False,5.0,4.0,1.0,Needs renovation,182.0,,333.0,4.0
155000.0,Porto,Penafiel,Rio de Moinhos,House,F,,50.0,0.0,,,1937.0,F,,False,False,False,3.0,3.0,3.0,,50.0,50.0,,3.0
110000.0,Porto,Marco de Canaveses,"Várzea, Aliviada e Folhada",House,E,,64.0,0.0,,,1968.0,E,2024-09-10 16:15:49.430,False,False,False,3.0,1.0,2.0,,64.0,64.0,,2.0
132000.0,Porto,Maia,Águas Santas,House,C,,30.0,0.0,,,1951.0,C,2024-09-10 16:01:11.797,False,False,False,3.0,1.0,0.0,,30.0,,36.0,1.0
470000.0,Porto,Gondomar,Fânzeres e São Pedro da Cova,House,A,,269.0,0.0,,,,A,2024-09-10 17:19:20.847,True,False,False,3.0,3.0,2.0,New,189.0,195.0,,5.0
495000.0,Porto,Gondomar,Fânzeres e São Pedro da Cova,House,A,,269.0,0.0,,,,A,2024-09-10 17:12:19.807,True,False,False,3.0,3.0,2.0,New,189.0,279.0,,5.0
470000.0,Porto,Gondomar,Fânzeres e São Pedro da Cova,House,A,,269.0,0.0,,,,A,2024-09-10 17:15:51.647,True,False,False,3.0,3.0,2.0,New,189.0,195.0,,5.0
510000.0,Porto,Gondomar,Fânzeres e São Pedro da Cova,House,A,,268.0,0.0,,,,A,2024-09-10 17:28:06.780,True,False,False,3.0,3.0,2.0,New,184.0,393.0,,5.0
285000.0,Porto,Amarante,Telões,House,F,,194.0,1.0,,,1937.0,F,,False,False,False,3.0,6.0,0.0,,438.0,,,0.0
349900.0,Porto,Santo Tirso,São Tomé Negrelos,House,C,,148.0,0.0,,,1981.0,C,2024-09-18 16:50:25.773,True,False,False,4.0,3.0,0.0,,148.0,869.0,148.7,0.0
295000.0,Porto,Baião,Santa Cruz do Douro e São Tomé de Covelas,House,D,,210.0,0.0,,,1937.0,D,2024-10-04 17:46:44.110,False,False,False,3.0,5.0,3.0,,200.0,5100.0,317.0,6.0
470000.0,Porto,Gondomar,Fânzeres e São Pedro da Cova,House,A,,268.0,0.0,,,,A,2024-09-10 17:25:08.680,True,False,False,3.0,3.0,2.0,New,184.0,184.0,,5.0
275000.0,Porto,Santo Tirso,Rebordões,House,C,,150.0,1.0,,,1994.0,C,2024-09-17 10:33:38.823,False,False,False,3.0,4.0,3.0,,217.0,,,3.0
395000.0,Porto,Vila Nova de Gaia,Santa Marinha e São Pedro da Afurada,House,,,225.0,0.0,,,1989.0,NC,2024-10-04 11:28:01.073,False,False,False,4.0,2.0,4.0,Needs renovation,212.0,,225.0,4.0
715000.0,Porto,Porto,Paranhos,House,E,,524.0,0.0,,,1937.0,E,2024-09-10 15:00:27.790,False,False,False,17.0,8.0,2.0,,520.0,,564.0,4.0
470000.0,Porto,Gondomar,Fânzeres e São Pedro da Cova,House,A,,269.0,0.0,,,,A,2024-09-10 17:22:28.143,True,False,False,3.0,3.0,2.0,New,189.0,195.0,,5.0
650000.0,Porto,Gondomar,"Gondomar (São Cosme), Valbom e Jovim",House,A,,179.0,1.0,,,2004.0,A,,False,False,True,7.0,4.0,1.0,Like new,179.0,290.0,281.0,5.0
199500.0,Porto,Marco de Canaveses,Sande e São Lourenço,House,F,,120.0,0.0,,,2002.0,F,2024-09-09 18:03:46.877,True,False,False,3.0,3.0,2.0,,240.0,1230.0,,2.0
285000.0,Porto,Felgueiras,Pombeiro de Ribavizela,House,A,,140.0,0.0,,,2022.0,A,2024-09-09 14:21:52.460,True,False,True,3.0,3.0,0.0,,130.0,300.0,,3.0
35000.0,Porto,Amarante,Vila Meã,House,,,40.0,0.0,,,1937.0,NC,2024-09-12 09:36:32.773,False,False,False,3.0,2.0,0.0,,40.0,170.0,50.0,0.0
700000.0,Porto,Gondomar,"Gondomar (São Cosme), Valbom e Jovim",House,D,,621.0,1.0,,,1970.0,D,2024-09-09 15:03:54.833,False,False,False,3.0,6.0,2.0,Needs renovation,621.0,,,4.0
485000.0,Porto,Matosinhos,São Mamede de Infesta e Senhora da Hora,House,D,,126.0,1.0,,,1966.0,D,2024-09-04 15:14:19.300,True,False,False,3.0,3.0,1.0,New,126.0,227.0,186.0,2.0
243000.0,Porto,Marco de Canaveses,Marco,House,D,,96.0,0.0,,,2002.0,D,2024-09-06 16:29:14.227,True,False,False,3.0,3.0,,,96.0,288.0,,2.0
165000.0,Porto,Gondomar,"Gondomar (São Cosme), Valbom e Jovim",House,F,,170.0,0.0,,,1983.0,F,2024-09-06 09:18:49.603,True,False,False,3.0,5.0,3.0,,170.0,985.0,380.0,3.0
385000.0,Porto,Marco de Canaveses,"Alpendorada, Várzea e Torrão",House,D,,222.0,1.0,,,2005.0,D,2024-09-06 14:49:59.597,True,False,False,3.0,3.0,,Good condition,283.0,584.0,,3.0
390000.0,Porto,Santo Tirso,"Santo Tirso, Couto (Santa Cristina e São Miguel) e Burgães",House,A+,,270.0,0.0,,,2024.0,A+,2024-09-06 13:43:29.583,True,False,False,3.0,4.0,1.0,New,270.0,180.0,,5.0
399900.0,Porto,Vila Nova de Gaia,Canidelo,House,,,1104.0,1.0,,,1960.0,NC,2024-09-09 18:31:16.367,False,False,False,8.0,4.0,1.0,,1104.0,1104.0,,3.0
439000.0,Porto,Matosinhos,"Perafita, Lavra e Santa Cruz do Bispo",House,D,,155.0,0.0,,,2000.0,D,,True,False,False,3.0,3.0,1.0,,155.0,,,3.0
520000.0,Porto,Porto,Ramalde,House,F,,110.0,1.0,,,1950.0,F,2024-09-11 13:41:21.690,False,False,True,3.0,3.0,0.0,,96.0,,144.0,2.0
457000.0,Porto,Vila Nova de Gaia,"Sandim, Olival, Lever e Crestuma",House,F,,337.0,1.0,,,1937.0,F,,False,False,False,3.0,5.0,4.0,,337.0,967.0,,4.0
150000.0,Porto,Paredes,Parada de Todeia,House,F,,109.0,0.0,,,1937.0,F,,False,False,False,3.0,3.0,1.0,,109.0,784.0,,1.0
280000.0,Porto,Paredes,Cristelo,House,C,,250.0,0.0,,,2009.0,C,2024-09-06 11:32:55.757,True,False,False,3.0,3.0,1.0,,172.0,473.0,250.0,4.0
269000.0,Porto,Gondomar,Rio Tinto,House,,,1242.0,1.0,,,1995.0,NC,2024-09-06 13:51:29.587,True,False,False,6.0,5.0,2.0,,483.0,1410.0,,6.0
640000.0,Porto,Vila Nova de Gaia,Mafamude e Vilar do Paraíso,House,B-,,220.0,0.0,,,1985.0,B-,2024-09-16 10:58:39.083,True,False,False,3.0,4.0,1.0,,270.0,,,4.0
420000.0,Porto,Vila do Conde,Vila do Conde,House,,,220.0,0.0,,,1993.0,NC,2024-09-16 10:45:10.713,False,False,False,3.0,4.0,0.0,,115.0,,,2.0
302500.0,Porto,Valongo,Valongo,House,E,,192.0,0.0,,,2003.0,E,,True,False,False,10.0,3.0,3.0,,192.0,141.0,,3.0
69500.0,Porto,Marco de Canaveses,"Várzea, Aliviada e Folhada",House,,,96.0,0.0,,,1938.0,NC,2024-09-04 10:59:38.517,False,False,False,3.0,2.0,0.0,,96.0,1111.0,,0.0
178500.0,Porto,Porto,Paranhos,House,,,50.0,0.0,,,1937.0,NC,2024-09-02 11:31:50.447,False,False,False,3.0,1.0,1.0,,36.0,53.0,50.0,1.0
355000.0,Porto,Maia,Nogueira e Silva Escura,House,D,,224.0,0.0,,,1999.0,D,2024-08-30 17:39:39.507,True,False,False,3.0,4.0,0.0,,224.0,402.0,,4.0
199500.0,Porto,Porto,Campanhã,House,E,,160.0,0.0,,,1935.0,E,,False,False,False,7.0,2.0,1.0,,160.0,,,2.0
319000.0,Porto,Vila Nova de Gaia,Serzedo e Perosinho,House,C,,105.0,1.0,,,1937.0,C,,False,False,False,5.0,2.0,1.0,,132.0,,,2.0
175000.0,Porto,Porto,Paranhos,House,,,50.0,0.0,,,1937.0,NC,2024-09-02 11:32:54.973,False,False,False,3.0,1.0,1.0,,36.0,53.0,50.0,1.0
350000.0,Porto,Vila Nova de Gaia,Canidelo,House,B,,163.0,0.0,,,1999.0,B,,True,False,True,5.0,3.0,0.0,Used,120.0,223.0,223.8,3.0
130000.0,Porto,Felgueiras,"Margaride (Santa Eulália), Várzea, Lagares, Varziela e Moure",House,,,70.0,0.0,,,1937.0,NC,,False,False,False,3.0,2.0,1.0,,70.0,,,2.0
110000.0,Porto,Felgueiras,Pinheiro,House,F,,238.0,0.0,,,1968.0,F,2024-09-02 15:54:08.943,True,False,False,5.0,3.0,1.0,Reasonable,238.0,1380.0,,1.0
249900.0,Porto,Amarante,"Amarante (São Gonçalo), Madalena, Cepelos e Gatão",House,,,155.0,0.0,,,1998.0,NC,2024-10-16 15:53:47.400,True,False,False,3.0,3.0,0.0,,168.0,282.0,,3.0
499000.0,Porto,Penafiel,Penafiel,House,E,,400.0,0.0,,,2001.0,E,,False,False,False,3.0,5.0,2.0,,400.0,1250.0,,2.0
212000.0,Porto,Gondomar,Rio Tinto,House,E,,222.0,0.0,,,1977.0,E,2024-09-02 17:30:27.407,True,False,False,3.0,5.0,0.0,,222.0,,,0.0
110000.0,Porto,Santo Tirso,Vilarinho,House,,,25.0,1.0,,,1960.0,NC,2024-09-26 14:20:54.767,False,False,False,3.0,3.0,1.0,,25.0,,76.4,1.0
590000.0,Porto,Lousada,Figueiras e Covas,House,A,,254.0,0.0,,,2024.0,A,2024-08-31 16:36:39.060,True,False,False,3.0,3.0,1.0,,254.0,1000.0,254.95,3.0
129000.0,Porto,Penafiel,Abragão,House,F,,160.0,0.0,,,2024.0,F,,False,False,False,3.0,2.0,1.0,,160.0,198.0,,1.0
109000.0,Porto,Felgueiras,Pombeiro de Ribavizela,House,G,,242.0,1.0,,,1995.0,G,2024-08-29 13:28:10.253,False,False,False,3.0,5.0,0.0,,620.0,,,3.0
350000.0,Porto,Marco de Canaveses,Avessadas e Rosém,House,D,,115.0,0.0,,,1980.0,D,2024-08-28 16:36:57.590,True,False,False,3.0,3.0,,,230.0,9080.0,,2.0
549000.0,Porto,Amarante,Vila Caiz,House,,,295.0,0.0,,,,NC,,True,False,False,9.0,4.0,0.0,,197.0,,295.0,3.0
450000.0,Porto,Póvoa de Varzim,"Aver-o-Mar, Amorim e Terroso",House,A+,,175.0,0.0,,,,A+,,True,False,True,5.0,4.0,0.0,New,192.0,400.0,233.0,3.0
299000.0,Porto,Gondomar,Melres e Medas,House,C,,603.0,1.0,,,1997.0,C,2024-09-05 15:51:14.313,True,False,False,3.0,5.0,1.0,,498.0,,,5.0
549000.0,Porto,Amarante,Vila Caiz,House,,,295.0,0.0,,,,NC,,True,False,False,9.0,4.0,0.0,,197.0,,295.0,3.0
500000.0,Porto,Maia,Cidade da Maia,House,E,,120.0,0.0,,,1981.0,E,2024-09-17 13:24:48.507,True,False,False,5.0,3.0,1.0,,120.0,5431.0,292.2,3.0
765000.0,Porto,Matosinhos,"Perafita, Lavra e Santa Cruz do Bispo",House,B,,408.0,0.0,,,2001.0,B,,True,False,True,3.0,4.0,1.0,Like new,408.0,2350.0,563.0,5.0
210000.0,Porto,Maia,Moreira,House,,,79.0,0.0,,,1937.0,NC,2024-08-28 17:12:07.010,False,False,False,3.0,3.0,0.0,Needs renovation,98.0,560.0,,1.0
649900.0,Porto,Matosinhos,"Perafita, Lavra e Santa Cruz do Bispo",House,A,,297.0,0.0,,,2020.0,A,,True,False,True,4.0,3.0,1.0,,246.0,222.0,312.8,5.0
135000.0,Porto,Gondomar,"Gondomar (São Cosme), Valbom e Jovim",House,,,47.0,0.0,,,1972.0,NC,2024-09-11 15:44:39.540,False,False,False,3.0,1.0,0.0,,47.0,,,1.0
165000.0,Porto,Porto,Paranhos,House,,,72.0,0.0,,,1937.0,NC,2024-09-02 11:35:39.463,False,False,False,3.0,1.0,1.0,,36.0,64.0,,1.0
385000.0,Porto,Porto,Ramalde,House,C,,164.0,1.0,,,1961.0,C,,True,False,False,3.0,4.0,1.0,Reasonable,164.0,468.0,184.0,2.0
330000.0,Porto,Vila Nova de Gaia,"Sandim, Olival, Lever e Crestuma",House,A,,184.0,0.0,,,2022.0,A,2024-08-30 16:01:54.310,True,False,False,3.0,3.0,,,184.0,338.0,205.0,2.0
849900.0,Porto,Gondomar,"Gondomar (São Cosme), Valbom e Jovim",House,B-,,213.0,0.0,,,2018.0,B-,,True,False,False,3.0,4.0,1.0,,262.0,1400.0,262.0,3.0
280000.0,Porto,Gondomar,Rio Tinto,House,D,,175.0,0.0,,,1994.0,D,2024-08-29 08:37:18.063,True,False,False,3.0,3.0,0.0,,175.0,168.0,262.2,3.0
190000.0,Porto,Santo Tirso,Agrela,House,E,,132.0,0.0,,,1955.0,E,2024-08-27 15:50:06.480,True,False,False,4.0,3.0,,Needs renovation,88.0,,148.1,2.0
525000.0,Porto,Vila Nova de Gaia,Serzedo e Perosinho,House,D,,546.0,0.0,,,2003.0,D,,True,True,True,10.0,4.0,2.0,Like new,300.0,1300.0,,6.0
549000.0,Porto,Amarante,Vila Caiz,House,,,295.0,0.0,,,,NC,,True,False,False,9.0,4.0,0.0,,197.0,,295.0,3.0
190000.0,Porto,Valongo,Valongo,House,,,104.0,0.0,,,1988.0,NC,,False,False,False,5.0,4.0,0.0,,104.0,71.0,104.0,2.0
140000.0,Porto,Vila Nova de Gaia,Santa Marinha e São Pedro da Afurada,House,,,55.0,0.0,,,1937.0,NC,2024-08-26 08:51:30.657,False,False,False,3.0,4.0,1.0,,55.0,,185.0,1.0
289000.0,Porto,Vila Nova de Gaia,Grijó e Sermonde,House,C,,82.0,1.0,,,1996.0,C,2024-08-27 10:43:08.010,True,False,False,3.0,2.0,1.0,,82.0,,,2.0
80000.0,Porto,Vila Nova de Gaia,Santa Marinha e São Pedro da Afurada,House,,,19.0,0.0,,,1937.0,NC,2024-08-25 10:08:21.403,False,False,False,3.0,1.0,1.0,,19.0,,74.0,1.0
472500.0,Porto,Marco de Canaveses,"Alpendorada, Várzea e Torrão",House,A,,266.0,1.0,,,2003.0,A,,False,False,False,3.0,4.0,5.0,,266.0,521.0,,5.0
249900.0,Porto,Marco de Canaveses,"Alpendorada, Várzea e Torrão",House,D,,232.0,1.0,,,2001.0,D,2024-08-27 12:01:27.713,False,False,False,3.0,4.0,0.0,,232.0,250.0,,3.0
209000.0,Porto,Valongo,Alfena,House,D,,120.0,0.0,,,1994.0,D,2024-08-27 14:49:18.753,True,False,False,3.0,3.0,,,120.0,,132.5,2.0
55000.0,Porto,Amarante,Candemil,House,,,54.0,0.0,,,1976.0,NC,,False,False,False,3.0,3.0,1.0,Needs renovation,54.0,124.0,,1.0
130000.0,Porto,Baião,Ancede e Ribadouro,House,,,143.0,0.0,,,1949.0,NC,,False,False,False,3.0,2.0,1.0,,143.0,560.0,143.0,1.0
185000.0,Porto,Felgueiras,Refontoura,House,D,,160.0,1.0,,,1984.0,D,2024-08-26 14:55:46.227,False,False,False,4.0,3.0,1.0,,240.0,350.0,,2.0
160000.0,Porto,Vila Nova de Gaia,Santa Marinha e São Pedro da Afurada,House,,,90.0,0.0,,,1937.0,NC,2024-08-25 10:08:36.590,False,False,False,3.0,4.0,1.0,,90.0,,163.0,1.0
319500.0,Porto,Valongo,Campo e Sobrado,House,C,,168.0,1.0,,,2010.0,C,2024-08-23 10:37:27.363,True,False,False,3.0,3.0,0.0,,168.0,,278.6,3.0
495000.0,Porto,Vila do Conde,Vila do Conde,House,A,,218.0,0.0,,,,A,,True,False,False,5.0,4.0,0.0,New,195.0,250.0,218.0,4.0
259900.0,Porto,Lousada,Lustosa e Barrosas (Santo Estêvão),House,,,189.0,0.0,,,,NC,,True,False,False,3.0,3.0,2.0,,336.0,,,2.0
165000.0,Porto,Vila Nova de Gaia,Santa Marinha e São Pedro da Afurada,House,E,,66.0,0.0,,,1951.0,E,,False,False,False,3.0,2.0,0.0,,66.0,57.0,,1.0
239000.0,Porto,Lousada,"Cristelos, Boim e Ordem",House,E,,152.0,0.0,,,1981.0,E,2024-08-23 16:13:56.290,True,False,False,3.0,3.0,2.0,,136.0,152.0,136.0,4.0
350000.0,Porto,Gondomar,"Gondomar (São Cosme), Valbom e Jovim",House,B,,164.0,0.0,,,2023.0,B,2024-08-23 11:10:56.003,True,False,False,13.0,3.0,1.0,Like new,164.0,,,4.0
449000.0,Porto,Póvoa de Varzim,"Póvoa de Varzim, Beiriz e Argivai",House,B,,224.0,0.0,,,2023.0,B,,True,False,True,3.0,3.0,0.0,Like new,180.0,305.0,224.3,3.0
318000.0,Porto,Lousada,Meinedo,House,F,,147.0,0.0,,,1996.0,F,,True,False,False,3.0,6.0,0.0,,238.0,1604.0,,4.0
450000.0,Porto,Vila Nova de Gaia,Arcozelo,House,B-,,212.0,0.0,,,2007.0,B-,,True,False,False,7.0,4.0,1.0,Like new,291.0,378.0,361.0,4.0
689900.0,Porto,Valongo,Valongo,House,C,,347.0,1.0,,,2012.0,C,,False,False,False,4.0,3.0,3.0,Like new,347.0,487.0,434.85,6.0
720000.0,Porto,Vila Nova de Gaia,Oliveira do Douro,House,C,,178.0,0.0,,,2011.0,C,2024-08-23 14:36:51.110,True,False,False,3.0,4.0,,,178.0,609.0,240.0,3.0
355000.0,Porto,Porto,Paranhos,House,F,,160.0,0.0,,,1939.0,F,,True,False,False,3.0,3.0,0.0,Reasonable,140.0,125.0,,3.0
435000.0,Porto,Baião,Campelo e Ovil,House,A,,165.0,1.0,,,2017.0,A,,False,False,False,3.0,4.0,0.0,,165.0,1725.0,,0.0
289900.0,Porto,Matosinhos,São Mamede de Infesta e Senhora da Hora,House,,,112.0,1.0,,,1937.0,NC,2024-08-28 14:02:21.087,False,False,False,3.0,3.0,0.0,Needs renovation,96.0,456.0,112.2,0.0
144500.0,Porto,Paredes,Sobreira,House,,,75.0,0.0,,,1993.0,NC,2024-08-21 14:35:33.550,True,False,False,3.0,2.0,0.0,,100.0,1500.0,,2.0
134000.0,Porto,Baião,Ancede e Ribadouro,House,F,,113.0,0.0,,,1983.0,F,2024-08-20 17:22:43.487,True,False,False,3.0,3.0,,,226.0,,,2.0
369900.0,Porto,Gondomar,Rio Tinto,House,C,,187.0,0.0,,,1996.0,C,2024-09-03 16:48:50.150,True,False,False,3.0,3.0,,,187.0,325.0,337.0,5.0
600000.0,Porto,Porto,Bonfim,House,E,,273.0,0.0,,,1950.0,E,,False,False,False,10.0,6.0,0.0,,273.0,,,2.0
170000.0,Porto,Marco de Canaveses,Sande e São Lourenço,House,F,,60.0,1.0,,,1977.0,F,2024-08-21 16:43:40.533,True,False,False,3.0,3.0,0.0,,140.0,4000.0,,1.0
630000.0,Porto,Matosinhos,Matosinhos e Leça da Palmeira,House,F,,268.0,0.0,,,1988.0,F,,True,False,False,6.0,5.0,0.0,,248.0,224.0,268.0,4.0
199900.0,Porto,Marco de Canaveses,Tabuado,House,E,,75.0,1.0,,,1970.0,E,,False,False,False,6.0,3.0,0.0,Used,70.0,1602.0,165.0,1.0
150000.0,Porto,Vila Nova de Gaia,Oliveira do Douro,House,E,,54.0,0.0,,,1984.0,E,,False,False,False,3.0,3.0,1.0,Used,288.0,342.0,,2.0
650000.0,Porto,Marco de Canaveses,Vila Boa do Bispo,House,B,,792.0,1.0,,,2003.0,B,,False,False,False,3.0,4.0,0.0,,792.0,3100.0,,6.0
349900.0,Porto,Gondomar,"Gondomar (São Cosme), Valbom e Jovim",House,C,,216.0,0.0,,,1984.0,C,,True,False,False,4.0,3.0,1.0,Good condition,216.0,414.0,,2.0
450000.0,Porto,Gondomar,Fânzeres e São Pedro da Cova,House,B,,237.0,0.0,,,2023.0,B,2024-08-27 17:36:52.887,True,False,False,3.0,4.0,1.0,,237.0,362.0,125.0,3.0
960000.0,Porto,Maia,Cidade da Maia,House,C,,302.0,0.0,,,2010.0,C,,True,False,True,5.0,4.0,0.0,Like new,300.0,,425.75,5.0
230000.0,Porto,Gondomar,Rio Tinto,House,D,,90.0,0.0,,,1988.0,D,,False,False,False,6.0,3.0,0.0,,90.0,,90.0,2.0
354000.0,Porto,Valongo,Alfena,House,C,,165.0,0.0,,,2002.0,C,2024-09-13 16:52:45.157,True,False,True,3.0,3.0,4.0,,247.0,,,4.0
330000.0,Porto,Maia,Pedrouços,House,,,174.0,0.0,,,2009.0,NC,,False,False,False,6.0,4.0,0.0,,174.0,162.0,,2.0
98900.0,Porto,Baião,Valadares,House,F,,148.0,0.0,,,1937.0,F,2024-08-16 11:10:06.903,True,False,False,3.0,4.0,2.0,,148.0,830.0,,2.0
252000.0,Porto,Amarante,Telões,House,E,,179.0,1.0,,,2006.0,E,,False,False,False,3.0,3.0,0.0,,179.0,280.0,,3.0
680000.0,Porto,Matosinhos,"Perafita, Lavra e Santa Cruz do Bispo",House,C,,234.0,0.0,,,2003.0,C,2024-08-16 17:17:54.377,True,False,False,3.0,4.0,3.0,,234.0,350.0,272.0,3.0
65000.0,Porto,Baião,Santa Cruz do Douro e São Tomé de Covelas,House,,,95.0,0.0,,,1937.0,NC,2024-08-14 16:33:53.220,False,False,False,5.0,3.0,,,95.0,1565.0,,2.0
268000.0,Porto,Valongo,Ermesinde,House,E,,97.0,0.0,,,1989.0,E,,False,False,False,3.0,3.0,0.0,,97.0,105.0,,2.0
175000.0,Porto,Felgueiras,"Pedreira, Rande e Sernande",House,C,,173.0,0.0,,,1999.0,C,2024-08-19 08:51:17.440,True,False,False,5.0,3.0,2.0,Good condition,123.0,,,2.0
229000.0,Porto,Vila do Conde,Vilar e Mosteiró,House,C,,125.0,0.0,,,1937.0,C,,True,False,False,3.0,2.0,0.0,Reasonable,84.0,523.0,185.0,2.0
245000.0,Porto,Felgueiras,"Margaride (Santa Eulália), Várzea, Lagares, Varziela e Moure",House,D,,260.0,0.0,,,2006.0,D,2024-08-17 11:30:15.797,True,False,False,5.0,3.0,2.0,Good condition,163.0,,,2.0
560000.0,Porto,Matosinhos,Matosinhos e Leça da Palmeira,House,C,,240.0,1.0,,,1977.0,C,,False,False,False,3.0,7.0,0.0,Good condition,240.0,650.0,240.0,4.0
494000.0,Porto,Matosinhos,"Custóias, Leça do Balio e Guifões",House,,,293.0,0.0,,,2024.0,NC,2024-08-20 10:17:59.820,True,False,True,3.0,4.0,1.0,New,210.0,175.0,293.0,4.0
80000.0,Porto,Santo Tirso,Rebordões,House,,,920.0,1.0,,,1977.0,NC,2024-09-05 09:09:05.643,True,False,False,5.0,3.0,2.0,Needs renovation,170.0,,130.0,4.0
250000.0,Porto,Maia,Pedrouços,House,,,157.0,0.0,,,2009.0,NC,,False,False,False,3.0,5.0,0.0,,157.0,467.0,168.03,0.0
399000.0,Porto,Porto,Paranhos,House,C,,156.0,0.0,,,1973.0,C,,False,False,False,5.0,3.0,0.0,Good condition,138.0,270.0,168.0,2.0
350000.0,Porto,Porto,Paranhos,House,E,,113.0,1.0,,,1977.0,E,,False,False,False,3.0,3.0,1.0,Good condition,113.0,110.0,117.6,2.0
50000.0,Porto,Penafiel,São Martinho Recezinhos,House,,,56.0,0.0,,,1960.0,NC,2024-08-14 16:21:23.640,False,False,False,3.0,2.0,,,55.0,756.0,,1.0
239000.0,Porto,Paços de Ferreira,Figueiró,House,B-,,128.0,0.0,,,1993.0,B-,2024-08-19 15:48:47.777,True,False,False,3.0,3.0,1.0,,162.0,,,3.0
160000.0,Porto,Baião,Ancede e Ribadouro,House,,,45.0,0.0,,,1937.0,NC,2024-08-16 17:24:56.933,False,False,False,3.0,1.0,0.0,,45.0,11298.0,,1.0
100000.0,Porto,Baião,Baião (Santa Leocádia) e Mesquinhata,House,,,103.0,1.0,,,1937.0,NC,2024-09-05 09:11:40.740,False,False,False,3.0,3.0,,Needs renovation,103.0,6146.0,,1.0
580000.0,Porto,Amarante,"Vila Garcia, Aboim e Chapa",House,C,,256.0,1.0,,,2008.0,C,2024-08-16 15:15:06.323,False,False,False,3.0,7.0,,Good condition,411.0,1440.0,411.3,6.0
130000.0,Porto,Baião,Gestaçô,House,D,,140.0,0.0,,,1995.0,D,,False,False,False,3.0,3.0,0.0,,140.0,900.0,,0.0
320000.0,Porto,Marco de Canaveses,"Alpendorada, Várzea e Torrão",House,F,,112.0,0.0,,,1937.0,F,,False,False,False,4.0,4.0,0.0,,112.0,800.0,61.7,2.0
289000.0,Porto,Vila Nova de Gaia,Mafamude e Vilar do Paraíso,House,C,,105.0,0.0,,,1963.0,C,2024-09-16 10:59:58.887,True,False,False,3.0,3.0,1.0,,187.0,,,2.0
275000.0,Porto,Amarante,"Amarante (São Gonçalo), Madalena, Cepelos e Gatão",House,F,,236.0,0.0,,,1982.0,F,2024-09-04 15:58:47.610,True,False,False,3.0,2.0,,Needs renovation,236.0,227.0,236.8,1.0
295000.0,Porto,Maia,Pedrouços,House,,,72.0,0.0,,,1969.0,NC,2024-09-09 09:18:14.563,False,False,False,3.0,3.0,0.0,,72.0,,,2.0
265000.0,Porto,Amarante,Fregim,House,A+,,257.0,0.0,,,2024.0,A+,,True,False,False,3.0,3.0,3.0,New,257.0,,,3.0
230000.0,Porto,Lousada,"Cristelos, Boim e Ordem",House,D,,236.0,0.0,,,2001.0,D,,True,False,False,5.0,3.0,0.0,,236.0,1250.0,236.0,2.0
499000.0,Porto,Vila Nova de Gaia,Madalena,House,A+,,261.0,0.0,,,,A+,,True,False,False,3.0,3.0,0.0,,135.0,,,3.0
430000.0,Porto,Maia,Cidade da Maia,House,D,,200.0,0.0,,,1957.0,D,,True,False,False,4.0,3.0,0.0,,200.0,494.0,,3.0
125000.0,Porto,Santo Tirso,"Santo Tirso, Couto (Santa Cristina e São Miguel) e Burgães",House,,,57.0,1.0,,,1950.0,NC,2024-08-12 08:53:44.047,False,False,False,4.0,1.0,,Needs renovation,17.0,1420.0,75.5,1.0
570000.0,Porto,Porto,"Aldoar, Foz do Douro e Nevogilde",House,A,,429.0,1.0,,,1952.0,A,2024-08-09 11:40:44.800,False,False,False,14.0,4.0,0.0,,429.0,506.0,,5.0
660000.0,Porto,Vila Nova de Gaia,Madalena,House,A+,,412.0,0.0,,,,A+,,True,False,True,3.0,3.0,0.0,,156.0,,,3.0
440000.0,Porto,Vila do Conde,Fornelo e Vairão,House,B-,,678.0,1.0,,,2006.0,B-,,False,False,False,3.0,4.0,0.0,,200.0,,,4.0
379000.0,Porto,Felgueiras,"Pedreira, Rande e Sernande",House,A+,,269.0,1.0,,,2022.0,A+,,False,False,False,3.0,3.0,0.0,,1092.0,,,2.0
265000.0,Porto,Amarante,Fregim,House,A+,,257.0,0.0,,,2024.0,A+,,True,False,False,3.0,3.0,3.0,New,257.0,,,3.0
480000.0,Porto,Paredes,Recarei,House,E,,590.0,0.0,,,2003.0,E,,True,False,False,3.0,8.0,0.0,,340.0,850.0,,6.0
375000.0,Porto,Gondomar,"Gondomar (São Cosme), Valbom e Jovim",House,F,,250.0,0.0,,,2005.0,F,2024-08-12 19:20:27.920,True,False,True,3.0,3.0,1.0,,178.0,340.0,,4.0
640000.0,Porto,Vila Nova de Gaia,Madalena,House,A+,,382.0,0.0,,,,A+,,True,False,True,3.0,3.0,0.0,,157.0,,,3.0
160000.0,Porto,Matosinhos,"Custóias, Leça do Balio e Guifões",House,G,,300.0,0.0,,,1972.0,G,,False,False,False,3.0,3.0,0.0,,60.0,,,2.0
750000.0,Porto,Matosinhos,"Custóias, Leça do Balio e Guifões",House,A+,,240.0,0.0,,,2021.0,A+,,True,False,True,3.0,4.0,0.0,Like new,175.0,560.0,240.0,4.0
79900.0,Porto,Baião,Ancede e Ribadouro,House,F,,28.0,1.0,,,1968.0,F,2024-08-13 11:04:39.497,False,False,False,3.0,3.0,0.0,,28.0,8616.0,,1.0
369000.0,Porto,Matosinhos,"Perafita, Lavra e Santa Cruz do Bispo",House,C,,258.0,0.0,,,1992.0,C,2024-08-12 17:29:51.623,True,False,False,6.0,5.0,3.0,,258.0,298.0,,3.0
389000.0,Porto,Vila do Conde,Modivas,House,D,,156.0,1.0,,,1987.0,D,,False,False,False,6.0,5.0,1.0,,156.0,1223.0,228.0,3.0
590000.0,Porto,Póvoa de Varzim,Balazar,House,,,260.0,1.0,,,1998.0,NC,2024-08-13 12:58:45.833,False,False,False,4.0,3.0,0.0,,260.0,1995.0,515.0,3.0
138000.0,Porto,Paços de Ferreira,Paços de Ferreira,House,,,200.0,1.0,,,1937.0,NC,,False,False,False,3.0,3.0,0.0,,200.0,346.0,,2.0
700000.0,Porto,Porto,Bonfim,House,,,236.0,0.0,,,1937.0,NC,2024-08-09 16:51:10.200,True,False,False,3.0,4.0,1.0,Needs renovation,230.0,158.0,236.0,5.0
79500.0,Porto,Gondomar,"Gondomar (São Cosme), Valbom e Jovim",House,,,254.0,0.0,,,2005.0,NC,2024-10-11 15:28:01.637,True,False,False,3.0,2.0,,Needs renovation,100.0,,,2.0
269000.0,Porto,Valongo,Ermesinde,House,C,,204.0,0.0,,,1988.0,C,,True,False,False,3.0,3.0,1.0,,204.0,270.0,270.5,2.0
69900.0,Porto,Penafiel,Boelhe,House,,,78.0,0.0,,,1947.0,NC,,False,False,False,3.0,3.0,0.0,,78.0,345.0,,1.0
330000.0,Porto,Marco de Canaveses,Tabuado,House,D,,217.0,1.0,,,2006.0,D,2024-08-08 15:22:19.797,True,False,False,3.0,3.0,1.0,,267.0,1240.0,,3.0
395000.0,Porto,Gondomar,Melres e Medas,House,C,,286.0,0.0,,,2013.0,C,2024-10-15 16:28:53.330,True,False,False,3.0,4.0,1.0,,179.0,730.0,,4.0
120000.0,Porto,Vila Nova de Gaia,Santa Marinha e São Pedro da Afurada,House,D,,48.0,0.0,,,1998.0,D,,False,False,False,3.0,1.0,0.0,,48.0,,,1.0
328500.0,Porto,Felgueiras,Torrados e Sousa,House,D,,365.0,1.0,,,1985.0,D,2024-08-12 15:51:13.727,True,False,False,6.0,3.0,2.0,Good condition,365.0,4171.0,,2.0
375000.0,Porto,Marco de Canaveses,"Alpendorada, Várzea e Torrão",House,D,,82.0,0.0,,,1959.0,D,2024-08-08 16:46:41.397,False,False,False,4.0,4.0,,Used,196.0,836.0,196.0,3.0
250000.0,Porto,Santo Tirso,Vila Nova do Campo,House,,,151.0,1.0,,,1938.0,NC,2024-08-19 14:12:27.420,False,False,False,3.0,6.0,,,303.0,1251.0,,2.0
55000.0,Porto,Penafiel,Boelhe,House,,,105.0,0.0,,,1952.0,NC,,False,False,False,3.0,2.0,1.0,,105.0,3955.0,,1.0
138900.0,Porto,Amarante,Gouveia (São Simão),House,,,41.0,1.0,,,1937.0,NC,,False,False,False,3.0,2.0,0.0,Like new,41.0,601.0,,1.0
499000.0,Porto,Vila Nova de Gaia,Mafamude e Vilar do Paraíso,House,C,,163.0,0.0,,,2005.0,C,,True,False,True,3.0,3.0,1.0,Good condition,198.0,405.0,139.0,5.0
300000.0,Porto,Santo Tirso,"Santo Tirso, Couto (Santa Cristina e São Miguel) e Burgães",House,,,139.0,1.0,,,1963.0,NC,2024-08-08 11:36:56.563,False,False,False,3.0,4.0,,,139.0,793.0,,1.0
216000.0,Porto,Santo Tirso,"Areias, Sequeiró, Lama e Palmeira",House,E,,53.0,0.0,,,1952.0,E,,False,False,False,3.0,3.0,0.0,,132.0,2999.0,135.5,0.0
270000.0,Porto,Paredes,Cristelo,House,E,,107.0,1.0,,,2000.0,E,2024-09-03 09:35:00.013,False,False,False,3.0,4.0,,,324.0,7157.0,,3.0
415000.0,Porto,Póvoa de Varzim,"Póvoa de Varzim, Beiriz e Argivai",House,D,,197.0,0.0,,,2012.0,D,,True,False,True,3.0,3.0,0.0,,197.0,150.0,297.0,3.0
185000.0,Porto,Matosinhos,Matosinhos e Leça da Palmeira,House,,,19.0,0.0,,,1937.0,NC,2024-08-06 10:45:34.917,True,False,False,2.0,1.0,0.0,Needs renovation,19.0,119.0,119.0,1.0
950000.0,Porto,Porto,"Cedofeita, Santo Ildefonso, Sé, Miragaia, São Nicolau e Vitória",House,B,,245.0,0.0,,,2019.0,B,2024-08-05 10:05:04.223,True,False,False,3.0,4.0,1.0,,290.0,140.0,,4.0
385000.0,Porto,Valongo,Ermesinde,House,E,,205.0,0.0,,,1983.0,E,,True,False,False,9.0,3.0,1.0,,205.0,250.0,411.0,3.0
296000.0,Porto,Matosinhos,Matosinhos e Leça da Palmeira,House,E,,101.0,0.0,,,1988.0,E,2024-08-05 13:24:05.543,False,False,False,7.0,3.0,0.0,Used,63.0,132.0,,2.0
500000.0,Porto,Vila do Conde,Mindelo,House,B-,,292.0,0.0,,,2008.0,B-,,True,False,False,6.0,3.0,0.0,Good condition,292.0,308.0,292.0,2.0
59500.0,Porto,Lousada,Macieira,House,,,85.0,1.0,,,1980.0,NC,2024-08-02 08:44:27.393,False,False,False,3.0,3.0,,,80.0,285.0,,1.0
177000.0,Porto,Maia,Castêlo da Maia,House,,,80.0,0.0,,,1987.0,NC,,True,False,False,3.0,2.0,2.0,,80.0,,94.0,2.0
40000.0,Porto,Baião,Frende,House,,,48.0,0.0,,,1937.0,NC,,False,False,False,3.0,2.0,0.0,,48.0,80.0,,0.0
160000.0,Porto,Paredes,Beire,House,E,,226.0,1.0,,,1937.0,E,2024-08-01 17:05:46.533,False,False,False,3.0,3.0,0.0,,226.0,2.0,,1.0
175000.0,Porto,Marco de Canaveses,Bem Viver,House,D,,120.0,0.0,,,2002.0,D,2024-08-01 11:18:32.577,True,False,False,3.0,3.0,,,164.0,329.0,,2.0
530000.0,Porto,Trofa,Bougado (São Martinho e Santiago),House,C,,315.0,0.0,,,2001.0,C,,True,False,True,7.0,3.0,4.0,Like new,315.0,1200.0,459.0,4.0
320000.0,Porto,Porto,"Cedofeita, Santo Ildefonso, Sé, Miragaia, São Nicolau e Vitória",House,E,,76.0,0.0,,,1967.0,E,2024-08-23 14:27:13.670,False,False,False,6.0,3.0,2.0,Like new,76.0,,76.4,3.0
328500.0,Porto,Matosinhos,"Custóias, Leça do Balio e Guifões",House,,,404.0,1.0,,,2024.0,NC,2024-07-31 09:42:39.770,True,False,False,8.0,3.0,2.0,,354.0,560.0,404.0,6.0
160000.0,Porto,Trofa,Muro,House,E,,45.0,1.0,,,1979.0,E,2024-08-16 12:22:31.907,False,False,False,3.0,2.0,0.0,,45.0,410.0,68.7,1.0
340000.0,Porto,Trofa,Covelas,House,A,,252.0,0.0,,,2016.0,A,2024-08-02 14:13:32.523,True,False,False,3.0,3.0,,,168.0,,,3.0
400000.0,Porto,Porto,Paranhos,House,B,,160.0,0.0,,,1943.0,B,,False,False,False,13.0,3.0,1.0,Good condition,160.0,122.0,60.91,4.0
637000.0,Porto,Vila Nova de Gaia,"Sandim, Olival, Lever e Crestuma",House,D,,130.0,0.0,,,2003.0,D,,True,False,False,5.0,3.0,0.0,,130.0,600.0,,4.0
392000.0,Porto,Valongo,Campo e Sobrado,House,D,,323.0,0.0,,,1998.0,D,2024-08-02 17:43:57.220,True,False,False,5.0,3.0,1.0,Good condition,196.0,,283.0,4.0
295000.0,Porto,Amarante,"Amarante (São Gonçalo), Madalena, Cepelos e Gatão",House,A,,217.0,1.0,,,1999.0,A,,False,False,False,3.0,4.0,2.0,Good condition,217.0,,323.3,4.0
99000.0,Porto,Gondomar,"Gondomar (São Cosme), Valbom e Jovim",House,,,229.0,0.0,,,2011.0,NC,2024-08-01 10:48:02.790,False,False,False,3.0,5.0,,,229.0,200.0,,2.0
265000.0,Porto,Penafiel,Croca,House,E,,72.0,1.0,,,1988.0,E,2024-08-01 10:16:29.160,False,False,False,3.0,3.0,,,153.0,892.0,,3.0
150000.0,Porto,Lousada,Macieira,House,C,,65.0,1.0,,,2024.0,C,2024-08-01 09:27:37.437,False,False,False,3.0,2.0,0.0,,65.0,125.0,,0.0
299500.0,Porto,Felgueiras,Airães,House,C,,390.0,1.0,,,1996.0,C,2024-07-30 09:35:38.463,False,False,False,3.0,5.0,0.0,,984.0,,,4.0
165000.0,Porto,Trofa,Coronado (São Romão e São Mamede),House,,,70.0,0.0,,,2022.0,NC,,False,False,False,3.0,2.0,0.0,,70.0,141.0,,0.0
185000.0,Porto,Amarante,Telões,House,F,,110.0,1.0,,,1995.0,F,2024-07-29 17:15:22.767,False,False,False,3.0,2.0,0.0,,110.0,1240.0,,0.0
159900.0,Porto,Matosinhos,"Perafita, Lavra e Santa Cruz do Bispo",House,E,,84.0,0.0,,,1951.0,E,2024-08-05 22:39:54.047,False,False,False,3.0,2.0,1.0,Needs renovation,84.0,62.0,84.0,2.0
269000.0,Porto,Póvoa de Varzim,"Aver-o-Mar, Amorim e Terroso",House,B,,128.0,0.0,,,2010.0,B,,True,False,False,4.0,3.0,0.0,Good condition,119.0,,154.0,2.0
375000.0,Porto,Felgueiras,Friande,House,E,,400.0,0.0,,,2002.0,E,,True,True,False,3.0,5.0,0.0,,240.0,1130.0,,0.0
398000.0,Porto,Matosinhos,"Perafita, Lavra e Santa Cruz do Bispo",House,B-,,130.0,0.0,,,1937.0,B-,,True,False,True,4.0,3.0,0.0,New,130.0,,130.0,3.0
98000.0,Porto,Vila Nova de Gaia,Avintes,House,F,,136.0,0.0,,,1951.0,F,2024-07-29 17:45:24.913,False,False,False,3.0,3.0,,,135.0,457.0,,1.0
160500.0,Porto,Amarante,Vila Meã,House,D,,105.0,1.0,,,1979.0,D,,False,False,False,3.0,5.0,0.0,Good condition,105.0,500.0,280.0,4.0
750000.0,Porto,Vila Nova de Gaia,Canidelo,House,C,,300.0,1.0,,,1950.0,C,2024-08-02 10:23:49.827,True,False,True,8.0,5.0,2.0,Used,300.0,1691.0,391.0,5.0
215000.0,Porto,Felgueiras,"Margaride (Santa Eulália), Várzea, Lagares, Varziela e Moure",House,F,,143.0,0.0,,,2010.0,F,2024-07-31 16:02:04.193,True,False,False,5.0,3.0,2.0,Like new,143.0,470.0,,2.0
379900.0,Porto,Vila Nova de Gaia,Avintes,House,D,,120.0,0.0,,,2002.0,D,,True,False,False,3.0,4.0,1.0,,240.0,260.0,240.0,4.0
545000.0,Porto,Vila Nova de Gaia,Gulpilhares e Valadares,House,D,,172.0,1.0,,,2009.0,D,2024-08-01 10:05:15.057,False,False,False,5.0,3.0,1.0,Good condition,165.0,130.0,260.0,4.0
99000.0,Porto,Vila Nova de Gaia,Canidelo,House,E,,125.0,0.0,,,1951.0,E,2024-07-31 16:20:15.820,False,False,False,3.0,2.0,0.0,Needs renovation,125.0,225.0,,1.0
287000.0,Porto,Vila Nova de Gaia,Canelas,House,D,,84.0,1.0,,,1951.0,D,,False,False,False,3.0,2.0,0.0,,75.0,384.0,,1.0
185000.0,Porto,Paços de Ferreira,Eiriz,House,,,93.0,1.0,,,1985.0,NC,,False,False,False,6.0,3.0,0.0,New,93.0,360.0,,2.0
299900.0,Porto,Maia,Vila Nova da Telha,House,E,,51.0,1.0,,,1965.0,E,,False,False,True,3.0,2.0,1.0,,51.0,762.0,,1.0
55000.0,Porto,Amarante,"Vila Garcia, Aboim e Chapa",House,,,127.0,0.0,,,1982.0,NC,2024-07-30 17:07:27.277,False,False,False,3.0,0.0,0.0,,127.0,5148.0,,0.0
500000.0,Porto,Valongo,Ermesinde,House,C,,200.0,1.0,,,2009.0,C,2024-08-09 15:02:22.763,False,False,False,3.0,3.0,1.0,,200.0,360.0,234.0,4.0
387000.0,Porto,Amarante,"Amarante (São Gonçalo), Madalena, Cepelos e Gatão",House,A+,,209.0,0.0,,,2009.0,A+,,True,False,False,3.0,3.0,0.0,,209.0,1009.0,295.0,3.0
180000.0,Porto,Porto,Campanhã,House,,,70.0,0.0,,,1951.0,NC,2024-07-31 08:35:31.930,False,False,False,5.0,4.0,,Needs renovation,70.0,304.0,,2.0
420000.0,Porto,Paredes,Cristelo,House,A,,169.0,0.0,,,2020.0,A,2024-08-12 15:33:39.627,False,False,False,3.0,3.0,1.0,,169.0,2638.0,,4.0
560000.0,Porto,Matosinhos,São Mamede de Infesta e Senhora da Hora,House,,,262.0,0.0,,,,NC,2024-07-26 09:20:32.843,True,False,False,3.0,3.0,1.0,,262.0,216.0,309.0,4.0
230000.0,Porto,Lousada,"Silvares, Pias, Nogueira e Alvarenga",House,,,140.0,0.0,,,1937.0,NC,,False,False,False,3.0,3.0,0.0,,280.0,1200.0,,1.0
100000.0,Porto,Gondomar,"Gondomar (São Cosme), Valbom e Jovim",House,,,46.0,0.0,,,1940.0,NC,,False,False,False,3.0,2.0,0.0,,46.0,150.0,,0.0
397500.0,Porto,Maia,Pedrouços,House,E,,176.0,1.0,,,1987.0,E,,False,False,False,3.0,3.0,3.0,,296.0,224.0,,5.0
125000.0,Porto,Paredes,Rebordosa,House,,,64.0,0.0,,,1954.0,NC,,False,False,False,3.0,0.0,0.0,,64.0,1564.0,,0.0
540000.0,Porto,Lousada,"Cristelos, Boim e Ordem",House,B-,,500.0,0.0,,,2024.0,B-,2024-08-23 18:19:55.820,True,False,True,6.0,3.0,2.0,,300.0,563.0,500.0,4.0
270000.0,Porto,Penafiel,Penafiel,House,E,,100.0,0.0,,,1992.0,E,2024-07-25 15:27:38.400,True,False,False,3.0,3.0,0.0,,240.0,700.0,,2.0
649900.0,Porto,Vila do Conde,Mindelo,House,C,,194.0,0.0,,,2023.0,C,,True,False,False,3.0,4.0,0.0,,277.0,,,5.0
264000.0,Porto,Vila Nova de Gaia,Pedroso e Seixezelo,House,D,,123.0,0.0,,,1969.0,D,,True,False,False,3.0,3.0,0.0,Reasonable,115.0,333.0,,1.0
495000.0,Porto,Vila do Conde,Vila Chã,House,C,,525.0,0.0,,,1982.0,C,,True,False,False,3.0,3.0,0.0,,135.0,,,2.0
395000.0,Porto,Penafiel,Penafiel,House,E,,226.0,1.0,,,1937.0,E,,False,False,False,3.0,4.0,0.0,,593.0,1347.0,,2.0
529000.0,Porto,Vila Nova de Gaia,Serzedo e Perosinho,House,D,,192.0,0.0,,,2006.0,D,,True,False,False,3.0,4.0,1.0,Like new,309.0,,,5.0
668800.0,Porto,Porto,Lordelo do Ouro e Massarelos,House,C,,161.0,0.0,,,2012.0,C,2024-08-05 11:09:22.617,True,False,False,6.0,3.0,0.0,Good condition,161.0,246.0,206.16,4.0
580000.0,Porto,Póvoa de Varzim,"Póvoa de Varzim, Beiriz e Argivai",House,A,,305.0,1.0,,,2021.0,A,2024-07-24 09:12:15.910,False,False,False,3.0,4.0,3.0,,290.0,815.0,,3.0
199000.0,Porto,Maia,Nogueira e Silva Escura,House,D,,71.0,0.0,,,1940.0,D,,False,False,False,3.0,2.0,0.0,,71.0,1064.0,,1.0
345000.0,Porto,Vila Nova de Gaia,Serzedo e Perosinho,House,D,,290.0,1.0,,,1996.0,D,2024-08-02 08:50:45.103,True,False,False,8.0,4.0,2.0,Good condition,151.0,290.0,82.0,4.0
520827.0,Porto,Maia,Castêlo da Maia,House,A+,,352.0,1.0,,,,A+,,False,False,True,5.0,3.0,1.0,New,352.0,206.0,,3.0
520827.0,Porto,Maia,Castêlo da Maia,House,A+,,360.0,1.0,,,,A+,,False,False,True,5.0,3.0,1.0,New,360.0,210.0,,3.0
520827.0,Porto,Maia,Castêlo da Maia,House,A+,,347.0,1.0,,,,A+,,False,False,True,5.0,3.0,1.0,New,347.0,178.0,,3.0
525644.0,Porto,Maia,Castêlo da Maia,House,A+,,347.0,1.0,,,,A+,,False,False,True,5.0,3.0,1.0,New,347.0,193.0,,3.0
349500.0,Porto,Valongo,Ermesinde,House,F,,154.0,0.0,,,1991.0,F,,True,False,False,7.0,4.0,0.0,,154.0,220.0,180.0,3.0
40000.0,Porto,Marco de Canaveses,Sande e São Lourenço,House,,,102.0,1.0,,,1937.0,NC,2024-07-22 17:06:11.790,False,False,False,3.0,2.0,1.0,,204.0,15712.0,,1.0
315000.0,Porto,Felgueiras,"Pedreira, Rande e Sernande",House,B,,267.0,1.0,,,2024.0,B,,False,False,False,3.0,3.0,0.0,,350.0,,,3.0
315000.0,Porto,Felgueiras,"Pedreira, Rande e Sernande",House,B,,270.0,1.0,,,2024.0,B,,False,False,False,3.0,3.0,0.0,,400.0,,,3.0
520827.0,Porto,Maia,Castêlo da Maia,House,A+,,360.0,1.0,,,,A+,,False,False,True,5.0,3.0,1.0,New,360.0,210.0,,3.0
525644.0,Porto,Maia,Castêlo da Maia,House,A+,,352.0,1.0,,,,A+,,False,False,True,5.0,3.0,1.0,New,352.0,204.0,,3.0
520827.0,Porto,Maia,Castêlo da Maia,House,A+,,347.0,1.0,,,,A+,,False,False,True,5.0,3.0,1.0,New,347.0,178.0,,3.0
520827.0,Porto,Maia,Castêlo da Maia,House,A+,,355.0,1.0,,,,A+,,False,False,True,5.0,3.0,1.0,New,355.0,181.0,,3.0
520827.0,Porto,Maia,Castêlo da Maia,House,A+,,347.0,1.0,,,,A+,,False,False,True,5.0,3.0,1.0,New,347.0,178.0,,3.0
543709.0,Porto,Maia,Castêlo da Maia,House,A+,,355.0,1.0,,,,A+,,False,False,True,5.0,3.0,1.0,New,355.0,277.0,,3.0
429000.0,Porto,Valongo,Ermesinde,House,F,,196.0,0.0,,,1972.0,F,2024-07-24 11:14:36.643,True,False,False,3.0,4.0,2.0,,385.0,1675.0,,4.0
399000.0,Porto,Vila Nova de Gaia,Mafamude e Vilar do Paraíso,House,D,,192.0,1.0,,,1977.0,D,,False,False,False,7.0,4.0,1.0,,192.0,501.0,,5.0
520827.0,Porto,Maia,Castêlo da Maia,House,A+,,359.0,1.0,,,,A+,2024-07-25 16:32:08.153,False,False,True,5.0,3.0,1.0,New,359.0,210.0,,3.0
520827.0,Porto,Maia,Castêlo da Maia,House,A+,,352.0,1.0,,,,A+,,False,False,True,5.0,3.0,1.0,New,352.0,206.0,,3.0
532268.0,Porto,Maia,Castêlo da Maia,House,A+,,355.0,1.0,,,,A+,,False,False,True,5.0,3.0,1.0,New,355.0,198.0,,3.0
525644.0,Porto,Maia,Castêlo da Maia,House,A+,,355.0,1.0,,,,A+,,False,False,True,5.0,3.0,1.0,New,355.0,198.0,,3.0
557000.0,Porto,Maia,Cidade da Maia,House,C,,250.0,1.0,,,1998.0,C,2024-07-23 14:37:18.767,True,False,False,5.0,4.0,1.0,Good condition,434.0,460.0,434.3,5.0
399000.0,Porto,Felgueiras,Pombeiro de Ribavizela,House,,,178.0,0.0,,,2009.0,NC,2024-07-29 14:11:12.867,True,False,False,3.0,3.0,0.0,,379.0,6970.0,,4.0
275000.0,Porto,Vila do Conde,Vila do Conde,House,C,,120.0,0.0,,,1985.0,C,,False,False,False,3.0,3.0,2.0,,120.0,132.0,132.0,2.0
520827.0,Porto,Maia,Castêlo da Maia,House,A+,,352.0,1.0,,,,A+,,False,False,True,5.0,3.0,1.0,New,352.0,206.0,,3.0
520827.0,Porto,Maia,Castêlo da Maia,House,A+,,352.0,1.0,,,,A+,,False,False,True,5.0,3.0,1.0,New,352.0,206.0,,3.0
520827.0,Porto,Maia,Castêlo da Maia,House,A+,,352.0,1.0,,,,A+,,False,False,True,5.0,3.0,1.0,New,352.0,199.0,,3.0
520827.0,Porto,Maia,Castêlo da Maia,House,A+,,352.0,1.0,,,,A+,,False,False,True,5.0,3.0,1.0,New,352.0,193.0,,3.0
544914.0,Porto,Maia,Castêlo da Maia,House,A+,,361.0,1.0,,,,A+,,False,False,True,5.0,3.0,1.0,New,361.0,321.0,,3.0
531907.0,Porto,Maia,Castêlo da Maia,House,A+,,355.0,1.0,,,,A+,,False,False,True,5.0,3.0,1.0,New,355.0,181.0,,3.0
520827.0,Porto,Maia,Castêlo da Maia,House,A+,,355.0,1.0,,,,A+,,False,False,True,5.0,3.0,1.0,New,355.0,182.0,,3.0
532268.0,Porto,Maia,Castêlo da Maia,House,A+,,354.0,1.0,,,,A+,,False,False,True,5.0,3.0,1.0,New,354.0,198.0,,3.0
525644.0,Porto,Maia,Castêlo da Maia,House,A+,,354.0,1.0,,,,A+,,False,False,True,5.0,3.0,1.0,New,354.0,198.0,,3.0
525644.0,Porto,Maia,Castêlo da Maia,House,A+,,347.0,1.0,,,,A+,,False,False,True,5.0,3.0,1.0,New,347.0,194.0,,3.0
133000.0,Porto,Amarante,"Bustelo, Carneiro e Carvalho de Rei",House,F,,72.0,0.0,,,1951.0,F,,True,False,False,7.0,3.0,0.0,Reasonable,72.0,1197.0,83.0,1.0
365000.0,Porto,Felgueiras,Vila Cova da Lixa e Borba de Godim,House,B,,244.0,0.0,,,2024.0,B,,True,False,False,3.0,3.0,1.0,,244.0,327.0,,5.0
260000.0,Porto,Amarante,Figueiró (Santiago e Santa Cristina),House,F,,211.0,0.0,,,1937.0,F,2024-07-22 11:20:03.783,False,False,False,5.0,2.0,2.0,,210.0,1250.0,,2.0
190000.0,Porto,Amarante,Freixo de Cima e de Baixo,House,,,70.0,0.0,,,1950.0,NC,,False,False,False,3.0,4.0,0.0,,70.0,300.0,,0.0
565000.0,Porto,Vila Nova de Gaia,Gulpilhares e Valadares,House,A,,144.0,0.0,,,2013.0,A,,True,False,True,3.0,3.0,1.0,Like new,200.0,,228.78,3.0
750000.0,Porto,Porto,Ramalde,House,F,,225.0,0.0,,,1956.0,F,,True,False,False,6.0,4.0,1.0,Good condition,206.0,260.0,264.2,4.0
59000.0,Porto,Penafiel,Boelhe,House,F,,62.0,0.0,,,1951.0,F,,False,False,False,3.0,3.0,0.0,,62.0,62.0,,0.0
379000.0,Porto,Felgueiras,Vila Cova da Lixa e Borba de Godim,House,B,,279.0,0.0,,,2024.0,B,,True,False,False,3.0,3.0,1.0,,279.0,409.0,,5.0
980000.0,Porto,Vila Nova de Gaia,Canidelo,House,A+,,295.0,0.0,,,2024.0,A+,,True,False,True,5.0,4.0,0.0,,290.0,261.0,479.0,5.0
37000.0,Porto,Penafiel,Capela,House,,,80.0,1.0,,,1937.0,NC,2024-07-18 17:12:31.157,False,False,False,6.0,3.0,0.0,Needs renovation,170.0,240.0,,0.0
140000.0,Porto,Valongo,Valongo,House,D,,57.0,0.0,,,1978.0,D,2024-07-17 15:15:11.380,False,False,False,5.0,2.0,1.0,Good condition,57.0,,68.0,1.0
460000.0,Porto,Paredes,Gandra,House,C,,280.0,0.0,,,2006.0,C,,True,False,False,3.0,5.0,0.0,Good condition,280.0,1500.0,420.0,4.0
399900.0,Porto,Vila Nova de Gaia,Santa Marinha e São Pedro da Afurada,House,C,,160.0,0.0,,,1964.0,C,,False,False,False,3.0,3.0,1.0,,160.0,300.0,,3.0
245000.0,Porto,Penafiel,Oldrões,House,E,,80.0,0.0,,,1986.0,E,,True,False,False,3.0,3.0,1.0,,80.0,1770.0,140.0,3.0
690000.0,Porto,Maia,Águas Santas,House,D,,534.0,0.0,,,2003.0,D,,True,False,False,3.0,5.0,6.0,,532.0,1031.0,568.0,12.0
435000.0,Porto,Vila Nova de Gaia,Mafamude e Vilar do Paraíso,House,C,,96.0,0.0,,,1964.0,C,2024-07-18 08:51:29.327,True,False,True,4.0,3.0,1.0,,95.0,275.0,220.5,4.0
140000.0,Porto,Penafiel,Oldrões,House,F,,80.0,0.0,,,2001.0,F,,True,False,False,5.0,2.0,0.0,,53.0,,95.0,1.0
330000.0,Porto,Porto,Ramalde,House,E,,103.0,0.0,,,1950.0,E,2024-07-17 10:10:02.167,True,False,False,3.0,2.0,0.0,Needs renovation,103.0,183.0,129.0,0.0
499000.0,Porto,Matosinhos,Matosinhos e Leça da Palmeira,House,B,,339.0,0.0,,,2008.0,B,,True,False,False,5.0,4.0,4.0,,227.0,,,8.0
92500.0,Porto,Amarante,Candemil,House,D,,120.0,0.0,,,2024.0,D,2024-07-24 16:33:20.033,False,False,False,3.0,3.0,0.0,,120.0,367.0,,0.0
290000.0,Porto,Marco de Canaveses,"Alpendorada, Várzea e Torrão",House,D,,132.0,0.0,,,2002.0,D,2024-07-19 13:03:54.307,True,False,False,5.0,3.0,1.0,Good condition,264.0,600.0,,2.0
495000.0,Porto,Vila Nova de Gaia,Madalena,House,B-,,222.0,0.0,,,2011.0,B-,,True,False,True,3.0,3.0,0.0,,222.0,,326.3,5.0
114000.0,Porto,Vila Nova de Gaia,Grijó e Sermonde,House,F,,144.0,0.0,,,1937.0,F,,False,False,False,3.0,2.0,1.0,,144.0,,,1.0
60000.0,Porto,Baião,Santa Marinha do Zêzere,House,,,111.0,0.0,,,1937.0,NC,2024-07-16 17:39:21.147,False,False,False,3.0,0.0,0.0,,222.0,1927.0,,0.0
335000.0,Porto,Amarante,"Amarante (São Gonçalo), Madalena, Cepelos e Gatão",House,A,,195.0,0.0,,,2024.0,A,,True,False,False,10.0,3.0,1.0,New,195.0,240.0,242.81,4.0
335000.0,Porto,Amarante,"Amarante (São Gonçalo), Madalena, Cepelos e Gatão",House,A,,195.0,0.0,,,2024.0,A,,True,False,False,10.0,3.0,1.0,New,195.0,242.0,242.81,4.0
335000.0,Porto,Amarante,"Amarante (São Gonçalo), Madalena, Cepelos e Gatão",House,A,,195.0,0.0,,,2024.0,A,,True,False,False,10.0,3.0,1.0,New,195.0,238.0,242.81,4.0
325000.0,Porto,Felgueiras,Friande,House,E,,376.0,0.0,,,2008.0,E,2024-07-17 16:38:54.503,True,False,False,8.0,3.0,5.0,Good condition,375.0,456.0,,5.0
340000.0,Porto,Gondomar,"Gondomar (São Cosme), Valbom e Jovim",House,C,,262.0,0.0,,,1993.0,C,,True,False,False,7.0,4.0,3.0,Good condition,262.0,330.0,330.0,4.0
250000.0,Porto,Felgueiras,"Margaride (Santa Eulália), Várzea, Lagares, Varziela e Moure",House,F,,245.0,1.0,,,1972.0,F,2024-07-17 15:36:28.140,False,False,False,11.0,7.0,2.0,Needs renovation,240.0,901.0,,2.0
320000.0,Porto,Porto,"Aldoar, Foz do Douro e Nevogilde",House,,,50.0,1.0,,,1989.0,NC,,False,False,False,3.0,2.0,1.0,,50.0,62.0,52.15,2.0
437000.0,Porto,Matosinhos,São Mamede de Infesta e Senhora da Hora,House,D,,248.0,0.0,,,1972.0,D,,True,False,True,3.0,3.0,1.0,,233.0,89.0,270.0,3.0
985000.0,Porto,Vila Nova de Gaia,Gulpilhares e Valadares,House,D,,288.0,0.0,,,2021.0,D,2024-07-12 09:50:13.323,True,False,True,3.0,4.0,1.0,Like new,288.0,735.0,442.7,5.0
230000.0,Porto,Porto,Lordelo do Ouro e Massarelos,House,,,48.0,0.0,,,1937.0,NC,2024-07-16 11:10:26.190,False,False,False,3.0,2.0,,Used,48.0,128.0,48.28,1.0
539000.0,Porto,Maia,Castêlo da Maia,House,B,,311.0,0.0,,,2011.0,B,,True,False,False,6.0,4.0,1.0,,186.0,,311.61,4.0
250000.0,Porto,Vila Nova de Gaia,São Felix da Marinha,House,D,,98.0,0.0,,,2003.0,D,,True,False,False,3.0,2.0,0.0,Good condition,98.0,,139.7,2.0
85000.0,Porto,Marco de Canaveses,Sande e São Lourenço,House,,,56.0,1.0,,,1989.0,NC,2024-07-16 18:06:58.477,False,False,False,3.0,2.0,1.0,,112.0,1675.0,,2.0
168000.0,Porto,Vila Nova de Gaia,Arcozelo,House,E,,50.0,0.0,,,1996.0,E,,False,False,False,3.0,2.0,0.0,,36.0,199.0,50.0,1.0
375000.0,Porto,Gondomar,Fânzeres e São Pedro da Cova,House,,,320.0,0.0,,,1963.0,NC,2024-07-18 13:08:29.060,False,False,False,3.0,5.0,0.0,,320.0,460.0,395.0,3.0
120000.0,Porto,Santo Tirso,Monte Córdova,House,F,,100.0,0.0,,,1960.0,F,,False,False,False,3.0,3.0,1.0,,100.0,833.0,100.0,1.0
340000.0,Porto,Amarante,"Amarante (São Gonçalo), Madalena, Cepelos e Gatão",House,A,,195.0,0.0,,,2024.0,A,,True,False,False,10.0,3.0,1.0,New,195.0,240.0,242.81,4.0
840000.0,Porto,Vila Nova de Gaia,Canidelo,House,A,,177.0,1.0,,,2023.0,A,,False,False,True,4.0,3.0,1.0,,170.0,390.0,235.1,3.0
600000.0,Porto,Porto,"Aldoar, Foz do Douro e Nevogilde",House,,,75.0,0.0,,,1968.0,NC,2024-07-25 11:39:34.043,False,False,False,5.0,3.0,,Needs renovation,75.0,196.0,116.2,2.0
350000.0,Porto,Amarante,Vila Chã do Marão,House,E,,369.0,1.0,,,2000.0,E,,False,False,False,5.0,4.0,1.0,Good condition,369.0,910.0,369.0,3.0
540000.0,Porto,Maia,Cidade da Maia,House,B,,224.0,0.0,,,1998.0,B,2024-07-12 15:22:43.697,True,False,False,5.0,4.0,1.0,Like new,224.0,326.0,381.0,5.0
510000.0,Porto,Valongo,Ermesinde,House,B,,215.0,0.0,,,2010.0,B,,True,False,True,3.0,4.0,0.0,,215.0,,335.05,4.0
450000.0,Porto,Vila Nova de Gaia,Arcozelo,House,,,317.0,0.0,,,1984.0,NC,,False,False,False,3.0,10.0,4.0,Needs renovation,301.0,,459.5,4.0
319900.0,Porto,Gondomar,Rio Tinto,House,D,,304.0,0.0,,,1981.0,D,,True,False,True,3.0,4.0,1.0,Good condition,196.0,283.0,,3.0
92000.0,Porto,Porto,"Cedofeita, Santo Ildefonso, Sé, Miragaia, São Nicolau e Vitória",House,,,42.0,0.0,,,1937.0,NC,2024-07-11 18:04:40.140,False,False,False,3.0,1.0,0.0,Needs renovation,41.0,,,1.0
165000.0,Porto,Matosinhos,"Custóias, Leça do Balio e Guifões",House,,,130.0,0.0,,,1988.0,NC,,True,False,False,12.0,4.0,0.0,Used,120.0,309.0,149.36,2.0
90000.0,Porto,Maia,Castêlo da Maia,House,,,451.0,0.0,,,1976.0,NC,,False,False,False,2.0,1.0,0.0,,68.0,451.0,,1.0
549000.0,Porto,Matosinhos,"Perafita, Lavra e Santa Cruz do Bispo",House,E,,200.0,0.0,,,1998.0,E,,True,False,False,3.0,4.0,0.0,,180.0,1100.0,300.0,4.0
525000.0,Porto,Vila Nova de Gaia,São Felix da Marinha,House,C,,115.0,0.0,,,2021.0,C,,True,False,False,4.0,3.0,0.0,Like new,115.0,154.0,237.3,3.0
395000.0,Porto,Vila Nova de Gaia,Gulpilhares e Valadares,House,E,,86.0,1.0,,,1964.0,E,,False,False,False,3.0,2.0,2.0,,46.0,5131.0,,2.0
265000.0,Porto,Marco de Canaveses,Marco,House,D,,314.0,0.0,,,1994.0,D,2024-07-09 10:13:41.627,True,False,False,3.0,3.0,0.0,,157.0,530.0,,3.0
240000.0,Porto,Vila Nova de Gaia,Gulpilhares e Valadares,House,,,146.0,0.0,,,1964.0,NC,,True,False,False,10.0,2.0,0.0,,146.0,1061.0,186.75,2.0
90000.0,Porto,Penafiel,Duas Igrejas,House,,,30.0,0.0,,,1937.0,NC,2024-07-09 16:55:09.283,False,False,False,3.0,2.0,0.0,,30.0,8270.0,,0.0
870000.0,Porto,Trofa,Coronado (São Romão e São Mamede),House,B,,324.0,0.0,,,1937.0,B,,True,False,True,9.0,6.0,1.0,Good condition,228.0,3911.0,229.0,4.0
215000.0,Porto,Vila Nova de Gaia,Canidelo,House,,,316.0,1.0,,,2024.0,NC,2024-07-09 17:20:22.163,False,False,True,3.0,4.0,1.0,,193.0,316.0,,3.0
730000.0,Porto,Vila Nova de Gaia,Canidelo,House,A,,245.0,0.0,,,2024.0,A,2024-07-10 08:56:47.777,True,False,False,3.0,4.0,3.0,New,270.0,232.0,,3.0
69900.0,Porto,Penafiel,Luzim e Vila Cova,House,,,60.0,0.0,,,1949.0,NC,2024-07-10 14:33:07.617,False,False,False,3.0,2.0,0.0,Needs renovation,60.0,90.0,120.0,1.0
480000.0,Porto,Porto,Ramalde,House,E,,245.0,1.0,,,2007.0,E,2024-07-09 11:47:09.570,False,False,False,7.0,3.0,1.0,New,223.0,,,3.0
560000.0,Porto,Lousada,"Cristelos, Boim e Ordem",House,A,,183.0,1.0,,,2014.0,A,,False,False,False,3.0,3.0,2.0,Good condition,182.0,1260.0,303.0,5.0
30000.0,Porto,Felgueiras,Sendim,House,,,108.0,0.0,,,1937.0,NC,2024-07-11 16:14:49.977,False,False,False,4.0,2.0,0.0,Needs renovation,106.0,,,0.0
429000.0,Porto,Vila Nova de Gaia,Gulpilhares e Valadares,House,B,,228.0,0.0,,,2010.0,B,,True,False,True,3.0,3.0,3.0,Good condition,228.0,319.0,319.0,6.0
165000.0,Porto,Vila do Conde,Aveleda,House,F,,110.0,0.0,,,1987.0,F,,True,False,False,4.0,4.0,2.0,,109.0,475.0,110.0,2.0
100000.0,Porto,Gondomar,Rio Tinto,House,F,,107.0,0.0,,,1968.0,F,2024-07-31 15:57:25.543,False,False,False,3.0,2.0,,,61.0,107.0,77.0,1.0
300000.0,Porto,Matosinhos,"Custóias, Leça do Balio e Guifões",House,D,,166.0,0.0,,,1993.0,D,2024-07-08 08:55:38.630,True,False,False,7.0,6.0,1.0,Used,160.0,,,2.0
380000.0,Porto,Matosinhos,"Custóias, Leça do Balio e Guifões",House,C,,140.0,0.0,,,1977.0,C,2024-07-19 10:08:05.323,True,False,False,5.0,5.0,1.0,Like new,135.0,176.0,,2.0
245000.0,Porto,Valongo,Campo e Sobrado,House,D,,172.0,0.0,,,1985.0,D,2024-07-05 15:16:32.903,True,False,False,3.0,4.0,0.0,,172.0,500.0,,0.0
504000.0,Porto,Gondomar,"Gondomar (São Cosme), Valbom e Jovim",House,A,,178.0,1.0,,,2024.0,A,,False,False,False,3.0,4.0,1.0,New,178.0,255.0,290.0,5.0
459000.0,Porto,Póvoa de Varzim,"Aver-o-Mar, Amorim e Terroso",House,D,,89.0,1.0,,,1983.0,D,2024-07-11 16:41:47.240,False,False,False,4.0,3.0,0.0,Like new,88.0,,104.9,2.0
325000.0,Porto,Porto,Ramalde,House,C,,199.0,0.0,,,1989.0,C,,False,False,False,3.0,6.0,0.0,,198.0,563.0,,0.0
465000.0,Porto,Vila Nova de Gaia,Santa Marinha e São Pedro da Afurada,House,F,,119.0,0.0,,,1982.0,F,,True,False,False,8.0,3.0,0.0,Good condition,107.0,189.0,144.0,2.0
169900.0,Porto,Matosinhos,São Mamede de Infesta e Senhora da Hora,House,F,,71.0,0.0,,,1937.0,F,2024-07-09 11:07:53.363,False,False,False,3.0,3.0,,Needs renovation,70.0,243.0,142.0,2.0
199900.0,Porto,Vila Nova de Gaia,Santa Marinha e São Pedro da Afurada,House,,,38.0,0.0,,,1937.0,NC,2024-07-08 17:42:11.493,True,False,False,3.0,3.0,0.0,,38.0,88.0,,2.0
320000.0,Porto,Vila Nova de Gaia,Mafamude e Vilar do Paraíso,House,F,,99.0,1.0,,,1947.0,F,2024-07-04 11:11:51.493,False,False,False,4.0,3.0,1.0,Needs renovation,91.0,360.0,,2.0
390000.0,Porto,Felgueiras,Friande,House,B-,,205.0,1.0,,,1937.0,B-,,False,False,False,3.0,3.0,0.0,,195.0,,,3.0
278000.0,Porto,Amarante,Telões,House,,,111.0,1.0,,,1975.0,NC,2024-07-11 16:57:38.550,False,False,False,3.0,3.0,0.0,,111.0,1210.0,,0.0
299000.0,Porto,Paços de Ferreira,Seroa,House,B,,190.0,0.0,,,2021.0,B,2024-07-04 11:21:12.310,True,False,True,3.0,3.0,0.0,Like new,190.0,,287.4,0.0
475000.0,Porto,Matosinhos,"Custóias, Leça do Balio e Guifões",House,F,,818.0,0.0,,,1937.0,F,,True,False,False,3.0,8.0,0.0,,115.0,,,5.0
349000.0,Porto,Porto,Paranhos,House,C,,108.0,0.0,,,2018.0,C,2024-07-04 16:30:12.627,False,False,False,4.0,4.0,0.0,,104.0,,127.4,3.0
256000.0,Porto,Lousada,Nespereira e Casais,House,C,,268.0,0.0,,,1997.0,C,2024-07-11 08:19:41.900,True,False,False,3.0,3.0,3.0,Good condition,265.0,450.0,,3.0
249000.0,Porto,Paredes,Sobreira,House,D,,125.0,0.0,,,1995.0,D,,False,False,False,3.0,3.0,0.0,,125.0,710.0,175.0,2.0
235000.0,Porto,Maia,Cidade da Maia,House,D,,159.0,0.0,,,1986.0,D,,True,False,False,3.0,3.0,1.0,Good condition,110.0,,159.0,2.0
345000.0,Porto,Matosinhos,"Custóias, Leça do Balio e Guifões",House,D,,253.0,0.0,,,1975.0,D,2024-07-08 16:59:33.100,False,False,False,3.0,3.0,0.0,Used,252.0,297.0,,2.0
449500.0,Porto,Matosinhos,"Perafita, Lavra e Santa Cruz do Bispo",House,C,,223.0,0.0,,,2013.0,C,2024-07-05 16:35:01.163,True,False,False,5.0,4.0,0.0,Good condition,223.0,355.0,380.95,4.0
235000.0,Porto,Amarante,Telões,House,A,,135.0,1.0,,,2010.0,A,2024-07-04 09:36:15.367,False,False,False,4.0,3.0,1.0,Used,135.0,1250.0,135.87,2.0
215000.0,Porto,Matosinhos,"Perafita, Lavra e Santa Cruz do Bispo",House,,,55.0,1.0,,,1982.0,NC,2024-07-05 15:38:51.293,False,False,False,3.0,2.0,1.0,,54.0,360.0,55.0,1.0
234900.0,Porto,Vila do Conde,Mindelo,House,,,150.0,0.0,,,1988.0,NC,,True,False,False,5.0,3.0,0.0,Good condition,134.0,,,2.0
270000.0,Porto,Felgueiras,Macieira da Lixa e Caramos,House,F,,407.0,0.0,,,1995.0,F,2024-07-01 15:37:18.380,True,False,False,5.0,3.0,2.0,Good condition,400.0,2310.0,,2.0
137000.0,Porto,Marco de Canaveses,Paredes de Viadores e Manhuncelos,House,F,,216.0,0.0,,,1994.0,F,2024-07-01 10:19:21.357,False,False,False,3.0,2.0,,,70.0,614.0,,1.0
260000.0,Porto,Valongo,Valongo,House,F,,105.0,0.0,,,2001.0,F,,True,False,False,8.0,2.0,0.0,Good condition,105.0,187.0,148.7,1.0
900000.0,Porto,Matosinhos,Matosinhos e Leça da Palmeira,House,C,,260.0,0.0,,,1996.0,C,2024-07-03 17:17:39.763,True,False,False,9.0,3.0,1.0,Good condition,260.0,441.0,389.0,4.0
179000.0,Porto,Marco de Canaveses,Vila Boa de Quires e Maureles,House,F,,240.0,0.0,,,2009.0,F,2024-07-01 09:02:43.547,True,False,False,3.0,3.0,,,120.0,750.0,,3.0
175000.0,Porto,Paredes,Cristelo,House,D,,217.0,0.0,,,2000.0,D,2024-07-08 10:17:40.647,True,False,False,4.0,3.0,0.0,Good condition,216.0,265.0,,2.0
171000.0,Porto,Amarante,"Bustelo, Carneiro e Carvalho de Rei",House,D,,172.0,0.0,,,2010.0,D,,True,False,False,5.0,4.0,0.0,Like new,165.0,,,3.0
314000.0,Porto,Vila Nova de Gaia,Avintes,House,E,,226.0,0.0,,,1970.0,E,2024-07-01 15:01:04.170,True,False,False,6.0,3.0,2.0,,220.0,727.0,,2.0
249900.0,Porto,Penafiel,Oldrões,House,F,,100.0,1.0,,,1993.0,F,2024-06-30 22:11:21.543,False,False,False,11.0,6.0,0.0,Good condition,115.0,1400.0,215.0,2.0
495000.0,Porto,Porto,Ramalde,House,A,,172.0,0.0,,,2023.0,A,2024-06-29 17:26:06.563,False,False,False,5.0,3.0,1.0,New,170.0,172.0,220.0,3.0
365000.0,Porto,Vila Nova de Gaia,Gulpilhares e Valadares,House,D,,166.0,1.0,,,1992.0,D,2024-06-28 16:49:43.683,True,False,False,3.0,3.0,,Like new,135.0,,166.0,3.0
449900.0,Porto,Maia,Águas Santas,House,E,,750.0,0.0,,,1941.0,E,2024-06-28 19:11:09.390,False,False,False,3.0,2.0,0.0,,70.0,820.0,,1.0
180000.0,Porto,Porto,Paranhos,House,E,,59.0,0.0,,,1937.0,E,2024-07-11 16:06:29.573,False,False,False,3.0,2.0,1.0,Needs renovation,58.0,,187.0,2.0
370000.0,Porto,Marco de Canaveses,Paredes de Viadores e Manhuncelos,House,A,,174.0,1.0,,,2024.0,A,,False,False,True,3.0,3.0,2.0,New,124.0,900.0,,2.0
207500.0,Porto,Marco de Canaveses,Paredes de Viadores e Manhuncelos,House,,,112.0,1.0,,,1951.0,NC,,False,True,False,3.0,3.0,1.0,New,112.0,187.0,,3.0
289000.0,Porto,Maia,Castêlo da Maia,House,,,319.0,0.0,,,2024.0,NC,2024-08-06 17:27:30.620,True,False,False,7.0,4.0,1.0,,319.0,936.0,,4.0
110000.0,Porto,Maia,Pedrouços,House,,,58.0,0.0,,,1987.0,NC,,False,False,False,3.0,2.0,1.0,Needs renovation,52.0,318.0,134.0,2.0
370000.0,Porto,Marco de Canaveses,Paredes de Viadores e Manhuncelos,House,A,,174.0,1.0,,,,A,,False,False,True,3.0,3.0,,New,125.0,1730.0,184.4,2.0
347500.0,Porto,Póvoa de Varzim,"Aver-o-Mar, Amorim e Terroso",House,D,,150.0,0.0,,,1990.0,D,,True,False,False,5.0,4.0,0.0,Good condition,140.0,180.0,167.0,3.0
990000.0,Porto,Vila Nova de Gaia,Gulpilhares e Valadares,House,B,,254.0,0.0,,,2012.0,B,,True,False,False,6.0,4.0,0.0,Good condition,204.0,668.0,494.9,5.0
180000.0,Porto,Maia,Águas Santas,House,E,,750.0,0.0,,,1941.0,E,2024-06-28 19:15:01.543,False,False,False,3.0,2.0,0.0,,70.0,820.0,,1.0
335000.0,Porto,Maia,Moreira,House,E,,251.0,0.0,,,2001.0,E,,True,False,False,3.0,2.0,0.0,,251.0,330.0,,1.0
370000.0,Porto,Marco de Canaveses,Paredes de Viadores e Manhuncelos,House,A,,174.0,1.0,,,,A,,False,False,True,3.0,3.0,,New,123.0,1200.0,181.75,2.0
400000.0,Porto,Paços de Ferreira,Seroa,House,A+,,373.0,1.0,,,1994.0,A+,2024-07-05 18:00:56.743,False,False,False,3.0,6.0,1.0,Used,373.0,926.0,632.48,4.0
599900.0,Porto,Vila Nova de Gaia,Arcozelo,House,E,,107.0,1.0,,,1973.0,E,,False,False,True,6.0,5.0,0.0,Good condition,106.0,157.0,107.0,3.0
264000.0,Porto,Paços de Ferreira,Meixomil,House,F,,570.0,0.0,,,2001.0,F,,True,False,False,3.0,3.0,0.0,,570.0,630.0,,2.0
699000.0,Porto,Matosinhos,"Perafita, Lavra e Santa Cruz do Bispo",House,B,,225.0,0.0,,,2001.0,B,2024-06-28 15:06:05.147,True,False,True,3.0,4.0,3.0,Like new,225.0,348.0,348.0,5.0
199000.0,Porto,Penafiel,Cabeça Santa,House,F,,315.0,0.0,,,1937.0,F,2024-06-28 09:07:35.797,True,False,False,3.0,3.0,1.0,,314.0,584.0,315.0,2.0
420000.0,Porto,Paredes,Rebordosa,House,B,,185.0,1.0,,,2009.0,B,,False,False,False,3.0,3.0,0.0,,185.0,3600.0,,2.0
424000.0,Porto,Maia,Pedrouços,House,A,,165.0,1.0,,,2022.0,A,,False,False,False,11.0,3.0,1.0,Like new,131.0,205.0,165.5,3.0
950000.0,Porto,Santo Tirso,Reguenga,House,B-,,221.0,1.0,,,2023.0,B-,,False,False,False,3.0,3.0,2.0,,135.0,,,2.0
325000.0,Porto,Marco de Canaveses,Marco,House,B,,217.0,0.0,,,2022.0,B,2024-06-26 10:15:44.267,True,False,False,3.0,3.0,,,112.0,450.0,,3.0
199000.0,Porto,Maia,Nogueira e Silva Escura,House,,,223.0,1.0,,,1937.0,NC,2024-06-28 09:16:51.613,False,False,False,3.0,3.0,0.0,Needs renovation,172.0,1392.0,,1.0
275000.0,Porto,Paredes,Parada de Todeia,House,E,,216.0,1.0,,,1987.0,E,,False,False,False,3.0,6.0,0.0,,215.0,1429.0,,3.0
590000.0,Porto,Porto,Bonfim,House,E,,237.0,0.0,,,1951.0,E,2024-06-25 15:59:35.860,False,False,False,3.0,4.0,0.0,,237.0,207.0,,3.0
280000.0,Porto,Vila Nova de Gaia,Serzedo e Perosinho,House,D,,250.0,0.0,,,1990.0,D,2024-06-26 16:15:18.450,True,False,False,3.0,4.0,0.0,Good condition,170.0,250.0,254.0,3.0
565000.0,Porto,Maia,Nogueira e Silva Escura,House,A+,,301.0,0.0,,,2020.0,A+,,True,False,True,5.0,3.0,0.0,,206.0,328.0,,4.0
845000.0,Porto,Matosinhos,Matosinhos e Leça da Palmeira,House,A,,305.0,1.0,,,,A,,False,False,True,3.0,4.0,5.0,New,300.0,1056.0,451.0,5.0
845000.0,Porto,Matosinhos,Matosinhos e Leça da Palmeira,House,A,,306.0,1.0,,,,A,,False,False,True,3.0,4.0,0.0,New,305.0,,451.0,0.0
550000.0,Porto,Porto,Paranhos,House,,,115.0,0.0,,,1982.0,NC,2024-06-25 18:34:43.670,False,False,False,5.0,4.0,1.0,,115.0,125.0,130.0,3.0
269900.0,Porto,Valongo,Campo e Sobrado,House,E,,102.0,1.0,,,1997.0,E,2024-07-11 09:31:03.410,False,False,False,3.0,3.0,0.0,,102.0,700.0,120.0,2.0
235000.0,Porto,Matosinhos,Matosinhos e Leça da Palmeira,House,F,,200.0,0.0,,,1988.0,F,,True,False,False,9.0,6.0,0.0,Needs renovation,200.0,246.0,237.0,3.0
220000.0,Porto,Vila Nova de Gaia,Mafamude e Vilar do Paraíso,House,D,,63.0,0.0,,,1960.0,D,,False,False,False,5.0,2.0,1.0,Used,62.0,,,2.0
547000.0,Porto,Penafiel,Croca,House,,,238.0,0.0,,,1996.0,NC,,True,False,False,4.0,3.0,1.0,,238.0,851.0,390.0,3.0
380000.0,Porto,Paços de Ferreira,Ferreira,House,F,,300.0,0.0,,,1998.0,F,,True,False,False,3.0,3.0,0.0,,300.0,1150.0,,3.0
190000.0,Porto,Matosinhos,Matosinhos e Leça da Palmeira,House,F,,77.0,0.0,,,1937.0,F,,False,False,False,5.0,2.0,0.0,Needs renovation,75.0,164.0,86.53,2.0
265000.0,Porto,Marco de Canaveses,Bem Viver,House,A,,157.0,0.0,,,2016.0,A,2024-06-24 17:50:05.903,True,False,False,3.0,3.0,1.0,,97.0,,,3.0
835000.0,Porto,Matosinhos,Matosinhos e Leça da Palmeira,House,A,,351.0,1.0,,,,A,,False,False,False,3.0,4.0,5.0,,350.0,,485.0,5.0
132000.0,Porto,Felgueiras,Aião,House,F,,118.0,1.0,,,1966.0,F,,False,False,False,3.0,2.0,0.0,,118.0,2479.0,,1.0
105000.0,Porto,Penafiel,Rio de Moinhos,House,F,,112.0,0.0,,,1937.0,F,,False,False,False,3.0,6.0,0.0,,112.0,221.0,,1.0
155000.0,Porto,Felgueiras,"Margaride (Santa Eulália), Várzea, Lagares, Varziela e Moure",House,F,,150.0,0.0,,,1948.0,F,2024-06-26 17:11:21.207,False,False,False,6.0,4.0,1.0,Needs renovation,145.0,674.0,,1.0
135000.0,Porto,Felgueiras,Aião,House,F,,169.0,1.0,,,1937.0,F,,False,False,False,3.0,2.0,0.0,,169.0,1455.0,,1.0
115000.0,Porto,Felgueiras,"Margaride (Santa Eulália), Várzea, Lagares, Varziela e Moure",House,F,,95.0,0.0,,,1948.0,F,2024-06-26 16:53:32.403,False,False,False,5.0,3.0,1.0,Needs renovation,90.0,227.0,,1.0
365000.0,Porto,Porto,Campanhã,House,D,,193.0,0.0,,,1951.0,D,2024-06-28 16:19:44.467,True,False,False,4.0,3.0,0.0,Like new,119.0,,,1.0
32500.0,Porto,Baião,Santa Marinha do Zêzere,House,,,54.0,0.0,,,1956.0,NC,,False,False,False,3.0,3.0,1.0,Used,123.0,,,1.0
370000.0,Porto,Gondomar,Fânzeres e São Pedro da Cova,House,E,,184.0,1.0,,,1992.0,E,,False,False,False,3.0,4.0,0.0,,183.0,380.0,,4.0
329000.0,Porto,Matosinhos,São Mamede de Infesta e Senhora da Hora,House,,,168.0,0.0,,,1969.0,NC,,False,False,False,10.0,6.0,0.0,,140.0,338.0,168.0,3.0
222500.0,Porto,Felgueiras,Sendim,House,,,492.0,1.0,,,1981.0,NC,,False,False,False,3.0,3.0,1.0,,2121.0,,,3.0
418000.0,Porto,Gondomar,"Gondomar (São Cosme), Valbom e Jovim",House,C,,335.0,0.0,,,2008.0,C,2024-06-17 17:10:21.080,True,False,True,3.0,4.0,4.0,,208.0,,,4.0
195000.0,Porto,Felgueiras,"Margaride (Santa Eulália), Várzea, Lagares, Varziela e Moure",House,E,,161.0,0.0,,,1965.0,E,2024-06-21 14:05:23.760,True,False,False,6.0,3.0,2.0,Reasonable,160.0,413.0,,2.0
94000.0,Porto,Marco de Canaveses,Marco,House,,,60.0,0.0,,,1937.0,NC,2024-06-19 08:22:36.627,False,False,False,3.0,2.0,1.0,,186.0,278.0,,1.0
299000.0,Porto,Gondomar,Fânzeres e São Pedro da Cova,House,D,,296.0,1.0,,,1985.0,D,2024-07-05 15:06:45.217,False,False,False,3.0,6.0,0.0,Needs renovation,195.0,623.0,,4.0
320000.0,Porto,Maia,Cidade da Maia,House,D,,166.0,0.0,,,1980.0,D,2024-06-18 15:31:21.010,True,False,False,5.0,4.0,2.0,,165.0,,207.0,2.0
750000.0,Porto,Vila Nova de Gaia,Canidelo,House,B,,260.0,0.0,,,2003.0,B,2024-06-28 12:52:08.237,True,False,False,5.0,4.0,1.0,Good condition,259.0,,364.0,5.0
249000.0,Porto,Maia,Castêlo da Maia,House,F,,177.0,0.0,,,1950.0,F,,False,False,False,3.0,3.0,0.0,Needs renovation,177.0,259.0,,3.0
79500.0,Porto,Felgueiras,"Margaride (Santa Eulália), Várzea, Lagares, Varziela e Moure",House,G,,66.0,0.0,,,1965.0,G,2024-06-18 13:20:24.910,False,False,False,4.0,2.0,1.0,,66.0,57.0,,1.0
460000.0,Porto,Vila Nova de Gaia,Santa Marinha e São Pedro da Afurada,House,C,,202.0,0.0,,,2004.0,C,,False,False,False,3.0,2.0,0.0,Like new,192.0,238.0,202.0,2.0
325000.0,Porto,Maia,Vila Nova da Telha,House,D,,212.0,0.0,,,2001.0,D,2024-06-27 17:38:02.313,True,False,True,5.0,4.0,1.0,Good condition,211.0,,252.0,3.0
139000.0,Porto,Vila Nova de Gaia,Canidelo,House,D,,30.0,0.0,,,1951.0,D,,False,False,False,3.0,1.0,0.0,,27.0,61.0,,1.0
145000.0,Porto,Lousada,Nespereira e Casais,House,F,,134.0,0.0,,,1963.0,F,,True,False,False,3.0,2.0,0.0,,190.0,270.0,,1.0
400000.0,Porto,Matosinhos,"Custóias, Leça do Balio e Guifões",House,D,,135.0,0.0,,,1987.0,D,2024-06-14 14:40:57.590,True,False,False,3.0,5.0,2.0,Good condition,135.0,285.0,196.0,5.0
245000.0,Porto,Santo Tirso,"Santo Tirso, Couto (Santa Cristina e São Miguel) e Burgães",House,D,,113.0,0.0,,,1989.0,D,,True,False,False,4.0,3.0,1.0,,112.0,550.0,171.98,2.0
369900.0,Porto,Vila Nova de Gaia,Canidelo,House,D,,144.0,0.0,,,1978.0,D,2024-06-16 10:41:11.267,True,False,False,3.0,3.0,0.0,Good condition,104.0,560.0,,1.0
830000.0,Porto,Marco de Canaveses,Marco,House,A,,200.0,0.0,,,1966.0,A,,True,False,False,3.0,5.0,0.0,,180.0,3500.0,284.0,6.0
85000.0,Porto,Baião,Santa Cruz do Douro e São Tomé de Covelas,House,F,,85.0,1.0,,,1937.0,F,,False,False,False,3.0,2.0,0.0,,85.0,85.0,,0.0
365000.0,Porto,Lousada,"Silvares, Pias, Nogueira e Alvarenga",House,,,270.0,0.0,,,1996.0,NC,,True,False,False,6.0,4.0,4.0,Good condition,135.0,1500.0,,8.0
698000.0,Porto,Paços de Ferreira,Freamunde,House,C,,126.0,0.0,,,2003.0,C,2024-06-14 13:15:06.403,True,False,False,3.0,3.0,0.0,,238.0,700.0,,4.0
215500.0,Porto,Maia,Águas Santas,House,C,,67.0,1.0,,,2006.0,C,,False,False,False,2.0,0.0,0.0,,67.0,3350.0,185.4,1.0
290000.0,Porto,Felgueiras,Vila Verde e Santão,House,D,,340.0,0.0,,,1980.0,D,2024-06-20 16:26:27.040,True,False,False,3.0,6.0,,,340.0,,,3.0
110000.0,Porto,Penafiel,Penafiel,House,F,,33.0,0.0,,,1937.0,F,,False,False,False,3.0,3.0,1.0,,32.0,359.0,59.0,2.0
155000.0,Porto,Matosinhos,"Perafita, Lavra e Santa Cruz do Bispo",House,,,48.0,0.0,,,1937.0,NC,2024-06-14 16:40:02.127,False,False,False,3.0,1.0,1.0,,47.0,,,1.0
750000.0,Porto,Amarante,"Amarante (São Gonçalo), Madalena, Cepelos e Gatão",House,C,,332.0,0.0,,,1998.0,C,,True,False,False,8.0,4.0,2.0,Good condition,332.0,10000.0,1046.0,6.0
830000.0,Porto,Matosinhos,"Perafita, Lavra e Santa Cruz do Bispo",House,,,240.0,0.0,,,2024.0,NC,,True,False,True,9.0,3.0,1.0,New,240.0,461.0,,3.0
750000.0,Porto,Amarante,Telões,House,A,,318.0,0.0,,,2005.0,A,2024-06-12 17:40:37.210,True,False,False,3.0,6.0,,,315.0,4889.0,,6.0
230000.0,Porto,Maia,Moreira,House,D,,91.0,0.0,,,1954.0,D,2024-06-06 10:25:58.233,False,False,False,4.0,2.0,0.0,,91.0,449.0,90.5,1.0
56500.0,Porto,Paredes,Vandoma,House,G,,80.0,0.0,,,1988.0,G,2024-06-13 13:45:07.343,False,False,False,4.0,2.0,1.0,Needs renovation,78.0,220.0,,1.0
279900.0,Porto,Vila Nova de Gaia,Canidelo,House,D,,52.0,0.0,,,1964.0,D,,False,False,False,4.0,2.0,0.0,Used,52.0,142.0,52.25,1.0
199500.0,Porto,Vila Nova de Gaia,Pedroso e Seixezelo,House,D,,123.0,0.0,,,1976.0,D,,True,False,False,9.0,3.0,1.0,Good condition,103.0,190.0,154.0,2.0
95000.0,Porto,Baião,Loivos do Monte,House,,,73.0,0.0,,,1958.0,NC,2024-06-11 16:56:38.117,False,False,False,3.0,2.0,0.0,,146.0,73.0,,1.0
195000.0,Porto,Matosinhos,Matosinhos e Leça da Palmeira,House,,,78.0,0.0,,,1937.0,NC,,False,False,False,3.0,2.0,,,78.0,,,1.0
530000.0,Porto,Santo Tirso,Vila Nova do Campo,House,C,,400.0,1.0,,,1995.0,C,2024-06-21 16:06:53.763,True,False,False,6.0,4.0,0.0,Used,210.0,4240.0,400.0,4.0
44900.0,Porto,Baião,Ancede e Ribadouro,House,,,52.0,0.0,,,1937.0,NC,2024-06-07 10:31:34.967,False,False,False,3.0,2.0,0.0,,52.0,153.0,,1.0
795000.0,Porto,Matosinhos,"Perafita, Lavra e Santa Cruz do Bispo",House,B-,,210.0,0.0,,,1990.0,B-,2024-06-09 11:06:44.333,True,False,False,3.0,4.0,0.0,,210.0,674.0,260.0,3.0
380000.0,Porto,Gondomar,Fânzeres e São Pedro da Cova,House,D,,207.0,0.0,,,1998.0,D,2024-06-12 13:30:43.280,True,False,False,3.0,4.0,0.0,,207.0,180.0,349.0,3.0
70000.0,Porto,Amarante,Freixo de Cima e de Baixo,House,,,52.0,1.0,,,1937.0,NC,2024-06-12 17:06:29.703,False,False,False,3.0,2.0,0.0,,52.0,3114.0,,1.0
119000.0,Porto,Penafiel,Capela,House,,,540.0,0.0,,,1988.0,NC,,False,False,False,15.0,5.0,0.0,Needs renovation,270.0,1310.0,,0.0
598000.0,Porto,Vila do Conde,Vilar de Pinheiro,House,B-,,565.0,0.0,,,1987.0,B-,,True,False,False,10.0,5.0,7.0,Good condition,472.0,684.0,565.86,7.0
329000.0,Porto,Santo Tirso,São Tomé Negrelos,House,,,320.0,0.0,,,1993.0,NC,,True,False,False,6.0,5.0,0.0,,319.0,630.0,370.0,4.0
480000.0,Porto,Valongo,Alfena,House,C,,220.0,0.0,,,2002.0,C,,True,False,False,3.0,3.0,0.0,,220.0,1370.0,300.0,3.0
79000.0,Porto,Marco de Canaveses,Penhalonga e Paços de Gaiolo,House,F,,72.0,0.0,,,1937.0,F,2024-06-05 09:22:23.377,False,False,False,3.0,4.0,0.0,,124.0,1578.0,,1.0
379000.0,Porto,Póvoa de Varzim,"Póvoa de Varzim, Beiriz e Argivai",House,A,,138.0,0.0,,,2017.0,A,2024-06-04 13:28:50.520,True,False,False,3.0,2.0,,,138.0,,155.4,3.0
68000.0,Porto,Penafiel,Rio Mau,House,,,85.0,0.0,,,1957.0,NC,,False,False,False,4.0,3.0,0.0,,85.0,2232.0,,0.0
800000.0,Porto,Vila Nova de Gaia,Arcozelo,House,C,,234.0,0.0,,,2012.0,C,,True,False,False,3.0,3.0,0.0,Good condition,290.0,2315.0,290.75,3.0
479900.0,Porto,Póvoa de Varzim,Balazar,House,,,190.0,0.0,,,1937.0,NC,,False,False,False,3.0,3.0,0.0,,290.0,690.0,,2.0
605000.0,Porto,Valongo,Alfena,House,C,,220.0,0.0,,,2002.0,C,,True,False,False,3.0,3.0,0.0,,220.0,3023.0,300.0,3.0
890000.0,Porto,Póvoa de Varzim,"Aver-o-Mar, Amorim e Terroso",House,,,270.0,0.0,,,2002.0,NC,,True,False,False,7.0,6.0,0.0,Like new,135.0,1360.0,270.0,4.0
190000.0,Porto,Valongo,Valongo,House,E,,59.0,0.0,,,1937.0,E,2024-06-11 14:12:02.377,True,False,False,3.0,2.0,0.0,,170.0,280.0,170.65,1.0
289500.0,Porto,Penafiel,Paço de Sousa,House,B-,,310.0,0.0,,,2008.0,B-,,True,False,True,3.0,3.0,1.0,,167.0,,,3.0
450000.0,Porto,Marco de Canaveses,Marco,House,E,,122.0,0.0,,,2005.0,E,,True,False,False,3.0,3.0,0.0,,110.0,1435.0,232.0,3.0
580000.0,Porto,Gondomar,"Gondomar (São Cosme), Valbom e Jovim",House,A,,384.0,0.0,,,2024.0,A,2024-06-06 10:40:24.460,True,False,False,5.0,4.0,0.0,New,384.0,528.0,,6.0
215000.0,Porto,Paços de Ferreira,Ferreira,House,F,,110.0,0.0,,,2002.0,F,,True,False,False,6.0,3.0,0.0,,110.0,600.0,225.0,2.0
395000.0,Porto,Marco de Canaveses,Sande e São Lourenço,House,D,,190.0,0.0,,,2006.0,D,2024-05-31 16:12:13.830,True,False,False,3.0,3.0,3.0,Like new,380.0,1800.0,,3.0
230000.0,Porto,Valongo,Valongo,House,,,101.0,1.0,,,1937.0,NC,2024-06-11 14:11:37.203,False,False,False,3.0,3.0,0.0,Needs renovation,136.0,270.0,136.45,1.0
230000.0,Porto,Lousada,"Cristelos, Boim e Ordem",House,F,,210.0,0.0,,,1984.0,F,,True,False,False,3.0,4.0,0.0,,210.0,670.0,340.0,4.0
298000.0,Porto,Felgueiras,"Margaride (Santa Eulália), Várzea, Lagares, Varziela e Moure",House,,,186.0,0.0,,,2024.0,NC,2024-06-05 14:11:27.777,True,False,False,3.0,3.0,0.0,,186.0,370.0,,2.0
419000.0,Porto,Gondomar,"Gondomar (São Cosme), Valbom e Jovim",House,B,,178.0,1.0,,,2018.0,B,2024-06-04 10:27:16.593,False,False,False,4.0,3.0,0.0,Like new,175.0,261.0,293.0,3.0
66500.0,Porto,Felgueiras,Jugueiros,House,F,,148.0,0.0,,,1954.0,F,,False,False,False,3.0,2.0,0.0,,83.0,127.0,,1.0
344000.0,Porto,Porto,Campanhã,House,B-,,168.0,0.0,,,1939.0,B-,,True,False,False,3.0,4.0,0.0,,151.0,300.0,208.0,2.0
275000.0,Porto,Felgueiras,"Margaride (Santa Eulália), Várzea, Lagares, Varziela e Moure",House,D,,224.0,1.0,,,1990.0,D,,False,False,False,3.0,4.0,0.0,,264.0,445.0,,2.0
250000.0,Porto,Santo Tirso,Rebordões,House,,,143.0,0.0,,,2007.0,NC,,True,False,False,3.0,3.0,2.0,,219.0,,219.4,2.0
365000.0,Porto,Gondomar,Fânzeres e São Pedro da Cova,House,D,,192.0,0.0,,,2002.0,D,,True,False,False,3.0,3.0,0.0,,192.0,432.0,,5.0
890000.0,Porto,Matosinhos,"Perafita, Lavra e Santa Cruz do Bispo",House,B-,,251.0,0.0,,,2022.0,B-,,True,False,True,5.0,4.0,0.0,,251.0,441.0,317.7,5.0
750000.0,Porto,Valongo,Ermesinde,House,E,,452.0,0.0,,,1988.0,E,2024-05-27 10:04:21.313,True,False,False,7.0,5.0,1.0,Good condition,757.0,1800.0,757.0,6.0
166500.0,Porto,Maia,Cidade da Maia,House,,,150.0,0.0,,,1951.0,NC,2024-08-08 12:35:08.873,False,False,False,4.0,3.0,1.0,Needs renovation,150.0,1000.0,1000.0,2.0
750000.0,Porto,Porto,Campanhã,House,E,,206.0,0.0,,,1980.0,E,2024-05-31 11:37:05.750,True,False,True,3.0,3.0,1.0,New,206.0,,246.0,6.0
299000.0,Porto,Santo Tirso,"Santo Tirso, Couto (Santa Cristina e São Miguel) e Burgães",House,D,,208.0,0.0,,,1960.0,D,2024-05-29 10:48:29.647,True,False,False,3.0,5.0,,,208.0,374.0,238.0,3.0
209000.0,Porto,Vila Nova de Gaia,Canidelo,House,D,,69.0,0.0,,,1980.0,D,,False,False,False,3.0,2.0,0.0,,69.0,,,1.0
360000.0,Porto,Gondomar,Rio Tinto,House,D,,216.0,0.0,,,1988.0,D,,True,False,False,14.0,6.0,2.0,Used,196.0,260.0,324.0,4.0
320000.0,Porto,Valongo,Ermesinde,House,,,156.0,0.0,,,1961.0,NC,,True,False,False,5.0,4.0,1.0,,178.0,219.0,178.0,3.0
430000.0,Porto,Amarante,"Amarante (São Gonçalo), Madalena, Cepelos e Gatão",House,D,,240.0,0.0,,,2000.0,D,,True,False,False,3.0,4.0,1.0,Good condition,240.0,603.0,389.5,3.0
990000.0,Porto,Porto,"Cedofeita, Santo Ildefonso, Sé, Miragaia, São Nicolau e Vitória",House,E,,166.0,0.0,,,1930.0,E,2024-06-07 10:00:10.583,True,False,False,8.0,7.0,0.0,,166.0,467.0,269.0,4.0
320000.0,Porto,Felgueiras,Pombeiro de Ribavizela,House,F,,458.0,0.0,,,1951.0,F,,False,False,False,5.0,4.0,,Used,450.0,8055.0,458.0,2.0
329900.0,Porto,Póvoa de Varzim,"Póvoa de Varzim, Beiriz e Argivai",House,E,,150.0,0.0,,,1984.0,E,2024-05-28 15:19:06.957,True,False,False,3.0,4.0,1.0,,150.0,208.0,187.2,3.0
59000.0,Porto,Amarante,Gouveia (São Simão),House,,,165.0,0.0,,,2006.0,NC,2024-06-27 16:04:54.057,False,False,False,3.0,2.0,0.0,,112.0,1000.0,,1.0
450000.0,Porto,Vila do Conde,Vila do Conde,House,E,,162.0,0.0,,,1977.0,E,2024-05-27 14:09:54.323,False,False,False,5.0,4.0,2.0,,162.0,,,2.0
187000.0,Porto,Baião,Teixeira e Teixeiró,House,,,238.0,1.0,,,1937.0,NC,,False,False,False,3.0,3.0,0.0,,238.0,75419.0,238.0,1.0
215000.0,Porto,Baião,Gove,House,E,,125.0,1.0,,,2006.0,E,,False,False,False,3.0,3.0,2.0,,125.0,3900.0,250.0,3.0
155000.0,Porto,Gondomar,Fânzeres e São Pedro da Cova,House,E,,76.0,0.0,,,1971.0,E,,False,False,False,2.0,1.0,1.0,,75.0,,76.25,1.0
398500.0,Porto,Matosinhos,"Custóias, Leça do Balio e Guifões",House,D,,246.0,0.0,,,1982.0,D,,True,False,False,3.0,4.0,0.0,,246.0,246.0,,3.0
279000.0,Porto,Trofa,Coronado (São Romão e São Mamede),House,C,,140.0,0.0,,,1999.0,C,2024-10-08 09:26:00.957,True,False,True,3.0,3.0,2.0,,135.0,206.0,206.8,4.0
215000.0,Porto,Baião,Baião (Santa Leocádia) e Mesquinhata,House,F,,92.0,0.0,,,1937.0,F,2024-05-24 13:46:16.563,True,False,False,3.0,2.0,2.0,,183.0,2030.0,,3.0
245000.0,Porto,Gondomar,Baguim do Monte,House,E,,118.0,0.0,,,1998.0,E,2024-05-22 11:23:54.320,True,False,False,3.0,3.0,2.0,,118.0,188.0,177.0,3.0
65000.0,Porto,Maia,Castêlo da Maia,House,E,,153.0,0.0,,,1964.0,E,,False,False,False,3.0,2.0,0.0,,60.0,,,1.0
133000.0,Porto,Porto,Campanhã,House,,,60.0,0.0,,,1951.0,NC,,False,False,False,5.0,3.0,1.0,Needs renovation,60.0,166.0,166.0,2.0
86500.0,Porto,Lousada,Sousela,House,F,,58.0,0.0,,,1971.0,F,,False,False,False,3.0,2.0,0.0,,58.0,809.0,,0.0
67900.0,Porto,Felgueiras,Vila Fria e Vizela (São Jorge),House,,,36.0,0.0,,,1986.0,NC,2024-10-14 13:54:12.987,False,False,False,3.0,1.0,0.0,,73.0,865.0,,0.0
575000.0,Porto,Maia,Pedrouços,House,C,,242.0,0.0,,,2002.0,C,2024-05-24 17:01:18.647,True,False,False,3.0,4.0,1.0,Like new,175.0,123.0,242.0,4.0
89000.0,Porto,Penafiel,Penafiel,House,,,62.0,0.0,,,1960.0,NC,,False,False,False,3.0,2.0,0.0,,62.0,283.0,,1.0
550000.0,Porto,Paços de Ferreira,Freamunde,House,D,,380.0,0.0,,,2006.0,D,,True,False,False,3.0,8.0,0.0,,380.0,700.0,,5.0
550000.0,Porto,Vila Nova de Gaia,Gulpilhares e Valadares,House,B-,,208.0,0.0,,,1996.0,B-,,True,False,False,5.0,4.0,1.0,,208.0,437.0,335.0,3.0
195000.0,Porto,Santo Tirso,"Santo Tirso, Couto (Santa Cristina e São Miguel) e Burgães",House,,,58.0,0.0,,,1988.0,NC,,False,False,False,3.0,2.0,0.0,,58.0,1600.0,,0.0
50000.0,Porto,Marco de Canaveses,Soalhães,House,,,162.0,0.0,,,2010.0,NC,2024-05-20 16:34:01.297,False,False,False,3.0,0.0,,,162.0,1222.0,,1.0
199000.0,Porto,Valongo,Ermesinde,House,,,49.0,1.0,,,1989.0,NC,2024-05-17 17:55:25.160,False,False,False,3.0,2.0,,,49.0,117.0,49.0,1.0
365000.0,Porto,Póvoa de Varzim,"Póvoa de Varzim, Beiriz e Argivai",House,B,,137.0,0.0,,,2022.0,B,,True,False,False,4.0,3.0,0.0,,167.0,290.0,,3.0
270000.0,Porto,Amarante,Fregim,House,C,,450.0,1.0,,,2014.0,C,,False,False,False,3.0,3.0,0.0,,1227.0,,,2.0
299900.0,Porto,Vila Nova de Gaia,Vilar de Andorinho,House,E,,192.0,1.0,,,1986.0,E,2024-05-17 11:34:15.703,True,False,False,5.0,4.0,1.0,,192.0,359.0,313.6,4.0
190000.0,Porto,Matosinhos,São Mamede de Infesta e Senhora da Hora,House,E,,79.0,0.0,,,1968.0,E,,True,False,False,3.0,2.0,0.0,Needs renovation,74.0,107.0,85.0,2.0
549000.0,Porto,Vila Nova de Gaia,Serzedo e Perosinho,House,D,,198.0,0.0,,,2008.0,D,2024-06-04 10:50:37.663,True,False,True,3.0,3.0,2.0,Like new,198.0,310.0,310.4,4.0
475000.0,Porto,Maia,Pedrouços,House,C,,355.0,0.0,,,2003.0,C,,True,False,False,3.0,4.0,1.0,,355.0,392.0,,4.0
430000.0,Porto,Matosinhos,São Mamede de Infesta e Senhora da Hora,House,D,,190.0,0.0,,,1980.0,D,,True,False,False,3.0,4.0,3.0,Good condition,88.0,280.0,90.0,4.0
690000.0,Porto,Vila Nova de Gaia,Mafamude e Vilar do Paraíso,House,,,233.0,0.0,,,2024.0,NC,,True,True,True,3.0,4.0,4.0,New,233.0,280.0,330.0,4.0
162000.0,Porto,Lousada,"Silvares, Pias, Nogueira e Alvarenga",House,E,,170.0,0.0,,,1996.0,E,2024-05-12 11:05:34.590,True,False,False,3.0,3.0,0.0,,170.0,530.0,,2.0
330000.0,Porto,Matosinhos,"Perafita, Lavra e Santa Cruz do Bispo",House,,,177.0,0.0,,,1937.0,NC,2024-05-16 13:40:58.810,True,False,True,3.0,3.0,1.0,,90.0,,,4.0
695000.0,Porto,Maia,Cidade da Maia,House,C,,291.0,0.0,,,2003.0,C,,True,False,False,9.0,5.0,4.0,Good condition,291.0,542.0,461.87,4.0
375000.0,Porto,Amarante,Figueiró (Santiago e Santa Cristina),House,F,,290.0,1.0,,,2009.0,F,,False,False,False,3.0,4.0,0.0,,290.0,,,3.0
130000.0,Porto,Matosinhos,"Custóias, Leça do Balio e Guifões",House,F,,205.0,0.0,,,1946.0,F,2024-05-10 15:28:20.077,False,False,False,5.0,4.0,1.0,Needs renovation,157.0,359.0,359.0,2.0
600000.0,Porto,Matosinhos,Matosinhos e Leça da Palmeira,House,,,119.0,0.0,,,1937.0,NC,,False,False,False,5.0,3.0,1.0,,119.0,162.0,234.9,3.0
280000.0,Porto,Vila do Conde,Vila Chã,House,E,,144.0,0.0,,,1977.0,E,,True,False,False,3.0,3.0,2.0,Used,144.0,,,2.0
85000.0,Porto,Marco de Canaveses,Soalhães,House,E,,77.0,1.0,,,1964.0,E,,False,False,False,3.0,3.0,0.0,,144.0,3297.0,,1.0
337000.0,Porto,Maia,Castêlo da Maia,House,B-,,175.0,0.0,,,1997.0,B-,,True,False,False,6.0,4.0,3.0,,175.0,,223.0,3.0
330000.0,Porto,Maia,Águas Santas,House,E,,161.0,0.0,,,1981.0,E,,True,False,False,5.0,4.0,2.0,,161.0,250.0,351.66,4.0
84900.0,Porto,Maia,Águas Santas,House,,,106.0,0.0,,,1988.0,NC,,False,False,False,3.0,2.0,2.0,,56.0,,,4.0
493000.0,Porto,Santo Tirso,"Areias, Sequeiró, Lama e Palmeira",House,B-,,221.0,1.0,,,2012.0,B-,,False,False,False,3.0,2.0,2.0,,221.0,550.0,,3.0
690000.0,Porto,Lousada,"Silvares, Pias, Nogueira e Alvarenga",House,E,,2400.0,0.0,,,2002.0,E,,True,False,True,8.0,4.0,0.0,,564.0,,,5.0
340000.0,Porto,Valongo,Alfena,House,D,,230.0,0.0,,,1999.0,D,,True,True,False,3.0,4.0,1.0,,230.0,,,3.0
127700.0,Porto,Marco de Canaveses,"Alpendorada, Várzea e Torrão",House,,,130.0,0.0,,,1987.0,NC,2024-05-07 17:06:37.283,True,False,False,3.0,3.0,2.0,Needs renovation,130.0,868.0,,2.0
360000.0,Porto,Porto,Campanhã,House,F,,150.0,0.0,,,1965.0,F,2024-05-07 16:23:02.707,True,False,False,3.0,3.0,1.0,,150.0,263.0,,2.0
47500.0,Porto,Baião,Teixeira e Teixeiró,House,,,90.0,0.0,,,1937.0,NC,,False,False,False,3.0,1.0,1.0,,90.0,1490.0,,1.0
430000.0,Porto,Felgueiras,"Margaride (Santa Eulália), Várzea, Lagares, Varziela e Moure",House,B-,,291.0,0.0,,,2017.0,B-,2024-05-13 15:32:21.130,True,False,False,5.0,3.0,3.0,,223.0,293.0,,3.0
750000.0,Porto,Amarante,Fridão,House,D,,190.0,1.0,,,2006.0,D,,False,False,False,3.0,5.0,4.0,Used,190.0,18000.0,282.0,8.0
365000.0,Porto,Trofa,Bougado (São Martinho e Santiago),House,C,,234.0,0.0,,,1991.0,C,2024-05-07 14:49:47.480,True,False,False,3.0,4.0,0.0,,191.0,,,3.0
628000.0,Porto,Matosinhos,Matosinhos e Leça da Palmeira,House,A,,117.0,0.0,,,2023.0,A,2024-05-13 15:46:32.257,True,False,False,3.0,2.0,,New,117.0,,160.48,3.0
430000.0,Porto,Penafiel,Penafiel,House,A,,150.0,1.0,,,1937.0,A,,False,False,False,6.0,4.0,0.0,Good condition,230.0,4400.0,300.0,3.0
289000.0,Porto,Felgueiras,Sendim,House,D,,163.0,0.0,,,1993.0,D,,True,False,False,3.0,3.0,1.0,,163.0,,,3.0
332000.0,Porto,Penafiel,Termas de São Vicente,House,A,,214.0,0.0,,,2024.0,A,,True,False,False,3.0,3.0,3.0,,214.0,700.0,313.75,3.0
950000.0,Porto,Porto,"Aldoar, Foz do Douro e Nevogilde",House,B,,86.0,0.0,,,,B,,False,False,False,3.0,2.0,1.0,Like new,176.0,66.0,104.0,3.0
245000.0,Porto,Santo Tirso,Lamelas e Guimarei,House,D,,300.0,0.0,,,1958.0,D,,True,False,False,3.0,3.0,1.0,,142.0,,,3.0
125000.0,Porto,Lousada,Cernadelo e Lousada (São Miguel e Santa Margarida),House,E,,82.0,0.0,,,1937.0,E,,True,False,False,3.0,2.0,0.0,,82.0,230.0,115.22,1.0
293000.0,Porto,Marco de Canaveses,"Alpendorada, Várzea e Torrão",House,F,,150.0,0.0,,,2000.0,F,2024-05-06 16:27:42.850,True,False,False,3.0,4.0,,,450.0,3350.0,,2.0
550000.0,Porto,Porto,Paranhos,House,D,,166.0,1.0,,,1977.0,D,,False,False,False,7.0,3.0,1.0,,166.0,358.0,238.0,4.0
950000.0,Porto,Matosinhos,"Perafita, Lavra e Santa Cruz do Bispo",House,C,,630.0,0.0,,,1999.0,C,,True,False,False,7.0,4.0,2.0,,630.0,932.0,690.0,5.0
350000.0,Porto,Vila Nova de Gaia,Pedroso e Seixezelo,House,,,482.0,0.0,,,1940.0,NC,2024-05-06 14:30:10.920,False,False,False,3.0,7.0,,Needs renovation,482.0,2157.0,1075.0,2.0
385000.0,Porto,Amarante,"Amarante (São Gonçalo), Madalena, Cepelos e Gatão",House,C,,150.0,1.0,,,2000.0,C,,False,False,False,3.0,3.0,0.0,,149.0,,,4.0
300000.0,Porto,Matosinhos,São Mamede de Infesta e Senhora da Hora,House,D,,180.0,0.0,,,1972.0,D,,True,False,False,3.0,4.0,0.0,Reasonable,111.0,235.0,310.0,2.0
195000.0,Porto,Vila Nova de Gaia,Pedroso e Seixezelo,House,F,,150.0,1.0,,,1973.0,F,,False,False,False,5.0,3.0,1.0,,150.0,535.0,,2.0
175000.0,Porto,Paredes,Lordelo,House,E,,321.0,0.0,,,2003.0,E,,True,False,False,3.0,3.0,0.0,,320.0,550.0,,2.0
425000.0,Porto,Vila Nova de Gaia,Gulpilhares e Valadares,House,C,,254.0,0.0,,,1991.0,C,,True,False,True,8.0,4.0,0.0,Like new,254.0,335.0,316.24,4.0
550000.0,Porto,Maia,Moreira,House,D,,428.0,0.0,,,1988.0,D,,True,False,False,3.0,4.0,0.0,,428.0,1203.0,,7.0
313000.0,Porto,Matosinhos,Matosinhos e Leça da Palmeira,House,E,,128.0,0.0,,,1937.0,E,2024-05-02 11:10:10.010,False,False,False,3.0,3.0,0.0,Needs renovation,127.0,230.0,,1.0
165000.0,Porto,Vila Nova de Gaia,Pedroso e Seixezelo,House,,,131.0,1.0,,,1937.0,NC,,False,False,False,3.0,2.0,0.0,,131.0,1000.0,,1.0
398000.0,Porto,Trofa,Muro,House,D,,540.0,0.0,,,1986.0,D,,True,False,False,5.0,4.0,2.0,,231.0,870.0,,6.0
375000.0,Porto,Vila Nova de Gaia,Canelas,House,E,,168.0,1.0,,,1978.0,E,,False,False,False,4.0,3.0,0.0,Used,70.0,2800.0,,2.0
335000.0,Porto,Gondomar,"Gondomar (São Cosme), Valbom e Jovim",House,C,,158.0,0.0,,,1999.0,C,,True,False,False,4.0,3.0,3.0,Used,158.0,238.0,71.5,3.0
475000.0,Porto,Maia,Moreira,House,C,,179.0,0.0,,,1998.0,C,,True,False,False,3.0,5.0,0.0,Like new,326.0,330.0,,3.0
570000.0,Porto,Trofa,Muro,House,C,,120.0,1.0,,,1977.0,C,,False,False,False,3.0,3.0,0.0,,120.0,1175.0,,3.0
370000.0,Porto,Matosinhos,São Mamede de Infesta e Senhora da Hora,House,C,,230.0,1.0,,,1970.0,C,2024-04-29 13:52:00.017,False,False,False,4.0,2.0,0.0,Needs renovation,230.0,446.0,230.0,2.0
398000.0,Porto,Vila Nova de Gaia,São Felix da Marinha,House,F,,174.0,1.0,,,1985.0,F,2024-04-30 09:31:08.827,False,False,False,3.0,4.0,2.0,Used,174.0,2770.0,558.26,4.0
497000.0,Porto,Santo Tirso,Lamelas e Guimarei,House,C,,254.0,0.0,,,2015.0,C,,True,False,False,5.0,3.0,0.0,,421.0,727.0,421.0,3.0
70000.0,Porto,Paredes,Lordelo,House,,,63.0,0.0,,,1937.0,NC,,False,False,False,3.0,4.0,0.0,,63.0,129.0,,0.0
375000.0,Porto,Vila do Conde,Touguinha e Touguinhó,House,F,,165.0,0.0,,,1937.0,F,,False,False,False,3.0,3.0,0.0,,240.0,1015.0,,2.0
259000.0,Porto,Marco de Canaveses,"Várzea, Aliviada e Folhada",House,C,,112.0,0.0,,,1997.0,C,2024-04-29 10:08:39.643,True,False,False,3.0,3.0,,,112.0,650.0,,2.0
265000.0,Porto,Vila Nova de Gaia,Grijó e Sermonde,House,C,,157.0,1.0,,,2023.0,C,2024-05-24 13:21:15.607,True,False,False,5.0,4.0,0.0,,180.0,290.0,,3.0
195000.0,Porto,Marco de Canaveses,Sande e São Lourenço,House,D,,186.0,1.0,,,1938.0,D,2024-04-26 15:06:20.383,False,False,False,3.0,4.0,3.0,Good condition,186.0,785.0,202.0,6.0
385000.0,Porto,Santo Tirso,"Areias, Sequeiró, Lama e Palmeira",House,A,,198.0,0.0,,,2019.0,A,2024-04-29 08:56:15.087,True,False,False,4.0,3.0,0.0,,198.0,296.0,,3.0
325000.0,Porto,Maia,Castêlo da Maia,House,,,146.0,0.0,,,2012.0,NC,2024-04-26 09:36:33.047,True,False,False,4.0,3.0,1.0,Like new,145.0,336.0,209.0,3.0
950000.0,Porto,Matosinhos,"Perafita, Lavra e Santa Cruz do Bispo",House,A+,,137.0,0.0,,,2024.0,A+,,True,False,False,3.0,4.0,0.0,New,137.0,385.0,225.0,5.0
250000.0,Porto,Vila Nova de Gaia,Gulpilhares e Valadares,House,E,,102.0,0.0,,,1956.0,E,2024-05-28 15:53:58.523,False,False,False,3.0,1.0,0.0,,102.0,895.0,,1.0
62500.0,Porto,Penafiel,Termas de São Vicente,House,,,75.0,0.0,,,1937.0,NC,,True,False,False,3.0,3.0,2.0,,75.0,1970.0,,2.0
39700.0,Porto,Penafiel,São Martinho Recezinhos,House,,,75.0,0.0,,,1949.0,NC,,False,False,False,3.0,2.0,1.0,,75.0,447.0,,1.0
449500.0,Porto,Porto,Paranhos,House,D,,163.0,0.0,,,1952.0,D,,True,False,False,3.0,3.0,1.0,,163.0,103.0,163.5,3.0
830000.0,Porto,Matosinhos,"Custóias, Leça do Balio e Guifões",House,A+,,229.0,0.0,,,2024.0,A+,2024-04-22 15:21:38.103,True,False,False,3.0,3.0,0.0,New,229.0,550.0,350.0,2.0
190000.0,Porto,Paredes,Aguiar de Sousa,House,E,,117.0,1.0,,,1992.0,E,2024-05-02 11:12:58.430,False,False,False,3.0,4.0,0.0,,117.0,,282.0,2.0
107000.0,Porto,Paços de Ferreira,Frazão Arreigada,House,,,112.0,0.0,,,1937.0,NC,,False,False,False,4.0,3.0,0.0,,112.0,273.0,257.1,0.0
590000.0,Porto,Maia,Águas Santas,House,C,,542.0,0.0,,,1997.0,C,2024-05-02 12:29:52.037,True,False,False,3.0,3.0,1.0,,542.0,645.0,813.0,4.0
745000.0,Porto,Porto,Paranhos,House,E,,365.0,0.0,,,2016.0,E,2024-04-22 17:04:12.270,False,False,False,12.0,4.0,0.0,Used,365.0,333.0,372.0,4.0
650000.0,Porto,Vila Nova de Gaia,Santa Marinha e São Pedro da Afurada,House,D,,198.0,0.0,,,1937.0,D,,False,False,False,6.0,4.0,0.0,,198.0,66.0,198.0,2.0
450000.0,Porto,Vila Nova de Gaia,Grijó e Sermonde,House,A,,240.0,0.0,,,2019.0,A,2024-04-24 15:57:27.223,True,False,True,3.0,3.0,1.0,,270.0,295.0,310.0,4.0
460000.0,Porto,Baião,Santa Cruz do Douro e São Tomé de Covelas,House,E,,174.0,1.0,,,1945.0,E,,False,False,False,3.0,5.0,0.0,Used,248.0,4792.0,353.0,2.0
172000.0,Porto,Gondomar,"Gondomar (São Cosme), Valbom e Jovim",House,D,,101.0,0.0,,,1988.0,D,,False,False,False,3.0,3.0,0.0,,101.0,,,2.0
194000.0,Porto,Porto,Ramalde,House,,,40.0,0.0,,,1951.0,NC,2024-04-22 11:49:17.817,False,False,False,5.0,1.0,0.0,Like new,40.0,74.0,74.1,1.0
799000.0,Porto,Vila Nova de Gaia,"Sandim, Olival, Lever e Crestuma",House,B-,,342.0,1.0,,,2022.0,B-,,False,False,False,3.0,4.0,0.0,Like new,367.0,480.0,367.0,5.0
370000.0,Porto,Gondomar,Rio Tinto,House,,,174.0,0.0,,,1950.0,NC,2024-04-24 15:24:35.287,True,False,False,5.0,3.0,1.0,,174.0,151.0,,3.0
299900.0,Porto,Vila Nova de Gaia,Pedroso e Seixezelo,House,E,,169.0,1.0,,,2001.0,E,2024-04-17 09:07:33.447,True,False,False,5.0,4.0,,Used,169.0,1581.0,267.0,4.0
380000.0,Porto,Matosinhos,"Perafita, Lavra e Santa Cruz do Bispo",House,D,,126.0,1.0,,,1939.0,D,,False,False,False,3.0,4.0,0.0,,125.0,589.0,,2.0
130000.0,Porto,Gondomar,Fânzeres e São Pedro da Cova,House,,,155.0,0.0,,,1989.0,NC,,True,False,False,3.0,2.0,1.0,Needs renovation,155.0,477.0,,2.0
115000.0,Porto,Lousada,Figueiras e Covas,House,,,145.0,0.0,,,1951.0,NC,,False,False,False,3.0,3.0,1.0,,145.0,5830.0,,1.0
205000.0,Porto,Felgueiras,Unhão e Lordelo,House,F,,210.0,1.0,,,1965.0,F,,False,False,False,3.0,3.0,0.0,,2816.0,,,1.0
385000.0,Porto,Gondomar,Fânzeres e São Pedro da Cova,House,,,120.0,0.0,,,1989.0,NC,2024-04-19 09:19:23.857,True,False,False,3.0,3.0,1.0,Needs renovation,155.0,477.0,,2.0
330000.0,Porto,Porto,Campanhã,House,D,,141.0,0.0,,,1997.0,D,,False,False,False,4.0,3.0,1.0,Good condition,141.0,142.0,,2.0
275000.0,Porto,Maia,Águas Santas,House,E,,243.0,1.0,,,1951.0,E,,False,False,False,3.0,4.0,0.0,,243.0,,263.0,3.0
728000.0,Porto,Matosinhos,Matosinhos e Leça da Palmeira,House,A,,137.0,0.0,,,2023.0,A,2024-05-13 15:48:20.230,True,False,True,4.0,3.0,,New,137.0,,179.6,3.0
325000.0,Porto,Penafiel,Perozelo,House,B-,,200.0,0.0,,,2002.0,B-,2024-04-17 17:38:52.960,True,False,False,3.0,4.0,2.0,,200.0,700.0,,2.0
390000.0,Porto,Valongo,Alfena,House,C,,146.0,1.0,,,2013.0,C,,False,False,False,3.0,5.0,1.0,,146.0,245.0,238.0,4.0
570000.0,Porto,Amarante,Telões,House,A,,355.0,0.0,,,2003.0,A,,False,False,False,3.0,3.0,0.0,,355.0,13000.0,,4.0
725000.0,Porto,Porto,Paranhos,House,A,,201.0,0.0,,,2024.0,A,2024-04-17 11:24:43.533,True,False,False,3.0,3.0,1.0,New,201.0,,281.0,3.0
362500.0,Porto,Felgueiras,Aião,House,E,,400.0,0.0,,,2012.0,E,2024-04-18 17:09:46.347,True,False,False,8.0,6.0,4.0,Used,400.0,1038.0,,4.0
995000.0,Porto,Vila Nova de Gaia,Mafamude e Vilar do Paraíso,House,B-,,250.0,1.0,,,1987.0,B-,2024-04-15 15:22:29.660,False,False,False,15.0,6.0,1.0,Good condition,250.0,1386.0,353.0,5.0
249900.0,Porto,Gondomar,"Gondomar (São Cosme), Valbom e Jovim",House,D,,179.0,0.0,,,1970.0,D,,False,False,False,3.0,3.0,0.0,Used,179.0,,183.0,2.0
599000.0,Porto,Maia,Castêlo da Maia,House,E,,453.0,1.0,,,1977.0,E,,False,False,True,13.0,10.0,4.0,Like new,453.0,1555.0,502.2,6.0
770000.0,Porto,Porto,"Cedofeita, Santo Ildefonso, Sé, Miragaia, São Nicolau e Vitória",House,A,,201.0,0.0,,,2024.0,A,2024-04-17 11:17:40.790,True,False,False,3.0,3.0,1.0,New,201.0,,281.0,3.0
625000.0,Porto,Porto,"Cedofeita, Santo Ildefonso, Sé, Miragaia, São Nicolau e Vitória",House,A,,201.0,0.0,,,2024.0,A,2024-04-17 11:23:21.790,True,False,False,3.0,3.0,1.0,New,201.0,,281.0,3.0
450000.0,Porto,Maia,Castêlo da Maia,House,A,,325.0,0.0,,,2018.0,A,,True,False,True,3.0,4.0,1.0,,180.0,281.0,325.5,5.0
380000.0,Porto,Gondomar,"Gondomar (São Cosme), Valbom e Jovim",House,C,,250.0,0.0,,,2008.0,C,,True,False,True,6.0,3.0,2.0,Used,170.0,,250.0,5.0
640000.0,Porto,Vila Nova de Gaia,São Felix da Marinha,House,A,,160.0,0.0,,,2024.0,A,,True,False,False,3.0,3.0,0.0,New,160.0,368.0,420.0,4.0
409000.0,Porto,Maia,Águas Santas,House,D,,183.0,0.0,,,2000.0,D,2024-04-05 16:22:31.173,True,False,False,5.0,4.0,1.0,,183.0,,332.0,4.0
375000.0,Porto,Póvoa de Varzim,"Aver-o-Mar, Amorim e Terroso",House,C,,149.0,0.0,,,2001.0,C,,True,False,True,3.0,3.0,2.0,Good condition,166.0,176.0,,4.0
199000.0,Porto,Penafiel,Abragão,House,E,,120.0,1.0,,,1980.0,E,,False,False,False,3.0,3.0,3.0,,120.0,2896.0,,3.0
320000.0,Porto,Matosinhos,"Custóias, Leça do Balio e Guifões",House,C,,360.0,0.0,,,2015.0,C,2024-04-05 17:22:47.390,True,False,False,3.0,4.0,0.0,,243.0,,,4.0
330000.0,Porto,Porto,"Cedofeita, Santo Ildefonso, Sé, Miragaia, São Nicolau e Vitória",House,,,170.0,0.0,,,1951.0,NC,,False,False,False,11.0,5.0,1.0,Needs renovation,155.0,184.0,,3.0
145000.0,Porto,Amarante,"Amarante (São Gonçalo), Madalena, Cepelos e Gatão",House,,,67.0,0.0,,,1937.0,NC,,False,False,False,3.0,0.0,0.0,Needs renovation,67.0,273.0,,0.0
165000.0,Porto,Amarante,"Amarante (São Gonçalo), Madalena, Cepelos e Gatão",House,E,,192.0,0.0,,,1974.0,E,,True,False,False,3.0,3.0,0.0,Needs renovation,192.0,4795.0,288.45,0.0
640000.0,Porto,Vila Nova de Gaia,São Felix da Marinha,House,A,,160.0,0.0,,,2024.0,A,,True,False,False,3.0,3.0,0.0,New,160.0,368.0,420.0,4.0
440000.0,Porto,Matosinhos,São Mamede de Infesta e Senhora da Hora,House,E,,229.0,0.0,,,2011.0,E,,True,False,False,3.0,4.0,1.0,,229.0,,359.4,6.0
379900.0,Porto,Trofa,Bougado (São Martinho e Santiago),House,,,208.0,0.0,,,1992.0,NC,,True,False,False,3.0,3.0,0.0,,208.0,234.0,262.81,0.0
195000.0,Porto,Amarante,"Amarante (São Gonçalo), Madalena, Cepelos e Gatão",House,D,,186.0,0.0,,,1996.0,D,2024-04-05 13:59:54.583,True,False,False,3.0,3.0,,,186.0,,,2.0
530750.0,Porto,Porto,Paranhos,House,C,,180.0,0.0,,,1997.0,C,,True,False,False,4.0,3.0,1.0,,180.0,290.0,180.0,3.0
284050.0,Porto,Santo Tirso,Água Longa,House,C,,229.0,0.0,,,2007.0,C,2024-04-03 11:03:13.047,True,False,False,14.0,3.0,0.0,Good condition,229.0,,379.8,4.0
299000.0,Porto,Gondomar,Baguim do Monte,House,E,,216.0,0.0,,,1991.0,E,,True,False,True,3.0,4.0,1.0,Good condition,174.0,243.0,396.0,3.0
75000.0,Porto,Baião,Teixeira e Teixeiró,House,F,,76.0,1.0,,,1972.0,F,2024-06-27 11:07:01.867,False,False,False,6.0,4.0,1.0,,76.0,1636.0,153.6,1.0
820000.0,Porto,Porto,Paranhos,House,B,,189.0,0.0,,,1998.0,B,,True,False,False,5.0,4.0,1.0,Good condition,189.0,200.0,314.0,8.0
565000.0,Porto,Santo Tirso,Água Longa,House,A,,276.0,1.0,,,2010.0,A,,False,False,False,3.0,3.0,1.0,Used,276.0,,314.5,3.0
275000.0,Porto,Porto,"Cedofeita, Santo Ildefonso, Sé, Miragaia, São Nicolau e Vitória",House,C,,73.0,0.0,,,1951.0,C,2024-04-01 16:31:26.460,False,False,False,3.0,2.0,,Used,73.0,,,2.0
299000.0,Porto,Santo Tirso,"Santo Tirso, Couto (Santa Cristina e São Miguel) e Burgães",House,B,,119.0,1.0,,,2021.0,B,,False,False,True,4.0,3.0,1.0,,118.0,275.0,152.0,3.0
165000.0,Porto,Baião,Santa Cruz do Douro e São Tomé de Covelas,House,F,,91.0,1.0,,,1937.0,F,,False,False,False,3.0,4.0,0.0,,91.0,115.0,,1.0
480000.0,Porto,Trofa,Muro,House,C,,179.0,0.0,,,2002.0,C,,True,False,False,3.0,3.0,0.0,,370.0,1906.0,370.8,0.0
280000.0,Porto,Gondomar,"Gondomar (São Cosme), Valbom e Jovim",House,D,,104.0,0.0,,,2007.0,D,,True,False,True,4.0,3.0,1.0,,104.0,89.0,156.0,2.0
585000.0,Porto,Valongo,Valongo,House,C,,300.0,0.0,,,2000.0,C,2024-03-27 17:27:19.067,True,False,False,7.0,4.0,3.0,,300.0,1600.0,746.0,7.0
465000.0,Porto,Maia,Nogueira e Silva Escura,House,E,,320.0,0.0,,,1977.0,E,,True,False,False,3.0,4.0,0.0,Used,320.0,884.0,,5.0
525000.0,Porto,Maia,Nogueira e Silva Escura,House,A+,,240.0,1.0,,,2024.0,A+,2024-03-28 17:32:03.083,False,False,False,3.0,5.0,,New,240.0,675.0,,4.0
90000.0,Porto,Paredes,Baltar,House,,,105.0,0.0,,,1937.0,NC,,False,False,False,3.0,1.0,1.0,,105.0,552.0,,1.0
99000.0,Porto,Valongo,Campo e Sobrado,House,,,107.0,0.0,,,1937.0,NC,,True,False,False,8.0,2.0,2.0,Needs renovation,107.0,510.0,257.0,4.0
450000.0,Porto,Maia,Nogueira e Silva Escura,House,A+,,150.0,1.0,,,1937.0,A+,2024-03-28 18:17:52.067,False,False,False,3.0,3.0,,New,150.0,675.0,,1.0
115000.0,Porto,Marco de Canaveses,Penhalonga e Paços de Gaiolo,House,,,386.0,0.0,,,1937.0,NC,,False,False,False,3.0,3.0,0.0,,110.0,6676.0,,1.0
125000.0,Porto,Penafiel,Oldrões,House,F,,125.0,0.0,,,1982.0,F,,False,False,False,3.0,1.0,1.0,,125.0,1045.0,,1.0
190000.0,Porto,Maia,Nogueira e Silva Escura,House,F,,150.0,1.0,,,1937.0,F,,False,False,False,3.0,3.0,0.0,Needs renovation,150.0,675.0,,1.0
75000.0,Porto,Penafiel,Paço de Sousa,House,,,43.0,1.0,,,1953.0,NC,,False,False,False,3.0,4.0,1.0,,43.0,860.0,86.0,1.0
47000.0,Porto,Paredes,Sobreira,House,,,80.0,0.0,,,1988.0,NC,2024-03-22 15:29:33.370,False,False,False,3.0,3.0,0.0,,80.0,890.0,,1.0
69000.0,Porto,Vila Nova de Gaia,Avintes,House,F,,72.0,0.0,,,1937.0,F,,False,False,False,3.0,2.0,0.0,,72.0,72.0,,1.0
200000.0,Porto,Gondomar,"Gondomar (São Cosme), Valbom e Jovim",House,,,234.0,0.0,,,1970.0,NC,2024-03-21 17:23:53.610,True,False,False,3.0,2.0,,,294.0,,,2.0
94000.0,Porto,Paredes,Lordelo,House,,,200.0,0.0,,,1997.0,NC,,False,False,False,3.0,3.0,0.0,,200.0,815.0,,1.0
560000.0,Porto,Vila Nova de Gaia,Arcozelo,House,C,,261.0,1.0,,,2008.0,C,2024-03-22 13:01:54.720,False,False,False,3.0,4.0,,Good condition,251.0,389.0,360.0,6.0
169000.0,Porto,Maia,Águas Santas,House,E,,66.0,0.0,,,1951.0,E,,False,False,False,3.0,3.0,0.0,Used,66.0,202.0,66.0,1.0
229000.0,Porto,Matosinhos,"Perafita, Lavra e Santa Cruz do Bispo",House,E,,189.0,0.0,,,1978.0,E,,True,False,False,5.0,3.0,0.0,,160.0,360.0,189.0,2.0
259000.0,Porto,Vila Nova de Gaia,Grijó e Sermonde,House,E,,150.0,0.0,,,1988.0,E,,True,False,False,6.0,3.0,1.0,Needs renovation,150.0,898.0,,3.0
89900.0,Porto,Matosinhos,"Custóias, Leça do Balio e Guifões",House,,,20.0,0.0,,,1975.0,NC,2024-03-20 17:07:21.847,False,False,False,3.0,7.0,,,20.0,331.0,,6.0
540000.0,Porto,Vila Nova de Gaia,Canidelo,House,B,,215.0,0.0,,,2008.0,B,,True,False,False,3.0,4.0,2.0,Used,215.0,242.0,373.0,6.0
215000.0,Porto,Gondomar,Fânzeres e São Pedro da Cova,House,E,,116.0,0.0,,,2022.0,E,,True,False,False,3.0,1.0,0.0,Like new,58.0,230.0,,2.0
125000.0,Porto,Amarante,Lufrei,House,,,183.0,0.0,,,1992.0,NC,,False,False,False,1.0,0.0,0.0,Needs renovation,183.0,4842.0,264.0,0.0
275000.0,Porto,Penafiel,Penafiel,House,F,,115.0,0.0,,,1987.0,F,,False,False,False,3.0,3.0,1.0,,115.0,355.0,230.0,1.0
299000.0,Porto,Amarante,Freixo de Cima e de Baixo,House,E,,446.0,0.0,,,1994.0,E,,False,False,False,15.0,9.0,3.0,Used,440.0,740.0,,3.0
69500.0,Porto,Santo Tirso,Vila Nova do Campo,House,F,,48.0,1.0,,,1938.0,F,,False,False,False,3.0,1.0,0.0,,48.0,348.0,,1.0
340000.0,Porto,Vila Nova de Gaia,"Sandim, Olival, Lever e Crestuma",House,,,294.0,0.0,,,2000.0,NC,2024-03-19 10:44:41.857,True,False,False,5.0,5.0,2.0,Good condition,166.0,1050.0,294.0,4.0
85000.0,Porto,Valongo,Valongo,House,F,,48.0,0.0,,,1937.0,F,,False,False,False,3.0,2.0,0.0,,48.0,98.0,,1.0
129000.0,Porto,Porto,Paranhos,House,,,169.0,1.0,,,1951.0,NC,2024-03-13 17:47:57.650,False,False,False,3.0,1.0,0.0,,55.0,,,1.0
539000.0,Porto,Penafiel,Penafiel,House,,,289.0,0.0,,,2024.0,NC,,True,False,False,3.0,3.0,0.0,,289.0,1290.0,,3.0
250000.0,Porto,Gondomar,Rio Tinto,House,F,,120.0,0.0,,,1951.0,F,,True,False,False,6.0,5.0,1.0,Reasonable,120.0,340.0,,2.0
285000.0,Porto,Porto,"Cedofeita, Santo Ildefonso, Sé, Miragaia, São Nicolau e Vitória",House,C,,62.0,1.0,,,2022.0,C,,False,False,False,2.0,1.0,0.0,,62.0,62.0,73.95,1.0
997600.0,Porto,Gondomar,"Gondomar (São Cosme), Valbom e Jovim",House,B-,,297.0,0.0,,,2014.0,B-,,True,False,False,12.0,3.0,2.0,Like new,297.0,5920.0,418.0,6.0
450000.0,Porto,Santo Tirso,Carreira e Refojos de Riba de Ave,House,,,304.0,0.0,,,2024.0,NC,2024-03-14 11:39:33.213,True,False,True,6.0,5.0,0.0,,304.0,,,3.0
285000.0,Porto,Porto,"Cedofeita, Santo Ildefonso, Sé, Miragaia, São Nicolau e Vitória",House,C,,62.0,1.0,,,2022.0,C,,False,False,False,2.0,1.0,0.0,,62.0,62.0,73.0,1.0
290000.0,Porto,Baião,Ancede e Ribadouro,House,E,,242.0,0.0,,,2023.0,E,,True,False,False,3.0,4.0,0.0,,218.0,1800.0,,3.0
319000.0,Porto,Santo Tirso,Carreira e Refojos de Riba de Ave,House,,,161.0,0.0,,,2024.0,NC,2024-03-14 11:22:46.257,True,False,True,3.0,4.0,0.0,,161.0,639.0,348.6,3.0
185000.0,Porto,Felgueiras,Penacova,House,F,,256.0,1.0,,,1984.0,F,,False,False,False,3.0,3.0,2.0,,255.0,1800.0,,3.0
690000.0,Porto,Porto,"Cedofeita, Santo Ildefonso, Sé, Miragaia, São Nicolau e Vitória",House,,,170.0,0.0,,,1978.0,NC,2024-03-08 17:07:44.180,False,False,False,6.0,5.0,1.0,,170.0,,,3.0
249000.0,Porto,Porto,Campanhã,House,C,,98.0,0.0,,,1965.0,C,2024-09-13 17:03:25.357,True,False,False,3.0,3.0,0.0,Good condition,78.0,,,1.0
195000.0,Porto,Valongo,Valongo,House,C,,231.0,0.0,,,2002.0,C,2024-03-06 18:34:32.317,True,False,False,3.0,3.0,0.0,,119.0,231.0,231.0,0.0
365000.0,Porto,Gondomar,Foz do Sousa e Covelo,House,D,,200.0,0.0,,,2007.0,D,,True,False,False,3.0,4.0,2.0,Good condition,190.0,330.0,,5.0
530000.0,Porto,Vila Nova de Gaia,Serzedo e Perosinho,House,D,,260.0,1.0,,,1989.0,D,,False,False,False,3.0,4.0,0.0,,259.0,1100.0,545.0,5.0
135000.0,Porto,Paços de Ferreira,Figueiró,House,D,,82.0,0.0,,,1998.0,D,2024-03-07 15:45:42.960,True,False,False,3.0,2.0,1.0,,82.0,,,2.0
599000.0,Porto,Gondomar,"Gondomar (São Cosme), Valbom e Jovim",House,A,,266.0,1.0,,,2024.0,A,,False,False,True,3.0,3.0,1.0,New,266.0,300.0,,4.0
318500.0,Porto,Amarante,Padronelo,House,A,,165.0,1.0,,,2008.0,A,,False,False,False,3.0,3.0,1.0,,165.0,930.0,,2.0
580000.0,Porto,Marco de Canaveses,Bem Viver,House,E,,263.0,0.0,,,2009.0,E,,True,False,False,3.0,5.0,0.0,Good condition,561.0,1475.0,1122.0,0.0
299900.0,Porto,Vila Nova de Gaia,Oliveira do Douro,House,D,,144.0,0.0,,,1937.0,D,,False,False,False,5.0,4.0,0.0,Good condition,144.0,148.0,164.0,2.0
190000.0,Porto,Felgueiras,"Pedreira, Rande e Sernande",House,E,,240.0,0.0,,,1982.0,E,,True,False,False,3.0,7.0,2.0,,160.0,2332.0,,2.0
424900.0,Porto,Vila Nova de Gaia,Grijó e Sermonde,House,B-,,216.0,0.0,,,2003.0,B-,,True,False,False,5.0,5.0,0.0,,216.0,1380.0,324.0,3.0
450000.0,Porto,Gondomar,"Gondomar (São Cosme), Valbom e Jovim",House,C,,192.0,1.0,,,2000.0,C,,False,False,False,3.0,4.0,0.0,,192.0,535.0,258.0,4.0
209000.0,Porto,Valongo,Alfena,House,D,,162.0,0.0,,,1997.0,D,,True,False,False,3.0,3.0,0.0,,162.0,228.0,,2.0
39000.0,Porto,Baião,Loivos do Monte,House,,,104.0,0.0,,,1957.0,NC,2024-02-27 12:03:41.660,False,False,False,3.0,2.0,0.0,,104.0,220.0,,1.0
260000.0,Porto,Santo Tirso,Vila Nova do Campo,House,,,272.0,1.0,,,2024.0,NC,2024-03-05 18:19:37.283,False,False,True,4.0,3.0,1.0,New,272.0,302.0,,3.0
425000.0,Porto,Matosinhos,Matosinhos e Leça da Palmeira,House,C,,167.0,0.0,,,1997.0,C,,True,False,False,3.0,3.0,0.0,Good condition,111.0,,167.0,2.0
195000.0,Porto,Gondomar,Fânzeres e São Pedro da Cova,House,E,,300.0,0.0,,,1974.0,E,,True,False,False,4.0,3.0,0.0,,275.0,325.0,300.0,1.0
59900.0,Porto,Matosinhos,"Custóias, Leça do Balio e Guifões",House,,,80.0,0.0,,,1975.0,NC,,False,False,False,3.0,3.0,0.0,Needs renovation,80.0,187.0,,0.0
247500.0,Porto,Baião,Santa Cruz do Douro e São Tomé de Covelas,House,F,,168.0,0.0,,,2023.0,F,2024-03-01 19:30:14.507,True,False,False,5.0,3.0,1.0,Like new,290.0,4900.0,336.0,3.0
280000.0,Porto,Santo Tirso,Vila Nova do Campo,House,,,272.0,1.0,,,2024.0,NC,2024-03-05 18:15:40.720,False,False,True,4.0,3.0,1.0,New,272.0,302.0,,3.0
75000.0,Porto,Santo Tirso,"Santo Tirso, Couto (Santa Cristina e São Miguel) e Burgães",House,,,670.0,0.0,,,1938.0,NC,,False,False,False,3.0,3.0,0.0,,670.0,,,0.0
399000.0,Porto,Maia,Águas Santas,House,D,,270.0,0.0,,,1978.0,D,,True,False,False,3.0,4.0,0.0,Like new,269.0,270.0,271.0,2.0
100000.0,Porto,Marco de Canaveses,Soalhães,House,,,155.0,1.0,,,1938.0,NC,2024-02-23 11:03:48.147,False,False,False,3.0,4.0,2.0,,155.0,,,2.0
330000.0,Porto,Gondomar,Baguim do Monte,House,C,,122.0,0.0,,,1992.0,C,,True,False,False,3.0,3.0,0.0,Good condition,104.0,,226.0,3.0
537500.0,Porto,Porto,Campanhã,House,,,190.0,0.0,,,1988.0,NC,,False,False,False,12.0,5.0,0.0,,190.0,370.0,398.0,5.0
350000.0,Porto,Vila Nova de Gaia,Canidelo,House,C,,155.0,0.0,,,1985.0,C,,True,False,False,3.0,4.0,0.0,,140.0,195.0,,0.0
89000.0,Porto,Baião,Santa Cruz do Douro e São Tomé de Covelas,House,F,,56.0,0.0,,,1986.0,F,2024-02-23 17:59:47.563,True,False,False,3.0,1.0,0.0,,56.0,4950.0,,1.0
360900.0,Porto,Matosinhos,São Mamede de Infesta e Senhora da Hora,House,C,,182.0,0.0,,,1995.0,C,,True,False,False,3.0,4.0,1.0,Good condition,182.0,168.0,273.0,4.0
905000.0,Porto,Gondomar,Melres e Medas,House,B-,,247.0,1.0,,,1994.0,B-,,False,False,False,6.0,4.0,3.0,Good condition,247.0,8100.0,495.0,3.0
420000.0,Porto,Valongo,Ermesinde,House,E,,218.0,1.0,,,1989.0,E,2024-02-28 12:26:39.137,False,False,False,5.0,4.0,,New,177.0,,218.0,3.0
320000.0,Porto,Vila Nova de Gaia,Gulpilhares e Valadares,House,C,,167.0,0.0,,,1997.0,C,,True,False,False,3.0,2.0,0.0,,160.0,466.0,212.0,2.0
580000.0,Porto,Vila Nova de Gaia,Pedroso e Seixezelo,House,B,,195.0,1.0,,,2001.0,B,2024-02-23 12:59:32.160,False,False,False,3.0,3.0,0.0,,241.0,341.0,223.0,3.0
295000.0,Porto,Gondomar,Rio Tinto,House,E,,148.0,0.0,,,1970.0,E,,True,False,True,6.0,4.0,1.0,,148.0,434.0,206.81,2.0
249900.0,Porto,Santo Tirso,Aves,House,,,212.0,0.0,,,1963.0,NC,,True,False,False,6.0,4.0,0.0,New,211.0,902.0,274.5,3.0
580000.0,Porto,Santo Tirso,"Areias, Sequeiró, Lama e Palmeira",House,D,,331.0,0.0,,,1993.0,D,,False,False,False,3.0,7.0,0.0,,537.0,640.0,537.0,0.0
390000.0,Porto,Valongo,Valongo,House,C,,196.0,0.0,,,2003.0,C,,True,False,False,5.0,4.0,3.0,Like new,196.0,295.0,295.2,7.0
246000.0,Porto,Lousada,Caíde de Rei,House,F,,300.0,0.0,,,2001.0,F,,True,False,False,8.0,3.0,2.0,Good condition,280.0,700.0,,2.0
449000.0,Porto,Matosinhos,São Mamede de Infesta e Senhora da Hora,House,C,,168.0,0.0,,,2005.0,C,,True,False,True,3.0,4.0,1.0,,168.0,280.0,196.0,4.0
77500.0,Porto,Marco de Canaveses,Constance,House,,,103.0,0.0,,,1937.0,NC,2024-02-15 16:05:46.637,False,False,False,4.0,2.0,0.0,,103.0,5311.0,206.0,1.0
870000.0,Porto,Porto,Campanhã,House,F,,560.0,0.0,,,1941.0,F,,True,False,False,14.0,10.0,0.0,Needs renovation,560.0,904.0,560.0,0.0
63000.0,Porto,Baião,Gove,House,,,90.0,1.0,,,,NC,,False,False,False,3.0,3.0,0.0,Needs renovation,341.0,516.0,,0.0
299000.0,Porto,Paços de Ferreira,Meixomil,House,E,,122.0,0.0,,,1995.0,E,,True,False,False,3.0,3.0,0.0,,122.0,605.0,244.0,2.0
345000.0,Porto,Maia,Castêlo da Maia,House,D,,2060.0,0.0,,,1977.0,D,,True,False,False,3.0,6.0,0.0,,285.0,,,2.0
559000.0,Porto,Vila Nova de Gaia,Gulpilhares e Valadares,House,C,,217.0,0.0,,,2008.0,C,,True,False,False,3.0,4.0,0.0,,217.0,,422.2,5.0
320000.0,Porto,Gondomar,"Gondomar (São Cosme), Valbom e Jovim",House,C,,145.0,0.0,,,2022.0,C,2024-02-12 12:49:41.310,True,False,False,4.0,3.0,1.0,Like new,178.0,230.0,335.0,3.0
120000.0,Porto,Lousada,Lustosa e Barrosas (Santo Estêvão),House,,,190.0,0.0,,,1951.0,NC,,False,False,False,3.0,2.0,0.0,,190.0,5026.0,,0.0
320000.0,Porto,Marco de Canaveses,"Várzea, Aliviada e Folhada",House,B,,161.0,0.0,,,2023.0,B,,True,False,False,3.0,3.0,0.0,,215.0,600.0,,3.0
320000.0,Porto,Porto,Campanhã,House,F,,114.0,0.0,,,1940.0,F,2024-02-22 11:12:41.690,False,False,False,4.0,3.0,1.0,,114.0,,147.0,3.0
268000.0,Porto,Santo Tirso,Carreira e Refojos de Riba de Ave,House,,,177.0,0.0,,,2007.0,NC,,True,False,False,4.0,3.0,1.0,,177.0,,227.5,3.0
730000.0,Porto,Porto,Ramalde,House,B-,,291.0,0.0,,,2004.0,B-,2024-02-01 14:51:30.797,True,False,False,3.0,4.0,0.0,,424.0,,,5.0
635000.0,Porto,Maia,Pedrouços,House,B-,,352.0,0.0,,,1997.0,B-,,True,False,False,8.0,6.0,0.0,,239.0,610.0,512.0,5.0
310000.0,Porto,Felgueiras,Idães,House,D,,311.0,1.0,,,2002.0,D,,False,False,False,3.0,6.0,2.0,Good condition,321.0,1100.0,542.0,6.0
203000.0,Porto,Trofa,Bougado (São Martinho e Santiago),House,,,354.0,0.0,,,1937.0,NC,,False,False,False,3.0,0.0,0.0,,354.0,,354.0,0.0
45000.0,Porto,Baião,Campelo e Ovil,House,,,57.0,0.0,,,1937.0,NC,,False,False,False,3.0,0.0,1.0,,57.0,9072.0,,2.0
690000.0,Porto,Vila Nova de Gaia,Arcozelo,House,A,,194.0,0.0,,,2017.0,A,2024-02-05 17:34:03.913,True,False,False,4.0,3.0,3.0,Like new,194.0,865.0,,3.0
875000.0,Porto,Matosinhos,Matosinhos e Leça da Palmeira,House,B,,273.0,0.0,,,2024.0,B,,True,True,False,3.0,4.0,1.0,New,273.0,,,5.0
410000.0,Porto,Trofa,Bougado (São Martinho e Santiago),House,A+,,218.0,0.0,,,2024.0,A+,,True,False,True,4.0,3.0,1.0,,218.0,350.0,218.63,4.0
230000.0,Porto,Marco de Canaveses,Bem Viver,House,,,27.0,0.0,,,1937.0,NC,,False,False,False,3.0,2.0,1.0,,71.0,6414.0,,1.0
650000.0,Porto,Vila Nova de Gaia,Pedroso e Seixezelo,House,D,,240.0,0.0,,,1995.0,D,2024-05-29 17:40:59.377,True,False,False,3.0,4.0,3.0,Good condition,340.0,1088.0,340.0,7.0
985000.0,Porto,Vila Nova de Gaia,Gulpilhares e Valadares,House,D,,288.0,1.0,,,2000.0,D,,False,False,False,5.0,4.0,2.0,Good condition,288.0,735.0,342.0,5.0
162000.0,Porto,Porto,Campanhã,House,F,,124.0,0.0,,,1986.0,F,,False,False,False,4.0,4.0,2.0,Used,124.0,152.0,166.0,4.0
685000.0,Porto,Matosinhos,São Mamede de Infesta e Senhora da Hora,House,E,,143.0,0.0,,,1998.0,E,,True,False,False,8.0,4.0,1.0,,143.0,253.0,275.0,4.0
149000.0,Porto,Amarante,"Aboadela, Sanche e Várzea",House,E,,89.0,0.0,,,2005.0,E,,False,False,False,3.0,3.0,0.0,,49.0,2120.0,,3.0
465000.0,Porto,Trofa,Bougado (São Martinho e Santiago),House,D,,368.0,0.0,,,2001.0,D,,True,False,False,3.0,3.0,0.0,,368.0,1050.0,368.0,4.0
225000.0,Porto,Vila do Conde,Labruge,House,D,,77.0,0.0,,,1977.0,D,2024-01-26 14:39:40.570,True,False,False,5.0,3.0,0.0,,170.0,,,1.0
386000.0,Porto,Paredes,Parada de Todeia,House,,,289.0,1.0,,,2002.0,NC,,False,True,False,3.0,3.0,0.0,,289.0,492.0,,0.0
138000.0,Porto,Baião,Santa Marinha do Zêzere,House,,,120.0,1.0,,,1938.0,NC,,False,False,False,6.0,2.0,0.0,Needs renovation,120.0,7920.0,,0.0
99000.0,Porto,Penafiel,Boelhe,House,,,87.0,0.0,,,1954.0,NC,,False,False,False,3.0,2.0,0.0,,87.0,1380.0,,0.0
325000.0,Porto,Felgueiras,"Margaride (Santa Eulália), Várzea, Lagares, Varziela e Moure",House,C,,144.0,0.0,,,1962.0,C,,True,False,False,3.0,5.0,0.0,,144.0,562.0,254.5,0.0
235000.0,Porto,Felgueiras,"Margaride (Santa Eulália), Várzea, Lagares, Varziela e Moure",House,C,,201.0,0.0,,,2005.0,C,,True,False,False,3.0,3.0,0.0,,201.0,,,3.0
118000.0,Porto,Penafiel,Boelhe,House,E,,72.0,0.0,,,1937.0,E,,False,False,False,3.0,3.0,0.0,,72.0,327.0,,2.0
125000.0,Porto,Baião,Santa Marinha do Zêzere,House,F,,68.0,0.0,,,1938.0,F,,True,False,False,3.0,3.0,1.0,Good condition,143.0,373.0,143.0,2.0
450000.0,Porto,Matosinhos,"Custóias, Leça do Balio e Guifões",House,A+,,163.0,0.0,,,2024.0,A+,,True,False,True,5.0,4.0,0.0,New,163.0,294.0,206.0,3.0
825000.0,Porto,Porto,Bonfim,House,D,,273.0,0.0,,,1945.0,D,,False,False,False,7.0,4.0,1.0,Good condition,273.0,115.0,273.0,2.0
690000.0,Porto,Vila Nova de Gaia,Oliveira do Douro,House,C,,230.0,1.0,,,1939.0,C,2024-08-30 18:03:52.047,False,False,False,16.0,4.0,0.0,Good condition,230.0,1137.0,345.0,4.0
220000.0,Porto,Baião,Santa Marinha do Zêzere,House,,,261.0,1.0,,,1937.0,NC,,False,False,False,3.0,5.0,0.0,,261.0,3961.0,,0.0
382000.0,Porto,Valongo,Valongo,House,D,,225.0,0.0,,,2003.0,D,2024-01-19 15:26:22.617,True,False,False,3.0,4.0,0.0,,225.0,346.0,337.5,3.0
150000.0,Porto,Maia,Castêlo da Maia,House,,,166.0,1.0,,,1938.0,NC,2024-01-24 15:52:05.350,False,False,False,3.0,2.0,0.0,Needs renovation,233.0,930.0,,1.0
56500.0,Porto,Felgueiras,Refontoura,House,F,,96.0,0.0,,,1960.0,F,,False,False,False,4.0,2.0,1.0,Used,96.0,303.0,,1.0
320000.0,Porto,Felgueiras,"Margaride (Santa Eulália), Várzea, Lagares, Varziela e Moure",House,B,,273.0,1.0,,,2023.0,B,,False,False,False,3.0,3.0,0.0,,273.0,,,4.0
440000.0,Porto,Porto,Paranhos,House,E,,265.0,0.0,,,1965.0,E,,True,False,False,3.0,4.0,0.0,Needs renovation,265.0,308.0,265.0,4.0
62200.0,Porto,Santo Tirso,São Tomé Negrelos,House,,,46.0,0.0,,,1954.0,NC,,False,False,False,3.0,2.0,0.0,,46.0,848.0,46.0,0.0
255000.0,Porto,Amarante,Freixo de Cima e de Baixo,House,F,,226.0,1.0,,,1988.0,F,,False,False,False,3.0,3.0,0.0,,476.0,,,0.0
260000.0,Porto,Gondomar,Rio Tinto,House,E,,188.0,1.0,,,1978.0,E,,False,False,False,5.0,3.0,0.0,Good condition,282.0,,,2.0
100000.0,Porto,Felgueiras,Refontoura,House,F,,160.0,0.0,,,1960.0,F,,False,False,False,10.0,6.0,2.0,,160.0,490.0,,2.0
429999.0,Porto,Vila Nova de Gaia,Madalena,House,C,,164.0,0.0,,,2003.0,C,,True,False,False,3.0,3.0,0.0,,250.0,,,4.0
350000.0,Porto,Felgueiras,"Margaride (Santa Eulália), Várzea, Lagares, Varziela e Moure",House,C,,234.0,0.0,,,2007.0,C,,True,False,False,3.0,4.0,0.0,,234.0,432.0,322.0,0.0
35000.0,Porto,Baião,Frende,House,,,150.0,0.0,,,1937.0,NC,,False,False,False,3.0,3.0,0.0,,150.0,150.0,,0.0
35000.0,Porto,Baião,Frende,House,,,108.0,0.0,,,1937.0,NC,,False,False,False,3.0,2.0,0.0,,108.0,158.0,,0.0
65000.0,Porto,Penafiel,Castelões,House,,,216.0,0.0,,,1937.0,NC,,False,False,False,3.0,1.0,0.0,,216.0,2383.0,,0.0
480000.0,Porto,Vila do Conde,Árvore,House,B,,417.0,0.0,,,2023.0,B,,True,False,False,3.0,3.0,0.0,,195.0,417.0,,2.0
684400.0,Porto,Póvoa de Varzim,"Póvoa de Varzim, Beiriz e Argivai",House,A,,119.0,1.0,,,2024.0,A,,False,True,False,3.0,3.0,0.0,,119.0,,,2.0
405000.0,Porto,Vila do Conde,Árvore,House,B,,334.0,0.0,,,2023.0,B,,True,False,False,3.0,4.0,0.0,,178.0,334.0,,3.0
83000.0,Porto,Porto,"Cedofeita, Santo Ildefonso, Sé, Miragaia, São Nicolau e Vitória",House,,,31.0,0.0,,,1951.0,NC,,False,False,False,3.0,1.0,1.0,,31.0,,,1.0
55000.0,Porto,Baião,Frende,House,,,258.0,0.0,,,1937.0,NC,,False,False,False,3.0,5.0,0.0,,258.0,308.0,,0.0
450000.0,Porto,Vila do Conde,Árvore,House,B,,414.0,0.0,,,2023.0,B,,True,False,False,3.0,3.0,0.0,,178.0,414.0,,2.0
439000.0,Porto,Matosinhos,São Mamede de Infesta e Senhora da Hora,House,D,,207.0,0.0,,,1963.0,D,,True,False,False,10.0,7.0,0.0,Reasonable,200.0,419.0,239.0,3.0
435000.0,Porto,Paços de Ferreira,Sanfins Lamoso Codessos,House,,,197.0,0.0,,,2023.0,NC,,True,False,False,3.0,3.0,0.0,,197.0,1079.0,312.0,3.0
415000.0,Porto,Vila do Conde,Árvore,House,B,,377.0,0.0,,,2023.0,B,,True,False,False,3.0,4.0,0.0,,178.0,377.0,,3.0
580000.0,Porto,Vila do Conde,Árvore,House,B,,201.0,0.0,,,2023.0,B,,True,False,False,3.0,3.0,0.0,,201.0,660.0,,2.0
760000.0,Porto,Porto,"Aldoar, Foz do Douro e Nevogilde",House,,,393.0,0.0,,,,NC,2023-12-29 15:51:50.467,True,False,True,5.0,4.0,6.0,New,330.0,660.0,468.7,6.0
590000.0,Porto,Póvoa de Varzim,Balazar,House,A+,,238.0,0.0,,,2007.0,A+,,True,False,False,3.0,3.0,0.0,,500.0,,,4.0
69500.0,Porto,Baião,Santa Cruz do Douro e São Tomé de Covelas,House,,,131.0,0.0,,,1974.0,NC,,False,False,False,3.0,3.0,0.0,,131.0,1361.0,,0.0
80000.0,Porto,Paredes,Baltar,House,D,,84.0,1.0,,,1937.0,D,,False,False,False,3.0,4.0,0.0,,84.0,284.0,,0.0
395000.0,Porto,Valongo,Valongo,House,E,,216.0,0.0,,,2003.0,E,,True,False,False,3.0,3.0,0.0,,216.0,378.0,324.0,3.0
550000.0,Porto,Póvoa de Varzim,"Póvoa de Varzim, Beiriz e Argivai",House,B,,129.0,0.0,,,1976.0,B,,True,False,False,3.0,3.0,0.0,,120.0,177.0,,3.0
250000.0,Porto,Felgueiras,"Margaride (Santa Eulália), Várzea, Lagares, Varziela e Moure",House,D,,236.0,0.0,,,2008.0,D,,True,False,False,5.0,3.0,2.0,Used,236.0,432.0,,2.0
210530.0,Porto,Vila do Conde,Aveleda,House,D,,134.0,1.0,,,1902.0,D,2023-12-21 10:14:55.053,False,False,False,6.0,4.0,1.0,Needs renovation,134.0,411.0,169.0,2.0
550000.0,Porto,Vila do Conde,Árvore,House,B,,783.0,0.0,,,2023.0,B,,True,False,False,3.0,3.0,0.0,,170.0,783.0,,2.0
325000.0,Porto,Amarante,"Amarante (São Gonçalo), Madalena, Cepelos e Gatão",House,D,,247.0,0.0,,,1986.0,D,,True,False,False,3.0,3.0,2.0,,247.0,169.0,447.0,3.0
366000.0,Porto,Gondomar,Rio Tinto,House,D,,175.0,0.0,,,1994.0,D,,True,False,False,6.0,4.0,1.0,Good condition,174.0,,,3.0
450000.0,Porto,Maia,Cidade da Maia,House,C,,165.0,0.0,,,1972.0,C,,True,False,False,10.0,3.0,0.0,,140.0,222.0,165.5,2.0
140000.0,Porto,Felgueiras,Macieira da Lixa e Caramos,House,F,,156.0,0.0,,,1964.0,F,2023-12-29 17:56:53.203,True,False,False,8.0,4.0,2.0,Used,156.0,652.0,,2.0
98880.0,Porto,Paços de Ferreira,Eiriz,House,,,80.0,1.0,,,1990.0,NC,,False,False,False,5.0,3.0,1.0,,80.0,1000.0,160.0,2.0
103000.0,Porto,Maia,Pedrouços,House,F,,59.0,0.0,,,1951.0,F,,False,False,False,3.0,2.0,0.0,,59.0,,68.0,1.0
430000.0,Porto,Vila do Conde,Árvore,House,B,,423.0,0.0,,,2023.0,B,,True,False,False,3.0,3.0,0.0,,178.0,423.0,,2.0
850000.0,Porto,Porto,"Cedofeita, Santo Ildefonso, Sé, Miragaia, São Nicolau e Vitória",House,F,,429.0,0.0,,,1949.0,F,,False,False,False,5.0,4.0,3.0,,429.0,336.0,444.5,3.0
995000.0,Porto,Vila Nova de Gaia,Gulpilhares e Valadares,House,B,,273.0,0.0,,,2008.0,B,,True,True,False,6.0,5.0,1.0,Like new,273.0,809.0,403.0,4.0
225000.0,Porto,Penafiel,Rans,House,,,310.0,0.0,,,1951.0,NC,,True,False,False,3.0,2.0,0.0,,310.0,20273.0,,0.0
45000.0,Porto,Marco de Canaveses,Penhalonga e Paços de Gaiolo,House,,,60.0,0.0,,,1937.0,NC,,False,False,False,3.0,2.0,1.0,,60.0,104.0,,1.0
650000.0,Porto,Póvoa de Varzim,"Aver-o-Mar, Amorim e Terroso",House,A+,,296.0,0.0,,,,A+,,True,False,True,3.0,3.0,0.0,,231.0,699.0,,4.0
499000.0,Porto,Matosinhos,Matosinhos e Leça da Palmeira,House,,,225.0,0.0,,,1937.0,NC,,False,False,False,8.0,7.0,0.0,Used,225.0,,225.0,1.0
660000.0,Porto,Matosinhos,Matosinhos e Leça da Palmeira,House,C,,285.0,0.0,,,2010.0,C,,True,False,False,10.0,7.0,2.0,Good condition,285.0,280.0,,6.0
310000.0,Porto,Gondomar,Rio Tinto,House,E,,261.0,1.0,,,1988.0,E,,False,False,False,3.0,6.0,1.0,,198.0,,272.0,4.0
490000.0,Porto,Matosinhos,Matosinhos e Leça da Palmeira,House,F,,364.0,1.0,,,1951.0,F,,False,False,False,6.0,4.0,1.0,,364.0,142.0,364.0,5.0
565000.0,Porto,Vila Nova de Gaia,Serzedo e Perosinho,House,A,,212.0,0.0,,,,A,,True,False,False,4.0,3.0,1.0,New,212.0,721.0,307.58,4.0
475000.0,Porto,Vila Nova de Gaia,Serzedo e Perosinho,House,A,,212.0,0.0,,,,A,,True,False,False,4.0,3.0,1.0,New,212.0,350.0,340.01,4.0
385000.0,Porto,Paços de Ferreira,Figueiró,House,,,172.0,1.0,,,1966.0,NC,,False,False,False,3.0,3.0,1.0,,172.0,4333.0,,1.0
450000.0,Porto,Vila Nova de Gaia,Serzedo e Perosinho,House,A,,212.0,0.0,,,,A,,True,False,False,4.0,3.0,1.0,New,212.0,255.0,307.58,4.0
275000.0,Porto,Marco de Canaveses,Sobretâmega,House,E,,72.0,0.0,,,1948.0,E,,True,False,False,5.0,3.0,0.0,,160.0,4121.0,,2.0
460000.0,Porto,Vila Nova de Gaia,Serzedo e Perosinho,House,A,,212.0,0.0,,,,A,,True,False,False,4.0,3.0,1.0,New,212.0,250.0,340.0,4.0
54000.0,Porto,Baião,Santa Cruz do Douro e São Tomé de Covelas,House,G,,64.0,0.0,,,1937.0,G,,False,False,False,3.0,3.0,0.0,,64.0,,,1.0
395000.0,Porto,Penafiel,Penafiel,House,C,,340.0,0.0,,,2020.0,C,,True,False,False,3.0,3.0,0.0,Good condition,397.0,397.0,397.0,4.0
135000.0,Porto,Penafiel,Fonte Arcada,House,F,,167.0,0.0,,,1951.0,F,,False,False,False,3.0,3.0,0.0,,167.0,290.0,285.83,1.0
240000.0,Porto,Gondomar,Rio Tinto,House,C,,173.0,0.0,,,1988.0,C,,True,False,False,3.0,4.0,0.0,,173.0,286.0,173.0,2.0
99500.0,Porto,Felgueiras,Sendim,House,F,,120.0,1.0,,,1983.0,F,,False,False,False,5.0,3.0,0.0,,60.0,1800.0,120.0,1.0
350000.0,Porto,Valongo,Alfena,House,,,79.0,1.0,,,,NC,2023-12-05 16:15:00.733,False,False,False,3.0,2.0,0.0,,75.0,230.0,,0.0
350000.0,Porto,Valongo,Alfena,House,,,79.0,1.0,,,,NC,2023-12-05 16:15:14.923,False,False,True,3.0,2.0,0.0,,75.0,230.0,,0.0
345000.0,Porto,Vila Nova de Gaia,Grijó e Sermonde,House,C,,181.0,0.0,,,2006.0,C,,True,False,False,3.0,4.0,1.0,,181.0,458.0,344.7,4.0
515000.0,Porto,Maia,Castêlo da Maia,House,A,,240.0,0.0,,,2024.0,A,,True,False,True,3.0,3.0,1.0,New,240.0,570.0,240.0,3.0
580000.0,Porto,Maia,Castêlo da Maia,House,A,,300.0,0.0,,,2024.0,A,,True,False,True,3.0,3.0,1.0,New,300.0,689.0,300.0,3.0
300000.0,Porto,Maia,Águas Santas,House,,,134.0,0.0,,,1900.0,NC,,False,False,False,3.0,4.0,0.0,Needs renovation,134.0,1234.0,215.8,3.0
350000.0,Porto,Valongo,Alfena,House,,,79.0,1.0,,,,NC,2023-12-05 16:14:14.417,False,False,False,3.0,2.0,0.0,,75.0,230.0,,0.0
849900.0,Porto,Vila Nova de Gaia,Madalena,House,A,,283.0,0.0,,,2017.0,A,,True,False,False,8.0,4.0,2.0,Like new,283.0,427.0,354.5,5.0
350000.0,Porto,Valongo,Alfena,House,,,79.0,1.0,,,,NC,2023-12-05 16:14:41.777,False,False,True,3.0,2.0,0.0,,75.0,230.0,,1.0
350000.0,Porto,Valongo,Alfena,House,,,79.0,1.0,,,,NC,2023-12-05 16:15:23.267,False,False,False,3.0,2.0,0.0,,75.0,230.0,,2.0
900000.0,Porto,Maia,Nogueira e Silva Escura,House,A,,400.0,0.0,,,2024.0,A,,True,False,True,3.0,3.0,1.0,New,400.0,895.0,400.0,4.0
215000.0,Porto,Paços de Ferreira,Figueiró,House,F,,292.0,0.0,,,1977.0,F,,True,False,False,3.0,5.0,0.0,,292.0,640.0,,3.0
93000.0,Porto,Paredes,Sobreira,House,,,228.0,0.0,,,1937.0,NC,,False,False,False,3.0,1.0,0.0,,228.0,889.0,,0.0
580000.0,Porto,Vila do Conde,Malta e Canidelo,House,E,,1270.0,0.0,,,1982.0,E,,True,False,False,30.0,4.0,0.0,,1270.0,3678.0,1504.0,9.0
120000.0,Porto,Lousada,"Silvares, Pias, Nogueira e Alvarenga",House,F,,110.0,0.0,,,1970.0,F,2023-11-30 09:10:58.933,False,False,False,5.0,3.0,1.0,Used,110.0,,,1.0
450000.0,Porto,Santo Tirso,Carreira e Refojos de Riba de Ave,House,F,,328.0,0.0,,,,F,,True,False,False,5.0,5.0,1.0,,328.0,,448.0,4.0
132000.0,Porto,Amarante,Salvador do Monte,House,F,,282.0,0.0,,,1960.0,F,,False,False,False,3.0,2.0,0.0,Needs renovation,282.0,2441.0,,0.0
127500.0,Porto,Gondomar,Rio Tinto,House,,,35.0,0.0,,,1993.0,NC,,True,False,False,3.0,2.0,0.0,Needs renovation,35.0,92.0,,1.0
210000.0,Porto,Vila Nova de Gaia,Oliveira do Douro,House,,,64.0,1.0,,,1937.0,NC,,False,False,False,3.0,2.0,0.0,New,61.0,64.0,64.0,1.0
136000.0,Porto,Vila Nova de Gaia,Oliveira do Douro,House,,,42.0,1.0,,,1937.0,NC,,False,False,False,2.0,1.0,0.0,New,27.0,42.0,42.1,1.0
175000.0,Porto,Póvoa de Varzim,"Póvoa de Varzim, Beiriz e Argivai",House,,,170.0,0.0,,,1937.0,NC,,False,False,False,4.0,4.0,0.0,Needs renovation,170.0,174.0,170.0,2.0
375000.0,Porto,Lousada,"Silvares, Pias, Nogueira e Alvarenga",House,A,,315.0,0.0,,,2011.0,A,2023-11-14 18:45:12.293,True,False,False,3.0,3.0,0.0,,315.0,450.0,315.67,2.0
200000.0,Porto,Valongo,Valongo,House,F,,284.0,0.0,,,1937.0,F,,False,False,False,3.0,4.0,0.0,,284.0,278.0,304.0,1.0
165000.0,Porto,Vila Nova de Gaia,Canidelo,House,D,,50.0,0.0,,,2022.0,D,,False,False,False,3.0,1.0,1.0,,50.0,,,1.0
255000.0,Porto,Vila Nova de Gaia,Oliveira do Douro,House,,,122.0,1.0,,,1937.0,NC,,False,False,False,4.0,2.0,0.0,New,122.0,122.0,122.2,2.0
800000.0,Porto,Vila do Conde,Malta e Canidelo,House,E,,245.0,0.0,,,1937.0,E,,True,False,False,3.0,3.0,0.0,,245.0,1150.0,485.0,2.0
750000.0,Porto,Matosinhos,São Mamede de Infesta e Senhora da Hora,House,C,,367.0,0.0,,,1994.0,C,,True,False,True,6.0,4.0,1.0,Good condition,367.0,864.0,436.0,4.0
137000.0,Porto,Vila Nova de Gaia,Oliveira do Douro,House,,,39.0,1.0,,,1937.0,NC,,False,False,False,2.0,1.0,0.0,New,33.0,39.0,39.0,1.0
139000.0,Porto,Vila Nova de Gaia,Oliveira do Douro,House,,,42.0,1.0,,,1937.0,NC,,False,False,False,2.0,1.0,0.0,,35.0,42.0,42.0,2.0
260000.0,Porto,Vila Nova de Gaia,Oliveira do Douro,House,,,104.0,1.0,,,1937.0,NC,,False,False,False,4.0,2.0,0.0,New,104.0,114.0,114.9,2.0
130000.0,Porto,Valongo,Valongo,House,E,,92.0,0.0,,,1959.0,E,,True,False,False,3.0,2.0,0.0,,92.0,,,1.0
375000.0,Porto,Vila Nova de Gaia,Grijó e Sermonde,House,,,328.0,0.0,,,2024.0,NC,,True,False,True,3.0,3.0,3.0,New,328.0,,450.0,3.0
399000.0,Porto,Vila Nova de Gaia,Grijó e Sermonde,House,,,328.0,0.0,,,2024.0,NC,,True,False,True,3.0,3.0,3.0,New,328.0,,450.0,3.0
399000.0,Porto,Póvoa de Varzim,"Póvoa de Varzim, Beiriz e Argivai",House,B-,,163.0,0.0,,,2008.0,B-,,True,False,False,3.0,4.0,0.0,,156.0,270.0,163.6,3.0
230000.0,Porto,Vila do Conde,"Bagunte, Ferreiró, Outeiro Maior e Parada",House,D,,243.0,0.0,,,1987.0,D,,True,False,False,3.0,3.0,0.0,,208.0,1800.0,,2.0
398500.0,Porto,Penafiel,Guilhufe e Urrô,House,C,,226.0,0.0,,,2007.0,C,,False,False,False,3.0,3.0,0.0,,226.0,2675.0,,0.0
230000.0,Porto,Gondomar,Rio Tinto,House,D,,86.0,0.0,,,1970.0,D,,False,False,False,3.0,2.0,1.0,,86.0,70.0,114.0,2.0
320000.0,Porto,Matosinhos,"Custóias, Leça do Balio e Guifões",House,C,,126.0,0.0,,,1989.0,C,,True,False,True,3.0,3.0,1.0,,126.0,250.0,163.0,2.0
375000.0,Porto,Amarante,"Amarante (São Gonçalo), Madalena, Cepelos e Gatão",House,A+,,210.0,1.0,,,2001.0,A+,2023-11-10 14:45:31.233,False,False,False,6.0,4.0,3.0,,210.0,300.0,330.0,3.0
255000.0,Porto,Penafiel,Eja,House,D,,350.0,0.0,,,1959.0,D,,False,False,False,3.0,6.0,0.0,,350.0,216.0,,1.0
140000.0,Porto,Marco de Canaveses,Bem Viver,House,,,132.0,0.0,,,1937.0,NC,,False,False,False,3.0,3.0,0.0,Needs renovation,264.0,4255.0,,0.0
230000.0,Porto,Penafiel,Rio de Moinhos,House,B,,170.0,0.0,,,2023.0,B,,True,False,False,3.0,3.0,0.0,,170.0,910.0,508.95,2.0
600000.0,Porto,Baião,Campelo e Ovil,House,,,377.0,1.0,,,1937.0,NC,,False,False,False,3.0,5.0,0.0,,377.0,1303.0,424.0,0.0
330000.0,Porto,Maia,Castêlo da Maia,House,E,,120.0,1.0,,,1970.0,E,2023-11-08 14:53:20.983,False,False,False,3.0,3.0,0.0,Reasonable,250.0,330.0,,4.0
150000.0,Porto,Santo Tirso,"Santo Tirso, Couto (Santa Cristina e São Miguel) e Burgães",House,,,105.0,0.0,,,1988.0,NC,,False,False,False,3.0,4.0,0.0,,105.0,369.0,105.0,0.0
315000.0,Porto,Baião,Ancede e Ribadouro,House,E,,212.0,1.0,,,2003.0,E,,False,False,False,3.0,5.0,0.0,,212.0,1900.0,318.0,0.0
555000.0,Porto,Vila Nova de Gaia,Gulpilhares e Valadares,House,D,,254.0,0.0,,,2000.0,D,,True,False,False,7.0,4.0,1.0,,254.0,,384.0,4.0
790000.0,Porto,Baião,Baião (Santa Leocádia) e Mesquinhata,House,C,,380.0,1.0,,,1989.0,C,,False,False,False,3.0,5.0,1.0,,334.0,18460.0,424.0,5.0
190000.0,Porto,Vila Nova de Gaia,Santa Marinha e São Pedro da Afurada,House,,,320.0,0.0,,,1937.0,NC,,False,False,False,10.0,6.0,7.0,Needs renovation,290.0,290.0,,7.0
99500.0,Porto,Amarante,Padronelo,House,E,,120.0,1.0,,,1937.0,E,,False,False,False,3.0,4.0,0.0,,120.0,,,1.0
180000.0,Porto,Paredes,Sobreira,House,,,110.0,0.0,,,1952.0,NC,,False,False,False,3.0,2.0,0.0,,110.0,430.0,,0.0
273081.0,Porto,Lousada,Figueiras e Covas,House,C,,156.0,1.0,,,2006.0,C,,False,False,False,4.0,3.0,1.0,Good condition,156.0,231.0,208.8,2.0
380000.0,Porto,Marco de Canaveses,Marco,House,B,,237.0,0.0,,,2012.0,B,,True,False,False,3.0,3.0,0.0,,344.0,1350.0,,4.0
450000.0,Porto,Gondomar,Rio Tinto,House,C,,210.0,0.0,,,1990.0,C,,True,False,False,11.0,4.0,1.0,Good condition,178.0,278.0,315.0,3.0
91500.0,Porto,Lousada,Nevogilde,House,F,,68.0,0.0,,,1955.0,F,,False,False,False,3.0,2.0,0.0,,136.0,468.0,,1.0
599000.0,Porto,Vila Nova de Gaia,Canidelo,House,A,,210.0,1.0,,,2023.0,A,,False,False,False,3.0,3.0,1.0,New,170.0,,,4.0
260000.0,Porto,Baião,Ancede e Ribadouro,House,E,,212.0,1.0,,,2003.0,E,2024-05-31 18:57:17.847,False,False,False,3.0,5.0,0.0,,212.0,1000.0,318.0,0.0
38000.0,Porto,Gondomar,Melres e Medas,House,,,60.0,0.0,,,1970.0,NC,,False,False,False,3.0,2.0,0.0,,60.0,80.0,,0.0
315000.0,Porto,Gondomar,"Gondomar (São Cosme), Valbom e Jovim",House,C,,123.0,0.0,,,2006.0,C,,True,False,False,3.0,3.0,1.0,,123.0,,226.0,3.0
149900.0,Porto,Trofa,Bougado (São Martinho e Santiago),House,,,70.0,0.0,,,1998.0,NC,,False,False,False,3.0,3.0,0.0,,76.0,,,1.0
365000.0,Porto,Vila do Conde,Vila Chã,House,D,,176.0,0.0,,,1995.0,D,,True,False,False,3.0,5.0,0.0,,176.0,224.0,197.0,4.0
120000.0,Porto,Felgueiras,"Margaride (Santa Eulália), Várzea, Lagares, Varziela e Moure",House,F,,404.0,1.0,,,1951.0,F,,False,False,False,8.0,6.0,2.0,Used,404.0,940.0,,2.0
520000.0,Porto,Matosinhos,São Mamede de Infesta e Senhora da Hora,House,B-,,266.0,0.0,,,1997.0,B-,,True,False,False,3.0,4.0,0.0,,266.0,338.0,291.92,3.0
225000.0,Porto,Gondomar,Rio Tinto,House,C,,108.0,1.0,,,1996.0,C,,False,False,False,3.0,3.0,0.0,,108.0,,,0.0
999000.0,Porto,Porto,"Cedofeita, Santo Ildefonso, Sé, Miragaia, São Nicolau e Vitória",House,E,,432.0,0.0,,,1951.0,E,,False,False,False,3.0,5.0,0.0,Needs renovation,432.0,600.0,,2.0
239000.0,Porto,Porto,Campanhã,House,E,,146.0,0.0,,,1951.0,E,,False,False,False,3.0,2.0,0.0,,82.0,177.0,,1.0
712500.0,Porto,Matosinhos,Matosinhos e Leça da Palmeira,House,E,,252.0,0.0,,,1937.0,E,,False,False,False,14.0,7.0,0.0,Reasonable,252.0,350.0,350.0,2.0
150000.0,Porto,Santo Tirso,Agrela,House,F,,53.0,0.0,,,1992.0,F,,False,False,False,3.0,2.0,1.0,,463.0,463.0,53.0,1.0
329000.0,Porto,Maia,Milheirós,House,D,,360.0,0.0,,,1969.0,D,,True,False,False,3.0,6.0,0.0,,295.0,,,3.0
66900.0,Porto,Paredes,Cete,House,,,113.0,1.0,,,1980.0,NC,,False,False,False,3.0,3.0,0.0,,113.0,617.0,,2.0
75000.0,Porto,Marco de Canaveses,Avessadas e Rosém,House,,,36.0,0.0,,,1943.0,NC,,False,False,False,3.0,1.0,1.0,,36.0,1430.0,,1.0
659000.0,Porto,Amarante,Vila Meã,House,C,,2493.0,0.0,,,1937.0,C,2024-08-19 17:29:21.060,True,False,False,3.0,5.0,5.0,Good condition,260.0,2493.0,520.0,5.0
450000.0,Porto,Maia,Cidade da Maia,House,C,,173.0,1.0,,,1992.0,C,,False,False,False,3.0,4.0,0.0,,173.0,256.0,273.0,3.0
260000.0,Porto,Valongo,Campo e Sobrado,House,,,54.0,0.0,,,1988.0,NC,,False,False,False,3.0,2.0,0.0,,54.0,4700.0,,1.0
399000.0,Porto,Penafiel,Irivo,House,B,,280.0,0.0,,,2001.0,B,,True,False,False,3.0,3.0,0.0,,280.0,400.0,280.0,3.0
550000.0,Porto,Lousada,"Silvares, Pias, Nogueira e Alvarenga",House,,,274.0,1.0,,,2024.0,NC,,False,False,False,3.0,3.0,0.0,,274.0,780.0,274.1,3.0
347000.0,Porto,Vila Nova de Gaia,Grijó e Sermonde,House,F,,369.0,0.0,,,1950.0,F,,True,False,False,7.0,4.0,2.0,,368.0,740.0,,4.0
399000.0,Porto,Felgueiras,"Margaride (Santa Eulália), Várzea, Lagares, Varziela e Moure",House,D,,277.0,1.0,,,2000.0,D,,False,False,False,3.0,3.0,0.0,,900.0,,,4.0
385000.0,Porto,Vila do Conde,Vilar e Mosteiró,House,A+,,218.0,0.0,,,2023.0,A+,,True,False,True,3.0,3.0,1.0,,218.0,340.0,340.5,3.0
235000.0,Porto,Marco de Canaveses,Penhalonga e Paços de Gaiolo,House,D,,159.0,1.0,,,2008.0,D,,False,False,False,3.0,4.0,0.0,Good condition,159.0,1089.0,278.0,0.0
269000.0,Porto,Gondomar,"Gondomar (São Cosme), Valbom e Jovim",House,D,,155.0,0.0,,,1959.0,D,,True,False,False,4.0,3.0,2.0,Like new,103.0,,,4.0
450000.0,Porto,Vila Nova de Gaia,Pedroso e Seixezelo,House,E,,100.0,1.0,,,1937.0,E,,False,False,False,3.0,2.0,1.0,Good condition,100.0,2325.0,,3.0
270000.0,Porto,Gondomar,Fânzeres e São Pedro da Cova,House,F,,55.0,1.0,,,1937.0,F,,False,False,False,3.0,4.0,0.0,,55.0,415.0,110.0,2.0
275000.0,Porto,Vila Nova de Gaia,Mafamude e Vilar do Paraíso,House,E,,630.0,0.0,,,1937.0,E,,False,False,False,3.0,6.0,0.0,,263.0,,,3.0
410000.0,Porto,Gondomar,Fânzeres e São Pedro da Cova,House,A,,195.0,1.0,,,2024.0,A,,False,False,False,3.0,3.0,5.0,,195.0,,,5.0
410000.0,Porto,Gondomar,Fânzeres e São Pedro da Cova,House,A,,195.0,1.0,,,2024.0,A,,False,False,False,3.0,3.0,5.0,,195.0,,,5.0
750000.0,Porto,Vila do Conde,Vila do Conde,House,E,,436.0,1.0,,,1937.0,E,,False,False,False,4.0,4.0,0.0,Needs renovation,436.0,302.0,436.0,3.0
285000.0,Porto,Felgueiras,Friande,House,D,,310.0,0.0,,,2001.0,D,,True,False,False,5.0,4.0,4.0,,310.0,1820.0,,4.0
435000.0,Porto,Gondomar,Fânzeres e São Pedro da Cova,House,A,,279.0,1.0,,,2024.0,A,,False,False,False,3.0,3.0,5.0,,279.0,,,5.0
380000.0,Porto,Gondomar,"Gondomar (São Cosme), Valbom e Jovim",House,B-,,122.0,0.0,,,2019.0,B-,,False,False,False,2.0,2.0,3.0,New,93.0,436.0,,3.0
375000.0,Porto,Felgueiras,Pinheiro,House,D,,477.0,0.0,,,1995.0,D,,True,False,False,8.0,5.0,3.0,Used,400.0,960.0,,3.0
478000.0,Porto,Santo Tirso,"Santo Tirso, Couto (Santa Cristina e São Miguel) e Burgães",House,,,244.0,0.0,,,1980.0,NC,,True,False,False,3.0,3.0,0.0,,244.0,4900.0,,2.0
185000.0,Porto,Baião,Ancede e Ribadouro,House,,,57.0,0.0,,,1937.0,NC,,False,False,False,3.0,0.0,0.0,Needs renovation,57.0,1850.0,115.6,0.0
410000.0,Porto,Gondomar,Fânzeres e São Pedro da Cova,House,A,,195.0,1.0,,,2024.0,A,,False,False,False,3.0,3.0,5.0,,195.0,,,5.0
349000.0,Porto,Felgueiras,Airães,House,D,,401.0,0.0,,,1994.0,D,,True,False,False,3.0,4.0,3.0,,389.0,690.0,,3.0
435000.0,Porto,Gondomar,Fânzeres e São Pedro da Cova,House,A,,279.0,1.0,,,2024.0,A,,False,False,False,3.0,3.0,5.0,,279.0,,,5.0
59500.0,Porto,Baião,Teixeira e Teixeiró,House,,,123.0,0.0,,,1937.0,NC,,False,False,False,3.0,5.0,0.0,,122.0,123.0,,0.0
59000.0,Porto,Penafiel,Abragão,House,,,140.0,0.0,,,1995.0,NC,,False,False,False,3.0,2.0,0.0,Needs renovation,78.0,5000.0,78.0,0.0
299000.0,Porto,Felgueiras,Idães,House,A,,297.0,0.0,,,2000.0,A,,True,False,False,5.0,3.0,2.0,,297.0,600.0,,2.0
255550.0,Porto,Paredes,Paredes,House,D,,156.0,0.0,,,2003.0,D,,True,False,False,3.0,3.0,0.0,,156.0,638.0,156.25,2.0
175000.0,Porto,Baião,Campelo e Ovil,House,G,,206.0,1.0,,,2000.0,G,,False,False,False,3.0,3.0,2.0,,206.0,122.0,206.0,4.0
429000.0,Porto,Maia,Pedrouços,House,B,,424.0,0.0,,,2018.0,B,,True,False,False,3.0,4.0,0.0,,424.0,341.0,,5.0
320000.0,Porto,Maia,Cidade da Maia,House,D,,140.0,0.0,,,1970.0,D,,True,False,True,8.0,4.0,0.0,Good condition,140.0,,150.0,2.0
450000.0,Porto,Gondomar,Melres e Medas,House,E,,300.0,0.0,,,2003.0,E,2024-08-28 15:48:52.387,True,False,True,3.0,4.0,0.0,,200.0,2960.0,300.0,4.0
300000.0,Porto,Santo Tirso,São Tomé Negrelos,House,D,,365.0,0.0,,,2005.0,D,,False,False,False,3.0,3.0,0.0,,365.0,800.0,365.5,3.0
203000.0,Porto,Póvoa de Varzim,"Aver-o-Mar, Amorim e Terroso",House,,,120.0,0.0,,,1937.0,NC,,True,False,True,3.0,3.0,2.0,,400.0,400.0,200.0,2.0
140000.0,Porto,Matosinhos,São Mamede de Infesta e Senhora da Hora,House,D,,78.0,0.0,,,1988.0,D,,True,False,False,4.0,2.0,0.0,,93.0,,93.0,1.0
960000.0,Porto,Vila Nova de Gaia,São Felix da Marinha,House,B,,275.0,0.0,,,2011.0,B,,True,False,False,6.0,4.0,1.0,Like new,275.0,606.0,381.0,5.0
520000.0,Porto,Matosinhos,São Mamede de Infesta e Senhora da Hora,House,,,550.0,0.0,,,1937.0,NC,,False,False,False,3.0,5.0,0.0,Needs renovation,520.0,2280.0,700.0,1.0
475000.0,Porto,Felgueiras,"Margaride (Santa Eulália), Várzea, Lagares, Varziela e Moure",House,B,,318.0,1.0,,,2023.0,B,,False,False,False,3.0,3.0,1.0,,502.0,,,3.0
750000.0,Porto,Matosinhos,"Perafita, Lavra e Santa Cruz do Bispo",House,,,278.0,1.0,,,2023.0,NC,,False,False,True,3.0,4.0,1.0,New,278.0,,352.0,5.0
700000.0,Porto,Vila do Conde,Vilar e Mosteiró,House,B,,269.0,0.0,,,2011.0,B,,True,False,True,5.0,4.0,1.0,,269.0,801.0,,4.0
234000.0,Porto,Santo Tirso,São Tomé Negrelos,House,,,308.0,0.0,,,1995.0,NC,,True,False,False,3.0,4.0,0.0,,308.0,348.0,348.35,3.0
390000.0,Porto,Amarante,"Amarante (São Gonçalo), Madalena, Cepelos e Gatão",House,E,,300.0,0.0,,,2000.0,E,,True,False,False,3.0,4.0,2.0,Good condition,300.0,600.0,450.0,4.0
205000.0,Porto,Paredes,Cete,House,D,,120.0,0.0,,,1937.0,D,,True,False,False,15.0,4.0,1.0,Good condition,120.0,602.0,60.0,7.0
395000.0,Porto,Trofa,Bougado (São Martinho e Santiago),House,D,,383.0,0.0,,,2007.0,D,,True,False,False,3.0,3.0,0.0,Good condition,150.0,584.0,383.6,2.0
230000.0,Porto,Felgueiras,"Margaride (Santa Eulália), Várzea, Lagares, Varziela e Moure",House,E,,208.0,0.0,,,1937.0,E,,True,False,False,4.0,2.0,1.0,,208.0,2061.0,,1.0
475000.0,Porto,Santo Tirso,Monte Córdova,House,,,539.0,1.0,,,1974.0,NC,,False,False,False,3.0,4.0,0.0,,539.0,3130.0,,0.0
190000.0,Porto,Felgueiras,Torrados e Sousa,House,D,,174.0,0.0,,,1993.0,D,,False,False,False,9.0,5.0,2.0,Used,174.0,2000.0,,2.0
459000.0,Porto,Vila Nova de Gaia,Arcozelo,House,D,,182.0,0.0,,,2003.0,D,,True,False,False,3.0,3.0,1.0,,182.0,487.0,315.0,3.0
150000.0,Porto,Amarante,Telões,House,E,,198.0,0.0,,,1969.0,E,2023-08-01 09:17:01.383,True,False,False,3.0,3.0,1.0,Used,198.0,3349.0,,1.0
310000.0,Porto,Maia,Castêlo da Maia,House,C,,255.0,0.0,,,2010.0,C,,True,False,True,5.0,4.0,2.0,,255.0,354.0,340.9,5.0
76500.0,Porto,Felgueiras,Torrados e Sousa,House,G,,201.0,1.0,,,1970.0,G,,False,False,False,3.0,0.0,0.0,,201.0,1092.0,,0.0
298000.0,Porto,Baião,Ancede e Ribadouro,House,F,,80.0,0.0,,,1937.0,F,,False,False,False,3.0,3.0,0.0,,147.0,352.0,,1.0
415000.0,Porto,Paredes,Recarei,House,F,,3025.0,1.0,,,1944.0,F,,False,False,False,3.0,3.0,0.0,,275.0,3025.0,,2.0
845000.0,Porto,Penafiel,São Martinho Recezinhos,House,A,,681.0,0.0,,,2003.0,A,,True,False,False,5.0,4.0,1.0,,681.0,766.0,,3.0
695003.0,Porto,Vila Nova de Gaia,Canidelo,House,A,,145.0,0.0,,,2024.0,A,,True,False,True,4.0,3.0,0.0,New,145.0,,181.7,4.0
994919.0,Porto,Vila Nova de Gaia,Canidelo,House,A,,207.0,0.0,,,2024.0,A,,True,False,True,4.0,3.0,0.0,New,207.0,,293.0,3.0
906606.0,Porto,Vila Nova de Gaia,Canidelo,House,,,180.0,0.0,,,2024.0,NC,,True,False,True,4.0,3.0,0.0,New,180.0,,222.0,4.0
299000.0,Porto,Amarante,Louredo,House,F,,63.0,0.0,,,1937.0,F,,False,False,False,3.0,4.0,0.0,Good condition,63.0,5463.0,126.0,1.0
350000.0,Porto,Valongo,Ermesinde,House,D,,405.0,0.0,,,1985.0,D,,True,False,False,3.0,5.0,3.0,,266.0,714.0,,3.0
310000.0,Porto,Paredes,Louredo,House,F,,310.0,0.0,,,1937.0,F,,True,False,False,3.0,4.0,0.0,,310.0,1388.0,465.0,3.0
998783.0,Porto,Vila Nova de Gaia,Canidelo,House,A,,184.0,0.0,,,2024.0,A,,True,False,False,4.0,3.0,1.0,New,184.0,,245.0,4.0
490000.0,Porto,Porto,Paranhos,House,F,,339.0,0.0,,,1941.0,F,,True,False,False,3.0,4.0,0.0,,339.0,802.0,,0.0
248000.0,Porto,Paredes,Paredes,House,F,,208.0,1.0,,,1995.0,F,2024-06-04 10:15:38.503,False,False,True,3.0,3.0,0.0,,128.0,1972.0,,3.0
220000.0,Porto,Trofa,Bougado (São Martinho e Santiago),House,G,,414.0,0.0,,,1937.0,G,,True,False,False,6.0,5.0,0.0,,207.0,626.0,414.0,2.0
60000.0,Porto,Amarante,Gouveia (São Simão),House,,,30.0,0.0,,,1993.0,NC,,False,False,False,3.0,2.0,1.0,,30.0,780.0,,1.0
650000.0,Porto,Maia,Cidade da Maia,House,D,,259.0,0.0,,,2009.0,D,2023-09-08 11:59:46.973,True,False,True,3.0,4.0,1.0,,222.0,,,4.0
74000.0,Porto,Baião,Gestaçô,House,,,71.0,0.0,,,2007.0,NC,,False,False,False,3.0,2.0,0.0,,194.0,252.0,,0.0
248000.0,Porto,Maia,Cidade da Maia,House,,,95.0,0.0,,,1972.0,NC,,False,False,False,3.0,2.0,1.0,New,89.0,143.0,189.78,2.0
240000.0,Porto,Vila do Conde,Vilar de Pinheiro,House,D,,89.0,1.0,,,1977.0,D,,False,True,True,3.0,3.0,0.0,,89.0,442.0,271.0,1.0
270000.0,Porto,Valongo,Campo e Sobrado,House,D,,168.0,0.0,,,1990.0,D,,True,False,False,3.0,4.0,0.0,Used,168.0,447.0,200.9,2.0
118000.0,Porto,Penafiel,Guilhufe e Urrô,House,,,241.0,1.0,,,2000.0,NC,,False,False,False,3.0,4.0,0.0,,241.0,392.0,,0.0
430000.0,Porto,Porto,Bonfim,House,D,,70.0,0.0,,,1967.0,D,,False,False,False,3.0,2.0,0.0,,50.0,121.0,,0.0
290000.0,Porto,Penafiel,Penafiel,House,D,,200.0,0.0,,,2000.0,D,,True,False,False,3.0,4.0,0.0,,204.0,500.0,384.0,3.0
495000.0,Porto,Paredes,Recarei,House,,,161.0,0.0,,,2024.0,NC,,True,False,True,3.0,3.0,2.0,,161.0,,285.0,4.0
120000.0,Porto,Felgueiras,Friande,House,F,,83.0,1.0,,,1937.0,F,,False,False,False,4.0,3.0,0.0,,83.0,2800.0,83.0,1.0
725000.0,Porto,Porto,"Aldoar, Foz do Douro e Nevogilde",House,,,211.0,0.0,,,1951.0,NC,,False,False,False,3.0,5.0,0.0,,211.0,970.0,970.2,5.0
200000.0,Porto,Maia,Castêlo da Maia,House,,,180.0,0.0,,,1937.0,NC,,False,False,False,3.0,4.0,1.0,,180.0,672.0,180.0,1.0
300000.0,Porto,Vila Nova de Gaia,Canidelo,House,E,,126.0,1.0,,,1947.0,E,,False,False,False,4.0,3.0,1.0,Used,120.0,565.0,126.0,3.0
475000.0,Porto,Felgueiras,"Margaride (Santa Eulália), Várzea, Lagares, Varziela e Moure",House,D,,475.0,1.0,,,2000.0,D,,False,False,False,3.0,4.0,0.0,,589.0,,,7.0
199500.0,Porto,Vila Nova de Gaia,Gulpilhares e Valadares,House,,,115.0,0.0,,,1941.0,NC,,False,False,False,6.0,4.0,0.0,Needs renovation,238.0,806.0,806.0,2.0
475000.0,Porto,Porto,"Aldoar, Foz do Douro e Nevogilde",House,B,,100.0,0.0,,,1988.0,B,,False,False,False,3.0,2.0,0.0,New,100.0,,111.0,2.0
1000000.0,Porto,Porto,Bonfim,House,C,,193.0,0.0,,,1938.0,C,,True,False,False,4.0,3.0,1.0,Like new,319.0,126.0,,3.0
470000.0,Porto,Gondomar,Rio Tinto,House,,,2061.0,0.0,,,1939.0,NC,,False,False,False,3.0,9.0,0.0,,2061.0,2061.0,,9.0
499000.0,Porto,Porto,"Aldoar, Foz do Douro e Nevogilde",House,B,,113.0,0.0,,,1988.0,B,,False,False,False,4.0,3.0,0.0,New,113.0,,123.0,2.0
160000.0,Porto,Penafiel,São Martinho Recezinhos,House,F,,145.0,0.0,,,1937.0,F,2024-06-20 17:01:28.080,False,False,False,3.0,2.0,1.0,,145.0,1146.0,,1.0
205000.0,Porto,Felgueiras,Regilde,House,A,,155.0,0.0,,,2023.0,A,,True,False,False,5.0,3.0,3.0,New,155.0,200.0,,3.0
195000.0,Porto,Penafiel,Croca,House,E,,138.0,0.0,,,2004.0,E,,True,False,False,3.0,3.0,0.0,,138.0,299.0,,2.0
37500.0,Porto,Felgueiras,Macieira da Lixa e Caramos,House,,,267.0,0.0,,,1937.0,NC,,False,False,False,3.0,2.0,1.0,Needs renovation,267.0,466.0,,1.0
345000.0,Porto,Baião,Santa Cruz do Douro e São Tomé de Covelas,House,,,125.0,1.0,,,1937.0,NC,,False,False,False,3.0,3.0,1.0,,100.0,20400.0,125.0,2.0
599000.0,Porto,Póvoa de Varzim,"Póvoa de Varzim, Beiriz e Argivai",House,C,,293.0,1.0,,,2007.0,C,,False,False,False,4.0,3.0,2.0,,293.0,,477.0,5.0
49900.0,Porto,Paredes,Gandra,House,,,82.0,0.0,,,2001.0,NC,,False,False,False,3.0,3.0,0.0,,82.0,144.0,,0.0
585000.0,Porto,Santo Tirso,Vilarinho,House,D,,373.0,0.0,,,2016.0,D,,True,False,False,4.0,3.0,1.0,Good condition,684.0,1300.0,,4.0
345000.0,Porto,Gondomar,"Gondomar (São Cosme), Valbom e Jovim",House,D,,188.0,0.0,,,1984.0,D,,True,False,False,3.0,4.0,0.0,,188.0,,240.0,3.0
800000.0,Porto,Vila Nova de Gaia,Canidelo,House,A,,144.0,1.0,,,2022.0,A,,False,False,False,3.0,4.0,2.0,,144.0,232.0,,5.0
277500.0,Porto,Felgueiras,Pombeiro de Ribavizela,House,D,,436.0,1.0,,,1993.0,D,,False,False,False,4.0,3.0,3.0,,420.0,,,5.0
330000.0,Porto,Maia,Águas Santas,House,D,,300.0,0.0,,,1986.0,D,,True,False,False,6.0,3.0,0.0,Good condition,277.0,300.0,291.0,3.0
798000.0,Porto,Vila Nova de Gaia,Canidelo,House,,,204.0,1.0,,,2024.0,NC,,False,False,False,6.0,4.0,1.0,,204.0,250.0,319.0,5.0
798000.0,Porto,Vila Nova de Gaia,Canidelo,House,,,207.0,1.0,,,2024.0,NC,,False,False,False,6.0,4.0,1.0,,207.0,256.0,324.0,5.0
900000.0,Porto,Vila Nova de Gaia,Canidelo,House,D,,1522.0,0.0,,,1951.0,D,,True,False,False,3.0,2.0,0.0,,92.0,1522.0,,0.0
380000.0,Porto,Penafiel,Cabeça Santa,House,B-,,176.0,0.0,,,2011.0,B-,,True,False,False,3.0,3.0,0.0,,176.0,1600.0,224.0,3.0
539000.0,Porto,Felgueiras,Vila Verde e Santão,House,E,,392.0,1.0,,,2017.0,E,,False,False,False,3.0,3.0,3.0,,1788.0,,,3.0
160000.0,Porto,Paços de Ferreira,Freamunde,House,,,163.0,1.0,,,1986.0,NC,,False,False,False,3.0,5.0,0.0,,163.0,1486.0,,5.0
595000.0,Porto,Valongo,Valongo,House,D,,364.0,0.0,,,2000.0,D,,True,False,False,3.0,4.0,2.0,Like new,364.0,1520.0,,8.0
199900.0,Porto,Gondomar,Fânzeres e São Pedro da Cova,House,,,180.0,1.0,,,2023.0,NC,,False,False,False,4.0,2.0,0.0,,180.0,8318.0,,0.0
848000.0,Porto,Vila Nova de Gaia,Canidelo,House,,,207.0,1.0,,,2024.0,NC,,False,False,False,6.0,4.0,1.0,,207.0,263.0,338.55,5.0
599000.0,Porto,Felgueiras,"Margaride (Santa Eulália), Várzea, Lagares, Varziela e Moure",House,D,,341.0,0.0,,,1998.0,D,,True,False,False,6.0,5.0,0.0,,340.0,600.0,,3.0
1000000.0,Porto,Vila Nova de Gaia,Canidelo,House,A,,266.0,0.0,,,2023.0,A,,True,False,False,3.0,5.0,0.0,,266.0,,,0.0
499000.0,Porto,Trofa,Bougado (São Martinho e Santiago),House,,,431.0,0.0,,,1977.0,NC,,True,False,False,3.0,4.0,0.0,,431.0,1100.0,170.17,0.0
495000.0,Porto,Amarante,Figueiró (Santiago e Santa Cristina),House,D,,427.0,0.0,,,1998.0,D,,True,False,False,3.0,5.0,4.0,,427.0,2500.0,,4.0
255000.0,Porto,Vila Nova de Gaia,Avintes,House,C,,131.0,0.0,,,2020.0,C,,False,False,False,3.0,2.0,0.0,Like new,131.0,114.0,,2.0
287500.0,Porto,Gondomar,Rio Tinto,House,D,,110.0,0.0,,,1999.0,D,,False,False,False,3.0,3.0,0.0,,110.0,,,2.0
550000.0,Porto,Gondomar,Melres e Medas,House,A,,347.0,0.0,,,2013.0,A,,True,False,False,15.0,5.0,0.0,Good condition,546.0,1418.0,546.0,4.0
260000.0,Porto,Marco de Canaveses,Penhalonga e Paços de Gaiolo,House,A+,,98.0,1.0,,,2021.0,A+,,False,False,False,3.0,2.0,0.0,,98.0,634.0,,2.0
365000.0,Porto,Vila Nova de Gaia,Oliveira do Douro,House,B,,207.0,0.0,,,2023.0,B,,True,False,True,4.0,3.0,0.0,,207.0,,241.4,3.0
249000.0,Porto,Amarante,Lufrei,House,F,,240.0,0.0,,,2002.0,F,,False,False,False,3.0,5.0,0.0,,240.0,1595.0,340.0,3.0
798000.0,Porto,Vila Nova de Gaia,Canidelo,House,,,204.0,1.0,,,2024.0,NC,,False,False,False,6.0,4.0,1.0,,204.0,256.0,322.0,5.0
370000.0,Porto,Vila do Conde,Touguinha e Touguinhó,House,,,292.0,0.0,,,2023.0,NC,,True,False,False,10.0,3.0,3.0,,292.0,164.0,292.0,6.0
425000.0,Porto,Vila Nova de Gaia,Arcozelo,House,D,,188.0,0.0,,,1966.0,D,,True,False,False,10.0,4.0,1.0,Reasonable,277.0,1063.0,277.0,2.0
900000.0,Porto,Matosinhos,São Mamede de Infesta e Senhora da Hora,House,C,,254.0,0.0,,,2000.0,C,,True,False,False,3.0,3.0,3.0,,163.0,437.0,,3.0
195000.0,Porto,Lousada,Nevogilde,House,D,,262.0,0.0,,,2003.0,D,2023-05-25 16:24:45.940,True,False,False,3.0,4.0,3.0,,262.0,510.0,,3.0
640000.0,Porto,Porto,Ramalde,House,,,110.0,0.0,,,1989.0,NC,,False,False,False,3.0,8.0,0.0,,110.0,636.0,121.0,4.0
318000.0,Porto,Paços de Ferreira,Ferreira,House,B-,,209.0,1.0,,,1996.0,B-,,False,False,False,3.0,4.0,0.0,,418.0,1085.0,,0.0
380000.0,Porto,Gondomar,"Gondomar (São Cosme), Valbom e Jovim",House,E,,288.0,0.0,,,1988.0,E,,True,False,False,6.0,3.0,4.0,Good condition,192.0,275.0,,4.0
432000.0,Porto,Gondomar,"Gondomar (São Cosme), Valbom e Jovim",House,C,,170.0,0.0,,,1992.0,C,,True,False,True,3.0,3.0,1.0,Good condition,170.0,892.0,254.0,4.0
56000.0,Porto,Penafiel,Duas Igrejas,House,,,50.0,1.0,,,1937.0,NC,,False,False,False,3.0,2.0,0.0,,50.0,365.0,50.0,0.0
510000.0,Porto,Matosinhos,"Perafita, Lavra e Santa Cruz do Bispo",House,C,,256.0,0.0,,,1998.0,C,,True,False,False,4.0,3.0,1.0,,256.0,330.0,286.4,3.0
220000.0,Porto,Vila Nova de Gaia,Grijó e Sermonde,House,,,115.0,0.0,,,1988.0,NC,,False,False,False,6.0,2.0,0.0,Needs renovation,115.0,,,1.0
449000.0,Porto,Vila Nova de Gaia,Madalena,House,C,,150.0,0.0,,,2003.0,C,,True,False,False,5.0,3.0,1.0,,171.0,,242.6,4.0
445000.0,Porto,Vila do Conde,Labruge,House,C,,207.0,1.0,,,2013.0,C,,False,False,False,5.0,4.0,1.0,,207.0,198.0,191.0,3.0
185000.0,Porto,Baião,Ancede e Ribadouro,House,,,35.0,0.0,,,1937.0,NC,,False,False,False,3.0,0.0,0.0,Needs renovation,35.0,300.0,70.2,0.0
380000.0,Porto,Lousada,Lustosa e Barrosas (Santo Estêvão),House,D,,632.0,0.0,,,1989.0,D,,True,False,True,10.0,7.0,0.0,,444.0,1500.0,,6.0
60000.0,Porto,Penafiel,Rio Mau,House,,,166.0,1.0,,,1937.0,NC,2024-10-09 14:01:46.903,False,False,False,3.0,3.0,0.0,Needs renovation,166.0,176.0,,2.0
250000.0,Porto,Penafiel,Penafiel,House,B-,,179.0,1.0,,,2016.0,B-,,False,False,False,5.0,4.0,0.0,Good condition,179.0,2834.0,,2.0
69900.0,Porto,Baião,Gestaçô,House,F,,85.0,1.0,,,1978.0,F,,False,False,False,3.0,2.0,0.0,Reasonable,63.0,6514.0,147.9,1.0
515000.0,Porto,Felgueiras,"Margaride (Santa Eulália), Várzea, Lagares, Varziela e Moure",House,B,,318.0,1.0,,,2023.0,B,,False,False,False,3.0,3.0,1.0,,516.0,,,3.0
495000.0,Porto,Felgueiras,"Margaride (Santa Eulália), Várzea, Lagares, Varziela e Moure",House,D,,501.0,1.0,,,1970.0,D,,False,False,False,5.0,4.0,1.0,,501.0,939.0,,3.0
430000.0,Porto,Felgueiras,Vila Verde e Santão,House,D,,363.0,0.0,,,1997.0,D,,True,False,False,6.0,4.0,3.0,,363.0,700.0,,3.0
495000.0,Porto,Marco de Canaveses,Sande e São Lourenço,House,C,,266.0,1.0,,,1986.0,C,,False,False,False,3.0,4.0,0.0,Good condition,234.0,407.0,,2.0
138000.0,Porto,Santo Tirso,"Santo Tirso, Couto (Santa Cristina e São Miguel) e Burgães",House,,,65.0,0.0,,,1986.0,NC,,False,False,False,3.0,3.0,0.0,,65.0,465.0,65.0,0.0
220000.0,Porto,Vila Nova de Gaia,Grijó e Sermonde,House,,,96.0,0.0,,,1937.0,NC,,False,False,False,2.0,2.0,0.0,Needs renovation,96.0,,,1.0
132700.0,Porto,Felgueiras,Sendim,House,E,,121.0,1.0,,,1988.0,E,,False,False,False,3.0,3.0,0.0,,121.0,,,2.0
650000.0,Porto,Vila Nova de Gaia,Mafamude e Vilar do Paraíso,House,A,,130.0,1.0,,,1995.0,A,,False,False,True,5.0,4.0,2.0,New,136.0,385.0,408.0,6.0
87500.0,Porto,Gondomar,Fânzeres e São Pedro da Cova,House,,,346.0,1.0,,,1989.0,NC,,False,False,False,3.0,4.0,4.0,Needs renovation,346.0,360.0,346.3,8.0
249000.0,Porto,Felgueiras,"Margaride (Santa Eulália), Várzea, Lagares, Varziela e Moure",House,F,,324.0,1.0,,,1992.0,F,,False,False,False,3.0,3.0,0.0,,160.0,993.0,,2.0
140000.0,Porto,Porto,"Cedofeita, Santo Ildefonso, Sé, Miragaia, São Nicolau e Vitória",House,F,,27.0,0.0,,,1951.0,F,,False,False,False,3.0,1.0,1.0,Needs renovation,27.0,27.0,27.5,2.0
99000.0,Porto,Marco de Canaveses,Sande e São Lourenço,House,F,,60.0,0.0,,,1964.0,F,,False,False,False,3.0,3.0,0.0,,60.0,130.0,160.0,1.0
299000.0,Porto,Penafiel,Rio de Moinhos,House,A,,193.0,0.0,,,2022.0,A,,True,False,False,3.0,3.0,0.0,,193.0,244.0,,4.0
515000.0,Porto,Felgueiras,"Margaride (Santa Eulália), Várzea, Lagares, Varziela e Moure",House,B,,318.0,1.0,,,2023.0,B,,False,False,False,3.0,3.0,1.0,,516.0,,,3.0
350000.0,Porto,Vila Nova de Gaia,Grijó e Sermonde,House,,,168.0,0.0,,,2024.0,NC,,True,False,False,3.0,3.0,0.0,,168.0,,,0.0
350000.0,Porto,Vila Nova de Gaia,Grijó e Sermonde,House,,,209.0,0.0,,,2024.0,NC,,True,False,False,3.0,3.0,0.0,,209.0,,,0.0
525000.0,Porto,Felgueiras,"Margaride (Santa Eulália), Várzea, Lagares, Varziela e Moure",House,B,,379.0,1.0,,,2023.0,B,,False,False,False,3.0,4.0,1.0,,501.0,,,3.0
535000.0,Porto,Felgueiras,"Margaride (Santa Eulália), Várzea, Lagares, Varziela e Moure",House,B,,415.0,1.0,,,2023.0,B,,False,False,False,3.0,4.0,0.0,,508.0,,,4.0
520000.0,Porto,Felgueiras,"Margaride (Santa Eulália), Várzea, Lagares, Varziela e Moure",House,B,,318.0,1.0,,,2023.0,B,,False,False,False,3.0,3.0,1.0,,582.0,,,3.0
350000.0,Porto,Vila Nova de Gaia,Grijó e Sermonde,House,,,252.0,0.0,,,2024.0,NC,,True,False,False,3.0,3.0,0.0,,252.0,,,0.0
55000.0,Porto,Lousada,Vilar do Torno e Alentém,House,E,,90.0,0.0,,,1980.0,E,,False,False,False,4.0,2.0,1.0,Used,90.0,878.0,,1.0
400000.0,Porto,Felgueiras,Airães,House,C,,374.0,0.0,,,2013.0,C,,True,False,False,5.0,3.0,2.0,Used,374.0,1550.0,,2.0
175000.0,Porto,Gondomar,Rio Tinto,House,F,,252.0,0.0,,,1951.0,F,,False,False,False,3.0,3.0,0.0,Good condition,154.0,334.0,,0.0
90000.0,Porto,Marco de Canaveses,Paredes de Viadores e Manhuncelos,House,D,,96.0,0.0,,,1950.0,D,,False,False,False,4.0,2.0,1.0,Reasonable,85.0,2061.0,192.0,2.0
102500.0,Porto,Amarante,Lomba,House,,,72.0,0.0,,,1937.0,NC,,False,False,False,3.0,2.0,0.0,,72.0,1022.0,,0.0
89000.0,Porto,Paredes,Parada de Todeia,House,,,62.0,0.0,,,1937.0,NC,,False,False,False,3.0,2.0,0.0,,62.0,3500.0,,1.0
235000.0,Porto,Marco de Canaveses,Sande e São Lourenço,House,E,,140.0,0.0,,,1994.0,E,,True,False,False,3.0,3.0,0.0,,140.0,560.0,280.0,3.0
105000.0,Porto,Felgueiras,Torrados e Sousa,House,,,419.0,0.0,,,1951.0,NC,,False,False,False,3.0,0.0,1.0,,358.0,1150.0,,2.0
360000.0,Porto,Penafiel,Penafiel,House,B-,,304.0,1.0,,,1995.0,B-,,False,False,False,5.0,4.0,1.0,Good condition,304.0,5114.0,,3.0
82500.0,Porto,Marco de Canaveses,Vila Boa de Quires e Maureles,House,,,70.0,0.0,,,1951.0,NC,,False,False,False,4.0,3.0,1.0,Needs renovation,151.0,3087.0,151.0,1.0
915000.0,Porto,Póvoa de Varzim,"Aver-o-Mar, Amorim e Terroso",House,C,,220.0,0.0,,,2000.0,C,,True,False,False,3.0,5.0,0.0,,462.0,2850.0,462.74,2.0
400000.0,Porto,Felgueiras,"Margaride (Santa Eulália), Várzea, Lagares, Varziela e Moure",House,,,187.0,0.0,,,1954.0,NC,,False,False,False,3.0,2.0,0.0,Needs renovation,187.0,62.0,,0.0
300000.0,Porto,Felgueiras,"Margaride (Santa Eulália), Várzea, Lagares, Varziela e Moure",House,B,,140.0,0.0,,,2004.0,B,,True,False,False,5.0,3.0,2.0,,140.0,500.0,,2.0
145000.0,Porto,Gondomar,"Gondomar (São Cosme), Valbom e Jovim",House,,,43.0,0.0,,,1935.0,NC,,False,False,False,2.0,2.0,0.0,Reasonable,43.0,63.0,43.0,1.0
250000.0,Porto,Santo Tirso,Lamelas e Guimarei,House,,,2990.0,0.0,,,2008.0,NC,,False,False,False,3.0,2.0,1.0,,146.0,2990.0,,2.0
194750.0,Porto,Marco de Canaveses,Vila Boa de Quires e Maureles,House,,,500.0,0.0,,,1951.0,NC,,True,False,False,12.0,9.0,4.0,Needs renovation,500.0,3389.0,500.0,4.0
280000.0,Porto,Felgueiras,Macieira da Lixa e Caramos,House,B,,350.0,0.0,,,1993.0,B,,True,False,False,9.0,4.0,4.0,Used,350.0,1200.0,,4.0
390000.0,Porto,Gondomar,Rio Tinto,House,,,91.0,1.0,,,1988.0,NC,,False,False,False,3.0,3.0,0.0,,91.0,191.0,182.0,0.0
825000.0,Porto,Porto,"Cedofeita, Santo Ildefonso, Sé, Miragaia, São Nicolau e Vitória",House,B-,,228.0,0.0,,,1951.0,B-,,False,False,False,7.0,5.0,0.0,,269.0,269.0,228.0,6.0
850000.0,Porto,Porto,Bonfim,House,D,,273.0,0.0,,,1978.0,D,,False,False,False,3.0,4.0,0.0,Used,273.0,151.0,,0.0
710000.0,Porto,Porto,Ramalde,House,E,,249.0,1.0,,,1978.0,E,,False,False,False,3.0,4.0,1.0,,188.0,298.0,257.7,4.0
350000.0,Porto,Maia,Castêlo da Maia,House,E,,142.0,0.0,,,1951.0,E,,False,False,False,3.0,4.0,0.0,,142.0,1207.0,175.0,2.0
350000.0,Porto,Penafiel,Guilhufe e Urrô,House,D,,130.0,0.0,,,1996.0,D,,True,False,False,7.0,3.0,0.0,Like new,130.0,445.0,250.0,0.0
998000.0,Porto,Valongo,Valongo,House,D,,154.0,0.0,,,1973.0,D,,True,False,False,3.0,3.0,0.0,Good condition,154.0,5006.0,,2.0
126500.0,Porto,Felgueiras,Vila Fria e Vizela (São Jorge),House,,,263.0,0.0,,,1968.0,NC,,True,False,False,3.0,2.0,0.0,,263.0,1200.0,,1.0
370000.0,Porto,Felgueiras,"Margaride (Santa Eulália), Várzea, Lagares, Varziela e Moure",House,C,,238.0,1.0,,,1985.0,C,,False,False,False,3.0,3.0,2.0,,696.0,,,3.0
400000.0,Porto,Santo Tirso,"Areias, Sequeiró, Lama e Palmeira",House,E,,700.0,0.0,,,1987.0,E,,False,False,False,6.0,8.0,0.0,,163.0,,,4.0
47500.0,Porto,Baião,Teixeira e Teixeiró,House,,,63.0,0.0,,,1937.0,NC,,False,False,False,3.0,1.0,0.0,,63.0,63.0,,0.0
36500.0,Porto,Amarante,Figueiró (Santiago e Santa Cristina),House,,,102.0,0.0,,,1937.0,NC,,False,False,False,3.0,2.0,0.0,Needs renovation,102.0,204.0,,0.0
300000.0,Porto,Matosinhos,São Mamede de Infesta e Senhora da Hora,House,F,,282.0,0.0,,,1950.0,F,,True,False,False,3.0,8.0,0.0,,282.0,544.0,,4.0
175000.0,Porto,Porto,"Cedofeita, Santo Ildefonso, Sé, Miragaia, São Nicolau e Vitória",House,,,32.0,0.0,,,2023.0,NC,,False,False,False,2.0,1.0,0.0,New,32.0,,,1.0
130000.0,Porto,Marco de Canaveses,Vila Boa de Quires e Maureles,House,,,204.0,0.0,,,1951.0,NC,,False,False,False,6.0,4.0,2.0,Needs renovation,204.0,102.0,204.0,2.0
75000.0,Porto,Marco de Canaveses,Vila Boa de Quires e Maureles,House,,,86.0,0.0,,,1970.0,NC,,True,False,False,5.0,2.0,0.0,,145.0,200.0,145.0,1.0
107500.0,Porto,Baião,Santa Marinha do Zêzere,House,,,100.0,1.0,,,1996.0,NC,,False,False,False,4.0,3.0,0.0,,100.0,700.0,,0.0
80000.0,Porto,Marco de Canaveses,Soalhães,House,,,18.0,1.0,,,1937.0,NC,,False,False,False,2.0,1.0,0.0,,18.0,39018.0,,0.0
160000.0,Porto,Baião,Santa Marinha do Zêzere,House,,,100.0,1.0,,,1996.0,NC,,False,False,False,3.0,3.0,0.0,,100.0,5200.0,,0.0
490000.0,Porto,Gondomar,Rio Tinto,House,F,,96.0,1.0,,,1970.0,F,,False,False,False,6.0,3.0,0.0,,128.0,224.0,224.0,2.0
260000.0,Porto,Gondomar,Fânzeres e São Pedro da Cova,House,,,108.0,1.0,,,1940.0,NC,,False,False,False,3.0,3.0,0.0,,108.0,,816.5,2.0
600000.0,Porto,Gondomar,Melres e Medas,House,E,,307.0,0.0,,,1978.0,E,,True,False,False,3.0,6.0,0.0,,517.0,1284.0,,0.0
365000.0,Porto,Gondomar,Baguim do Monte,House,,,180.0,1.0,,,2024.0,NC,,False,False,False,3.0,4.0,0.0,,180.0,,,4.0
350000.0,Porto,Santo Tirso,Vila Nova do Campo,House,,,202.0,1.0,,,2008.0,NC,,False,False,False,4.0,3.0,0.0,,201.0,4539.0,,2.0
350000.0,Porto,Valongo,Ermesinde,House,B-,,180.0,0.0,,,1987.0,B-,,True,False,False,3.0,3.0,0.0,,114.0,,,4.0
425000.0,Porto,Lousada,Lustosa e Barrosas (Santo Estêvão),House,D,,632.0,0.0,,,1989.0,D,,True,False,True,10.0,7.0,0.0,,444.0,2637.0,,6.0
120000.0,Porto,Santo Tirso,"Santo Tirso, Couto (Santa Cristina e São Miguel) e Burgães",House,,,84.0,0.0,,,1938.0,NC,,False,False,False,4.0,2.0,0.0,,168.0,284.0,,1.0
79000.0,Porto,Póvoa de Varzim,Balazar,House,,,110.0,0.0,,,1937.0,NC,,False,False,False,3.0,3.0,2.0,,110.0,285.0,285.0,2.0
800000.0,Porto,Felgueiras,Jugueiros,House,F,,978.0,0.0,,,1937.0,F,,True,False,False,10.0,6.0,3.0,Needs renovation,978.0,785.0,,3.0
267000.0,Porto,Felgueiras,Friande,House,D,,348.0,0.0,,,1999.0,D,,True,False,False,6.0,4.0,3.0,Used,348.0,861.0,,3.0
80000.0,Porto,Santo Tirso,"Santo Tirso, Couto (Santa Cristina e São Miguel) e Burgães",House,,,107.0,0.0,,,1975.0,NC,,False,False,False,3.0,3.0,0.0,,120.0,440.0,,1.0
550000.0,Porto,Maia,Águas Santas,House,,,369.0,0.0,,,2007.0,NC,,True,False,False,7.0,5.0,0.0,Good condition,369.0,753.0,413.7,5.0
350000.0,Porto,Porto,Paranhos,House,E,,136.0,0.0,,,1954.0,E,,True,False,False,3.0,4.0,0.0,,136.0,99.0,174.0,2.0
87500.0,Porto,Marco de Canaveses,Penhalonga e Paços de Gaiolo,House,F,,93.0,0.0,,,1937.0,F,,False,False,False,3.0,4.0,0.0,,93.0,3919.0,,0.0
100000.0,Porto,Lousada,Meinedo,House,F,,1605.0,0.0,,,1939.0,F,,False,False,False,3.0,2.0,0.0,,45.0,1605.0,,1.0
105000.0,Porto,Santo Tirso,Rebordões,House,F,,275.0,0.0,,,1984.0,F,2022-11-14 12:34:32.307,True,False,False,3.0,6.0,0.0,,275.0,655.0,320.0,2.0
750000.0,Porto,Porto,Ramalde,House,,,258.0,0.0,,,1950.0,NC,,False,False,False,3.0,11.0,0.0,,258.0,1032.0,,3.0
229000.0,Porto,Lousada,Vilar do Torno e Alentém,House,C,,182.0,0.0,,,1981.0,C,,True,False,False,3.0,3.0,0.0,,182.0,810.0,,2.0
175000.0,Porto,Penafiel,Termas de São Vicente,House,F,,125.0,1.0,,,1977.0,F,,False,False,False,6.0,3.0,1.0,,125.0,4600.0,,2.0
165000.0,Porto,Lousada,Lustosa e Barrosas (Santo Estêvão),House,,,280.0,0.0,,,1988.0,NC,,True,False,False,3.0,5.0,0.0,,280.0,570.0,,0.0
520827.0,Porto,Maia,Castêlo da Maia,House,A+,,352.0,1.0,,,,A+,,False,False,True,5.0,3.0,1.0,New,352.0,206.0,404.29,3.0
520827.0,Porto,Maia,Castêlo da Maia,House,A+,,352.0,1.0,,,,A+,,False,False,True,5.0,3.0,1.0,New,352.0,206.0,404.62,3.0
520827.0,Porto,Maia,Castêlo da Maia,House,A+,,355.0,1.0,,,,A+,,False,False,True,5.0,3.0,1.0,New,355.0,181.0,384.28,3.0
525644.0,Porto,Maia,Castêlo da Maia,House,A+,,355.0,1.0,,,,A+,,False,False,True,5.0,3.0,1.0,New,355.0,182.0,385.15,3.0
505000.0,Porto,Vila do Conde,Vila Chã,House,A+,,208.0,0.0,,,2024.0,A+,,True,False,True,4.0,3.0,1.0,New,178.0,234.0,208.0,4.0
515000.0,Porto,Vila do Conde,Vila Chã,House,A+,,208.0,0.0,,,2024.0,A+,,True,False,True,4.0,3.0,1.0,New,178.0,234.0,208.0,4.0
525644.0,Porto,Maia,Castêlo da Maia,House,A+,,359.0,1.0,,,,A+,,False,False,True,5.0,3.0,1.0,New,359.0,210.0,413.03,3.0
520827.0,Porto,Maia,Castêlo da Maia,House,A+,,347.0,1.0,,,,A+,,False,False,True,5.0,3.0,1.0,New,347.0,178.0,375.95,3.0
520827.0,Porto,Maia,Castêlo da Maia,House,A+,,355.0,1.0,,,,A+,,False,False,True,5.0,3.0,1.0,New,355.0,197.0,400.26,3.0
470000.0,Porto,Vila Nova de Gaia,Canelas,House,,,120.0,0.0,,,2023.0,NC,,True,False,False,7.0,4.0,0.0,New,360.0,387.0,120.0,3.0
46900.0,Porto,Baião,Viariz,House,F,,55.0,0.0,,,1937.0,F,,False,False,False,3.0,2.0,0.0,,55.0,116.0,94.7,1.0
169000.0,Porto,Gondomar,Rio Tinto,House,,,528.0,0.0,,,1951.0,NC,,False,False,False,3.0,3.0,0.0,,528.0,528.0,528.0,0.0
140000.0,Porto,Penafiel,Penafiel,House,,,50.0,1.0,,,1987.0,NC,,False,False,False,3.0,1.0,0.0,Used,50.0,1100.0,,1.0
139000.0,Porto,Paredes,Sobreira,House,,,120.0,0.0,,,1937.0,NC,,False,False,False,3.0,2.0,1.0,,120.0,1300.0,180.0,1.0
385000.0,Porto,Baião,Loivos da Ribeira e Tresouras,House,C,,313.0,1.0,,,2007.0,C,,False,False,False,3.0,4.0,4.0,,313.0,3008.0,481.0,4.0
520827.0,Porto,Maia,Castêlo da Maia,House,A+,,351.0,1.0,,,,A+,,False,False,True,5.0,3.0,1.0,New,351.0,206.0,403.59,3.0
532268.0,Porto,Maia,Castêlo da Maia,House,A+,,354.0,1.0,,,,A+,,False,False,True,5.0,3.0,1.0,New,354.0,198.0,399.23,3.0
480000.0,Porto,Vila Nova de Gaia,Canelas,House,,,120.0,0.0,,,2023.0,NC,,True,False,False,5.0,4.0,3.0,,240.0,427.0,120.0,3.0
785000.0,Porto,Porto,Bonfim,House,C,,322.0,0.0,,,2016.0,C,,True,False,False,3.0,3.0,2.0,New,347.0,172.0,347.34,5.0
690000.0,Porto,Santo Tirso,"Santo Tirso, Couto (Santa Cristina e São Miguel) e Burgães",House,D,,190.0,0.0,,,,D,,True,False,False,3.0,5.0,0.0,,190.0,377.0,283.0,4.0
270000.0,Porto,Marco de Canaveses,Bem Viver,House,D,,214.0,0.0,,,1987.0,D,,True,False,False,3.0,6.0,0.0,,315.0,3826.0,,4.0
280000.0,Porto,Maia,Águas Santas,House,E,,200.0,0.0,,,1950.0,E,,True,False,False,3.0,2.0,1.0,,200.0,440.0,268.0,3.0
790000.0,Porto,Vila Nova de Gaia,Madalena,House,D,,368.0,1.0,,,2001.0,D,,False,False,False,3.0,4.0,0.0,Like new,368.0,900.0,900.0,4.0
55000.0,Porto,Penafiel,Valpedre,House,F,,84.0,0.0,,,1986.0,F,,False,False,False,3.0,3.0,0.0,,84.0,1259.0,,0.0
750000.0,Porto,Porto,Lordelo do Ouro e Massarelos,House,B,,218.0,0.0,,,1963.0,B,,True,False,False,6.0,3.0,1.0,,218.0,,,4.0
480000.0,Porto,Gondomar,"Gondomar (São Cosme), Valbom e Jovim",House,B,,286.0,0.0,,,2023.0,B,,True,False,False,3.0,3.0,3.0,,232.0,,,3.0
440000.0,Porto,Gondomar,"Gondomar (São Cosme), Valbom e Jovim",House,B,,286.0,0.0,,,2023.0,B,,True,False,False,3.0,3.0,3.0,New,232.0,,,3.0
420000.0,Porto,Vila Nova de Gaia,Gulpilhares e Valadares,House,D,,273.0,0.0,,,1995.0,D,,True,False,False,11.0,5.0,0.0,Good condition,316.0,477.0,,3.0
799000.0,Porto,Vila Nova de Gaia,Gulpilhares e Valadares,House,C,,1243.0,0.0,,,1992.0,C,2024-06-21 15:25:17.353,True,False,False,15.0,4.0,1.0,Like new,390.0,1243.0,390.0,6.0
299000.0,Porto,Felgueiras,"Margaride (Santa Eulália), Várzea, Lagares, Varziela e Moure",House,A,,211.0,1.0,,,2001.0,A,,False,False,False,3.0,3.0,3.0,,286.0,,,3.0
98000.0,Porto,Penafiel,Boelhe,House,,,130.0,1.0,,,1938.0,NC,,False,True,False,3.0,1.0,0.0,,130.0,,,0.0
499990.0,Porto,Felgueiras,Vila Cova da Lixa e Borba de Godim,House,,,80.0,1.0,,,1937.0,NC,,False,False,False,3.0,1.0,0.0,,80.0,29680.0,,0.0
69000.0,Porto,Lousada,"Silvares, Pias, Nogueira e Alvarenga",House,G,,164.0,0.0,,,1945.0,G,,False,False,False,3.0,2.0,1.0,Needs renovation,164.0,1011.0,,1.0
354000.0,Porto,Vila do Conde,Malta e Canidelo,House,B,,263.0,1.0,,,2023.0,B,,False,False,False,3.0,3.0,0.0,,197.0,,,2.0
150000.0,Porto,Marco de Canaveses,Penhalonga e Paços de Gaiolo,House,,,338.0,1.0,,,1937.0,NC,,False,False,False,7.0,6.0,0.0,,300.0,2480.0,338.0,0.0
225000.0,Porto,Baião,Ancede e Ribadouro,House,,,152.0,1.0,,,1986.0,NC,,False,False,False,4.0,3.0,0.0,,152.0,10285.0,305.0,0.0
311000.0,Porto,Vila do Conde,Malta e Canidelo,House,B,,184.0,1.0,,,2023.0,B,,False,False,False,3.0,2.0,0.0,,133.0,,,1.0
309000.0,Porto,Vila do Conde,Malta e Canidelo,House,B,,210.0,1.0,,,2023.0,B,,False,False,False,3.0,3.0,0.0,,169.0,,,2.0
309000.0,Porto,Vila do Conde,Malta e Canidelo,House,B,,212.0,1.0,,,2023.0,B,,False,False,False,3.0,3.0,0.0,,171.0,,,2.0
375000.0,Porto,Matosinhos,São Mamede de Infesta e Senhora da Hora,House,,,166.0,0.0,,,2012.0,NC,,True,False,False,4.0,3.0,1.0,,166.0,,197.0,3.0
289000.0,Porto,Vila do Conde,Malta e Canidelo,House,B,,190.0,1.0,,,2023.0,B,,False,False,False,3.0,2.0,0.0,,133.0,,,2.0
343000.0,Porto,Vila do Conde,Malta e Canidelo,House,B,,250.0,1.0,,,2023.0,B,,False,False,False,3.0,4.0,0.0,,193.0,,,2.0
343000.0,Porto,Vila do Conde,Malta e Canidelo,House,B,,248.0,1.0,,,2023.0,B,,False,False,False,3.0,4.0,0.0,,197.0,,,2.0
750000.0,Porto,Gondomar,Foz do Sousa e Covelo,House,B,,180.0,0.0,,,2015.0,B,,True,False,True,8.0,3.0,1.0,New,180.0,300.0,249.0,3.0
67500.0,Porto,Valongo,Alfena,House,F,,55.0,0.0,,,1938.0,F,,False,False,False,2.0,1.0,0.0,,55.0,279.0,80.0,1.0
250000.0,Porto,Porto,Paranhos,House,D,,170.0,0.0,,,1953.0,D,,False,False,False,6.0,4.0,0.0,,170.0,135.0,170.0,2.0
450000.0,Porto,Matosinhos,"Custóias, Leça do Balio e Guifões",House,B-,,249.0,1.0,,,2007.0,B-,,False,False,False,6.0,3.0,1.0,,249.0,147.0,333.2,4.0
120000.0,Porto,Gondomar,Rio Tinto,House,F,,103.0,0.0,,,1961.0,F,,False,False,False,3.0,2.0,0.0,,103.0,100.0,103.0,1.0
423100.0,Porto,Paredes,Lordelo,House,B,,263.0,1.0,,,2012.0,B,,False,False,False,3.0,3.0,0.0,Used,263.0,,379.9,0.0
375000.0,Porto,Paredes,Paredes,House,F,,200.0,0.0,,,1937.0,F,,True,False,False,3.0,4.0,0.0,,200.0,6766.0,,0.0
300000.0,Porto,Paços de Ferreira,Freamunde,House,,,238.0,1.0,,,2000.0,NC,,False,False,False,3.0,3.0,1.0,,824.0,,,1.0
100000.0,Porto,Lousada,"Cristelos, Boim e Ordem",House,,,28.0,0.0,,,1939.0,NC,,False,False,True,3.0,1.0,0.0,,28.0,28279.0,,0.0
45000.0,Porto,Baião,Santa Cruz do Douro e São Tomé de Covelas,House,,,75.0,1.0,,,1979.0,NC,,False,False,False,8.0,4.0,1.0,Used,75.0,311.0,,1.0
335000.0,Porto,Matosinhos,"Perafita, Lavra e Santa Cruz do Bispo",House,D,,166.0,0.0,,,2005.0,D,,True,False,False,4.0,3.0,0.0,Used,144.0,,,3.0
210000.0,Porto,Felgueiras,Sendim,House,A+,,295.0,0.0,,,2000.0,A+,,True,False,False,5.0,3.0,2.0,,246.0,,,2.0
225000.0,Porto,Felgueiras,Sendim,House,A+,,295.0,0.0,,,2000.0,A+,,True,False,False,5.0,3.0,2.0,,246.0,,,2.0
82000.0,Porto,Felgueiras,Vila Verde e Santão,House,,,455.0,0.0,,,1941.0,NC,2022-04-12 16:12:55.470,False,False,False,3.0,4.0,1.0,,405.0,505.0,,2.0
210000.0,Porto,Felgueiras,Sendim,House,A+,,295.0,0.0,,,2000.0,A+,2022-04-21 15:04:06.523,True,False,False,5.0,3.0,2.0,,246.0,,,2.0
225000.0,Porto,Felgueiras,Sendim,House,A+,,295.0,0.0,,,2000.0,A+,,True,False,False,5.0,3.0,2.0,,246.0,,,2.0
66500.0,Porto,Felgueiras,Macieira da Lixa e Caramos,House,,,200.0,0.0,,,1937.0,NC,,False,False,False,3.0,3.0,0.0,Needs renovation,200.0,2250.0,,0.0
500000.0,Porto,Maia,Cidade da Maia,House,,,249.0,0.0,,,1977.0,NC,,True,True,False,8.0,6.0,2.0,,124.0,,,4.0
167000.0,Porto,Felgueiras,"Pedreira, Rande e Sernande",House,E,,1200.0,1.0,,,1973.0,E,,False,False,False,3.0,6.0,1.0,,6730.0,,,1.0
375000.0,Porto,Gondomar,Rio Tinto,House,D,,183.0,0.0,,,1986.0,D,,True,False,False,6.0,3.0,1.0,Good condition,164.0,250.0,250.0,2.0
250000.0,Porto,Maia,Pedrouços,House,F,,103.0,0.0,,,1986.0,F,,False,False,False,3.0,2.0,0.0,,103.0,148.0,,1.0
51250.0,Porto,Baião,Baião (Santa Leocádia) e Mesquinhata,House,,,42.0,0.0,,,1972.0,NC,,False,False,False,4.0,2.0,1.0,Used,42.0,3142.0,42.0,1.0
800000.0,Porto,Matosinhos,Matosinhos e Leça da Palmeira,House,A,,223.0,1.0,,,2023.0,A,2024-06-11 15:41:33.767,False,False,False,3.0,2.0,0.0,,222.0,,,2.0
650000.0,Porto,Porto,Paranhos,House,E,,282.0,0.0,,,1947.0,E,,True,False,False,16.0,5.0,0.0,,282.0,438.0,,2.0
898000.0,Porto,Gondomar,"Gondomar (São Cosme), Valbom e Jovim",House,C,,231.0,0.0,,,2008.0,C,,True,True,True,5.0,3.0,1.0,Like new,231.0,,330.02,4.0
360000.0,Porto,Penafiel,Fonte Arcada,House,D,,260.0,0.0,,,2004.0,D,,True,False,False,3.0,4.0,3.0,,260.0,700.0,,3.0
390000.0,Porto,Vila Nova de Gaia,Serzedo e Perosinho,House,E,,228.0,0.0,,,1988.0,E,,True,False,False,3.0,4.0,0.0,Good condition,375.0,455.0,,4.0
189000.0,Porto,Felgueiras,"Margaride (Santa Eulália), Várzea, Lagares, Varziela e Moure",House,E,,437.0,1.0,,,1965.0,E,,False,False,False,6.0,5.0,1.0,,437.0,1580.0,437.0,2.0
730000.0,Porto,Matosinhos,São Mamede de Infesta e Senhora da Hora,House,C,,705.0,0.0,,,1988.0,C,,True,False,False,8.0,4.0,1.0,Like new,705.0,456.0,456.2,4.0
85000.0,Porto,Baião,Gestaçô,House,F,,136.0,1.0,,,1969.0,F,,False,False,False,3.0,3.0,0.0,,136.0,9396.0,,1.0
300000.0,Porto,Vila Nova de Gaia,Vilar de Andorinho,House,D,,361.0,1.0,,,1991.0,D,,False,False,False,7.0,4.0,0.0,Used,216.0,469.0,,2.0
850000.0,Porto,Matosinhos,Matosinhos e Leça da Palmeira,House,,,720.0,1.0,,,1951.0,NC,,False,False,False,3.0,2.0,3.0,,720.0,480.0,,3.0
245000.0,Porto,Trofa,Coronado (São Romão e São Mamede),House,,,224.0,1.0,,,1937.0,NC,,False,False,False,7.0,4.0,1.0,,448.0,7385.0,225.0,3.0
645000.0,Porto,Vila Nova de Gaia,Grijó e Sermonde,House,A,,403.0,0.0,,,2024.0,A,,True,False,False,3.0,4.0,2.0,,330.0,330.0,,4.0
265000.0,Porto,Felgueiras,Vila Cova da Lixa e Borba de Godim,House,E,,600.0,1.0,,,1984.0,E,,False,False,False,3.0,3.0,0.0,,600.0,600.0,,0.0
345000.0,Porto,Felgueiras,"Margaride (Santa Eulália), Várzea, Lagares, Varziela e Moure",House,D,,626.0,0.0,,,2000.0,D,,True,False,False,15.0,13.0,4.0,Used,626.0,770.0,,4.0
520000.0,Porto,Vila Nova de Gaia,Grijó e Sermonde,House,A,,325.0,0.0,,,2024.0,A,,True,False,False,3.0,4.0,2.0,,373.0,373.0,,4.0
59900.0,Porto,Santo Tirso,Monte Córdova,House,,,60.0,0.0,,,1938.0,NC,,False,False,False,3.0,2.0,0.0,,60.0,589.0,,0.0
430000.0,Porto,Vila Nova de Gaia,Grijó e Sermonde,House,A,,270.0,0.0,,,2024.0,A,,True,False,False,3.0,3.0,2.0,,171.0,171.0,,4.0
319500.0,Porto,Gondomar,Fânzeres e São Pedro da Cova,House,B,,188.0,0.0,,,2004.0,B,,True,False,False,3.0,4.0,0.0,Like new,188.0,162.0,300.0,0.0
65000.0,Porto,Marco de Canaveses,Avessadas e Rosém,House,,,124.0,0.0,,,1982.0,NC,,False,False,False,3.0,0.0,0.0,,124.0,14000.0,,0.0
71000.0,Porto,Penafiel,Termas de São Vicente,House,G,,74.0,0.0,,,1950.0,G,,False,False,False,3.0,1.0,1.0,,74.0,4136.0,,1.0
96000.0,Porto,Felgueiras,Vila Fria e Vizela (São Jorge),House,,,167.0,0.0,,,1965.0,NC,,False,False,False,9.0,8.0,0.0,,167.0,4221.0,347.0,2.0
85000.0,Porto,Vila Nova de Gaia,Mafamude e Vilar do Paraíso,House,,,40.0,0.0,,,1975.0,NC,,False,False,False,3.0,2.0,1.0,,290.0,290.0,40.0,1.0
290000.0,Porto,Felgueiras,"Margaride (Santa Eulália), Várzea, Lagares, Varziela e Moure",House,D,,464.0,0.0,,,2000.0,D,,False,False,False,10.0,6.0,4.0,Used,464.0,1750.0,,4.0
649900.0,Porto,Felgueiras,"Margaride (Santa Eulália), Várzea, Lagares, Varziela e Moure",House,F,,348.0,0.0,,,1949.0,F,,True,False,False,3.0,4.0,3.0,,1342.0,,,3.0
230000.0,Porto,Baião,Santa Marinha do Zêzere,House,E,,132.0,0.0,,,2000.0,E,,True,False,False,6.0,3.0,0.0,,125.0,1500.0,,3.0
179000.0,Porto,Trofa,Coronado (São Romão e São Mamede),House,,,186.0,0.0,,,1937.0,NC,,False,False,False,3.0,3.0,0.0,,186.0,634.0,18674.0,0.0
130000.0,Porto,Felgueiras,Pombeiro de Ribavizela,House,G,,260.0,1.0,,,2010.0,G,,False,False,False,3.0,12.0,0.0,,260.0,744.0,,0.0
130000.0,Porto,Felgueiras,Pombeiro de Ribavizela,House,E,,165.0,1.0,,,1960.0,E,,False,False,False,4.0,2.0,1.0,Reasonable,165.0,508.0,,1.0
265500.0,Porto,Santo Tirso,Lamelas e Guimarei,House,E,,200.0,0.0,,,1987.0,E,,True,False,False,8.0,4.0,3.0,Reasonable,200.0,,,6.0
160000.0,Porto,Paços de Ferreira,Raimonda,House,F,,125.0,0.0,,,1937.0,F,,False,False,False,3.0,5.0,0.0,,455.0,1836.0,,0.0
458450.0,Porto,Porto,"Cedofeita, Santo Ildefonso, Sé, Miragaia, São Nicolau e Vitória",House,,,109.0,0.0,,,1989.0,NC,,True,False,False,3.0,2.0,2.0,New,109.0,196.0,134.7,2.0
350000.0,Porto,Vila Nova de Gaia,Canidelo,House,D,,176.0,0.0,,,1977.0,D,,True,False,False,3.0,4.0,0.0,,252.0,400.0,,0.0
320000.0,Porto,Baião,Ancede e Ribadouro,House,D,,360.0,0.0,,,1999.0,D,,True,False,False,3.0,5.0,4.0,,350.0,494.0,497.0,8.0
220000.0,Porto,Porto,Campanhã,House,,,445.0,1.0,,,1925.0,NC,,False,False,False,6.0,4.0,0.0,Needs renovation,331.0,445.0,331.0,0.0
180000.0,Porto,Maia,Pedrouços,House,A,,186.0,0.0,,,2021.0,A,2021-01-28 12:37:50.840,True,False,False,5.0,4.0,0.0,New,186.0,591.0,269.0,0.0
60000.0,Porto,Baião,Ancede e Ribadouro,House,,,45.0,0.0,,,1950.0,NC,,False,False,False,3.0,2.0,0.0,,44.0,885.0,,0.0
55000.0,Porto,Felgueiras,Friande,House,E,,184.0,0.0,,,1976.0,E,,False,False,False,6.0,3.0,1.0,Used,184.0,3134.0,,1.0
99000.0,Porto,Baião,Santa Marinha do Zêzere,House,F,,199.0,0.0,,,1988.0,F,,False,False,False,6.0,5.0,2.0,New,38.0,1143.0,,2.0
950000.0,Porto,Vila Nova de Gaia,Arcozelo,House,E,,230.0,1.0,,,1988.0,E,,False,False,False,6.0,4.0,1.0,,230.0,881.0,269.0,4.0
375000.0,Porto,Paredes,Astromil,House,E,,407.0,0.0,,,1998.0,E,,False,False,False,3.0,3.0,0.0,,276.0,535.0,,2.0
60000.0,Porto,Paredes,Aguiar de Sousa,House,,,40.0,0.0,,,1937.0,NC,,False,False,False,1.0,0.0,0.0,,40.0,880.0,,0.0
375000.0,Porto,Porto,Paranhos,House,C,,325.0,0.0,,,1986.0,C,,False,False,False,4.0,3.0,0.0,,325.0,215.0,,0.0
225000.0,Porto,Baião,Ancede e Ribadouro,House,E,,314.0,0.0,,,1983.0,E,,False,False,False,6.0,5.0,0.0,,314.0,900.0,,4.0
212000.0,Porto,Santo Tirso,São Tomé Negrelos,House,E,,163.0,0.0,,,1973.0,E,,False,False,False,6.0,5.0,0.0,,163.0,232.0,,2.0
950000.0,Porto,Santo Tirso,Reguenga,House,D,,520.0,0.0,,,2010.0,D,,True,False,False,4.0,3.0,2.0,,520.0,1000.0,,4.0
600000.0,Porto,Felgueiras,"Margaride (Santa Eulália), Várzea, Lagares, Varziela e Moure",House,C,,5046.0,1.0,,,1987.0,C,,False,False,False,6.0,5.0,0.0,,5046.0,670.0,,2.0
800000.0,Porto,Lousada,Figueiras e Covas,House,A+,,424.0,0.0,,,2008.0,A+,,False,False,False,6.0,5.0,0.0,,423.0,3080.0,424.0,6.0
83000.0,Porto,Santo Tirso,Carreira e Refojos de Riba de Ave,House,F,,111.0,1.0,,,1954.0,F,,False,False,False,4.0,2.0,0.0,Needs renovation,111.0,182.0,,1.0
45000.0,Porto,Baião,Santa Marinha do Zêzere,House,,,65.0,0.0,,,2008.0,NC,,False,False,False,4.0,3.0,0.0,,82.0,1850.0,,1.0
40000.0,Porto,Baião,Santa Cruz do Douro e São Tomé de Covelas,House,,,150.0,0.0,,,1937.0,NC,,False,False,False,4.0,3.0,0.0,,140.0,287.0,,0.0
325000.0,Porto,Penafiel,Paço de Sousa,House,D,,230.0,0.0,,,1986.0,D,,False,False,False,5.0,4.0,1.0,,230.0,900.0,,2.0
550000.0,Porto,Gondomar,"Gondomar (São Cosme), Valbom e Jovim",House,D,,363.0,0.0,,,2009.0,D,,True,False,False,6.0,4.0,1.0,,363.0,506.0,363.0,4.0
550000.0,Porto,Felgueiras,"Margaride (Santa Eulália), Várzea, Lagares, Varziela e Moure",House,C,,1130.0,0.0,,,1987.0,C,,False,False,False,8.0,4.0,0.0,,538.0,1130.0,1130.0,0.0
490000.0,Porto,Gondomar,"Gondomar (São Cosme), Valbom e Jovim",House,D,,1970.0,0.0,,,1970.0,D,,False,False,False,8.0,7.0,0.0,,462.0,1112.0,1970.0,1.0
125000.0,Porto,Paredes,Recarei,House,,,664.0,1.0,,,1996.0,NC,,False,False,False,4.0,3.0,1.0,,192.0,856.0,664.0,2.0
785000.0,Porto,Valongo,Alfena,House,D,,245.0,1.0,,,2011.0,D,,False,False,False,5.0,4.0,0.0,,245.0,877.0,,3.0
400000.0,Porto,Gondomar,Rio Tinto,House,D,,185.0,0.0,,,1970.0,D,,False,False,False,3.0,4.0,0.0,New,185.0,378.0,185.0,3.0
79900.0,Porto,Amarante,Figueiró (Santiago e Santa Cristina),House,G,,264.0,0.0,,,1920.0,G,,False,False,False,8.0,5.0,0.0,,264.0,1150.0,,0.0
215000.0,Porto,Gondomar,"Gondomar (São Cosme), Valbom e Jovim",House,E,,118.0,0.0,,,1950.0,E,,False,False,False,3.0,2.0,0.0,,118.0,1012.0,,1.0
63000.0,Porto,Marco de Canaveses,Sande e São Lourenço,House,,,84.0,0.0,,,1998.0,NC,,False,False,False,2.0,2.0,0.0,,84.0,10546.0,,0.0
78000.0,Porto,Paredes,Lordelo,House,F,,89.0,0.0,,,1962.0,F,,False,False,False,5.0,4.0,0.0,,89.0,778.0,89.0,0.0
35000.0,Porto,Baião,Campelo e Ovil,House,,,91.0,0.0,,,1937.0,NC,,False,False,False,4.0,3.0,0.0,,91.0,361.0,91.0,2.0
315000.0,Porto,Baião,Campelo e Ovil,House,F,,265.0,0.0,,,1985.0,F,,False,False,False,5.0,3.0,1.0,New,173.0,1969.0,265.0,4.0
395000.0,Porto,Penafiel,Guilhufe e Urrô,House,B,,302.0,0.0,,,2024.0,B,,True,False,False,3.0,3.0,1.0,New,302.0,,309.7,4.0
165000.0,Porto,Baião,Gove,House,F,,268.0,0.0,,,1985.0,F,,True,False,False,4.0,3.0,0.0,New,268.0,400.0,,1.0
395000.0,Porto,Penafiel,Guilhufe e Urrô,House,B,,302.0,0.0,,,2024.0,B,,True,False,False,3.0,3.0,1.0,New,302.0,,309.7,4.0
490000.0,Porto,Penafiel,Guilhufe e Urrô,House,B,,402.0,0.0,,,2024.0,B,,True,False,False,3.0,4.0,1.0,New,402.0,,402.45,5.0
395000.0,Porto,Penafiel,Galegos,House,B-,,221.0,0.0,,,,B-,2024-10-22 13:52:52.383,False,False,False,3.0,3.0,1.0,,221.0,195.0,,1.0
380000.0,Porto,Penafiel,Galegos,House,B-,,219.0,0.0,,,,B-,,False,False,False,3.0,3.0,1.0,,219.0,,,1.0
395000.0,Porto,Penafiel,Galegos,House,B-,,220.0,0.0,,,,B-,2024-10-22 13:52:58.270,False,False,False,3.0,3.0,1.0,,220.0,273.0,,1.0
690000.0,Porto,Vila Nova de Gaia,Mafamude e Vilar do Paraíso,House,,,233.0,0.0,,,2024.0,NC,,True,True,True,3.0,4.0,4.0,New,233.0,280.0,330.0,4.0
135000.0,Porto,Lousada,"Cristelos, Boim e Ordem",House,E,,100.0,1.0,,,1937.0,E,,False,False,False,3.0,2.0,0.0,Reasonable,100.0,150.0,150.0,1.0
290000.0,Porto,Valongo,Alfena,House,B-,,279.0,0.0,,,2010.0,B-,,True,True,False,3.0,4.0,1.0,,279.0,135.0,402.0,4.0
349000.0,Porto,Porto,Paranhos,House,,,113.0,0.0,,,1987.0,NC,2024-10-22 13:18:34.987,False,False,False,3.0,4.0,4.0,,110.0,408.0,,8.0
130000.0,Porto,Amarante,Figueiró (Santiago e Santa Cristina),House,D,,168.0,0.0,,,1972.0,D,2024-10-22 17:31:54.513,True,False,False,9.0,5.0,2.0,Reasonable,168.0,584.0,,2.0
180000.0,Porto,Vila Nova de Gaia,"Sandim, Olival, Lever e Crestuma",House,F,,72.0,1.0,,,1937.0,F,2024-10-22 13:26:51.687,False,False,False,3.0,3.0,,,72.0,1141.0,145.0,1.0
279000.0,Porto,Gondomar,Fânzeres e São Pedro da Cova,House,D,,100.0,0.0,,,1998.0,D,2024-10-22 16:32:50.100,False,False,False,3.0,2.0,0.0,,100.0,,,1.0
134900.0,Porto,Vila Nova de Gaia,Oliveira do Douro,House,,,47.0,0.0,,,1988.0,NC,,False,False,False,3.0,2.0,0.0,,47.0,,47.0,1.0
180000.0,Porto,Maia,Vila Nova da Telha,House,,,208.0,0.0,,,2024.0,NC,2024-10-22 13:58:50.300,True,False,False,6.0,3.0,1.0,Needs renovation,208.0,399.0,307.1,3.0
365000.0,Porto,Trofa,Coronado (São Romão e São Mamede),House,D,,314.0,0.0,,,2003.0,D,2024-10-23 17:15:02.430,True,False,False,3.0,3.0,1.0,,314.0,620.0,,4.0
509520.0,Porto,Lousada,Cernadelo e Lousada (São Miguel e Santa Margarida),House,B,,190.0,0.0,,,2011.0,B,,True,False,False,3.0,3.0,0.0,,488.0,1545.0,,3.0
690000.0,Porto,Vila Nova de Gaia,Mafamude e Vilar do Paraíso,House,,,233.0,0.0,,,2024.0,NC,,True,True,True,3.0,4.0,4.0,New,233.0,280.0,330.0,4.0
340000.0,Porto,Valongo,Alfena,House,D,,161.0,0.0,,,1997.0,D,,True,False,False,3.0,3.0,2.0,,161.0,178.0,260.0,4.0
365000.0,Porto,Trofa,Coronado (São Romão e São Mamede),House,D,,314.0,0.0,,,2003.0,D,2024-10-23 17:15:02.430,True,False,False,3.0,3.0,1.0,,314.0,620.0,,4.0
139000.0,Porto,Penafiel,Abragão,House,E,,74.0,0.0,,,1972.0,E,,False,True,False,3.0,3.0,0.0,,74.0,316.0,,0.0
499500.0,Porto,Paços de Ferreira,Meixomil,House,D,,232.0,1.0,,,2013.0,D,,False,False,False,3.0,4.0,0.0,,250.0,829.0,,3.0
575000.0,Porto,Valongo,Valongo,House,A,,576.0,1.0,,,2024.0,A,2024-10-23 10:08:34.677,True,False,True,3.0,3.0,5.0,,390.0,,576.0,9.0
259900.0,Porto,Lousada,Lustosa e Barrosas (Santo Estêvão),House,,,189.0,0.0,,,,NC,,True,False,False,3.0,3.0,2.0,,336.0,,,2.0
479900.0,Porto,Póvoa de Varzim,Balazar,House,,,190.0,0.0,,,1937.0,NC,,False,False,False,3.0,3.0,0.0,,290.0,690.0,,2.0
599000.0,Porto,Vila Nova de Gaia,Santa Marinha e São Pedro da Afurada,House,D,,198.0,0.0,,,1937.0,D,2024-10-24 15:53:29.233,False,False,False,6.0,4.0,0.0,,198.0,66.0,198.0,2.0
230000.0,Porto,Gondomar,Rio Tinto,House,E,,112.0,0.0,,,1940.0,E,2024-10-24 13:30:43.397,False,False,False,4.0,3.0,1.0,Good condition,100.0,202.0,,2.0
498000.0,Porto,Felgueiras,"Margaride (Santa Eulália), Várzea, Lagares, Varziela e Moure",House,C,,5046.0,1.0,,,1987.0,C,2024-10-24 08:13:42.300,False,False,False,6.0,5.0,0.0,,5046.0,670.0,,7.0
379000.0,Porto,Valongo,Ermesinde,House,D,,266.0,0.0,,,1987.0,D,2024-10-18 12:59:22.177,True,False,False,6.0,4.0,2.0,Good condition,266.0,336.0,,2.0
245000.0,Porto,Paredes,Lordelo,House,F,,128.0,0.0,,,1961.0,F,2024-10-11 15:21:34.840,True,False,False,3.0,4.0,,,256.0,1978.0,,1.0
330000.0,Porto,Maia,Vila Nova da Telha,House,D,,200.0,0.0,,,1997.0,D,,True,False,False,5.0,4.0,0.0,,200.0,461.0,236.0,3.0
165000.0,Porto,Matosinhos,"Custóias, Leça do Balio e Guifões",House,,,130.0,0.0,,,1988.0,NC,2024-10-24 14:15:40.180,True,False,False,12.0,4.0,0.0,,120.0,309.0,149.36,2.0
89000.0,Porto,Póvoa de Varzim,Rates,House,,,48.0,0.0,,,1974.0,NC,,False,False,False,3.0,2.0,0.0,,48.0,481.0,,1.0
490000.0,Porto,Penafiel,Guilhufe e Urrô,House,B,,402.0,0.0,,,2024.0,B,2024-10-24 14:17:18.050,True,False,False,3.0,4.0,1.0,,402.0,,402.45,5.0
395000.0,Porto,Penafiel,Guilhufe e Urrô,House,B,,302.0,0.0,,,2024.0,B,2024-10-24 14:57:57.973,True,False,False,3.0,3.0,1.0,New,302.0,,309.7,4.0
239000.0,Porto,Paços de Ferreira,Figueiró,House,B-,,128.0,0.0,,,1993.0,B-,2024-08-19 15:48:47.777,True,False,False,3.0,3.0,1.0,,162.0,,,3.0
248000.0,Porto,Gondomar,Rio Tinto,House,,,113.0,0.0,,,1960.0,NC,,True,False,False,7.0,5.0,0.0,,223.0,350.0,223.0,2.0
389000.0,Porto,Vila do Conde,Árvore,House,C,,149.0,1.0,,,2012.0,C,2024-10-24 20:40:23.917,True,False,False,3.0,3.0,0.0,,124.0,256.0,149.64,3.0
395000.0,Porto,Penafiel,Guilhufe e Urrô,House,B,,302.0,0.0,,,2024.0,B,2024-10-24 16:12:45.210,True,False,False,3.0,3.0,1.0,,302.0,,309.7,4.0
438000.0,Porto,Maia,Milheirós,House,A+,,371.0,0.0,,,2005.0,A+,,True,False,True,5.0,5.0,1.0,,371.0,386.0,496.7,4.0
288530.0,Porto,Trofa,Bougado (São Martinho e Santiago),House,B-,,277.0,0.0,,,2022.0,B-,,False,False,False,3.0,3.0,0.0,,277.0,,,3.0
140000.0,Porto,Amarante,Travanca,House,D,,118.0,1.0,,,2011.0,D,2024-10-25 15:01:18.453,False,False,False,3.0,2.0,0.0,,118.0,1200.0,,1.0
125000.0,Porto,Vila Nova de Gaia,Arcozelo,House,E,,71.0,0.0,,,1964.0,E,,False,False,False,3.0,1.0,1.0,Reasonable,71.0,183.0,,2.0
449900.0,Porto,Gondomar,Fânzeres e São Pedro da Cova,House,C,,210.0,0.0,,,2012.0,C,2024-10-25 17:34:10.637,True,False,False,4.0,3.0,3.0,Like new,210.0,375.0,649.9,6.0
880000.0,Porto,Porto,Bonfim,House,E,,399.0,0.0,,,1937.0,E,2024-10-25 17:01:01.463,False,False,False,3.0,12.0,,,399.0,207.0,,3.0
490000.0,Porto,Trofa,Bougado (São Martinho e Santiago),House,A,,226.0,1.0,,,2024.0,A,2024-10-25 18:02:45.820,False,False,False,4.0,3.0,2.0,New,226.0,409.0,,4.0
490000.0,Porto,Trofa,Bougado (São Martinho e Santiago),House,A,,226.0,1.0,,,2024.0,A,2024-10-25 18:07:52.937,False,False,False,4.0,3.0,2.0,New,226.0,409.0,,4.0
250000.0,Porto,Vila Nova de Gaia,Serzedo e Perosinho,House,E,,148.0,0.0,,,1992.0,E,2024-10-25 13:58:48.037,True,False,False,3.0,3.0,1.0,Reasonable,100.0,578.0,,2.0
150000.0,Porto,Penafiel,Boelhe,House,,,60.0,1.0,,,1937.0,NC,,False,False,False,3.0,1.0,0.0,Needs renovation,60.0,43241.0,,2.0
70000.0,Porto,Amarante,Freixo de Cima e de Baixo,House,,,52.0,1.0,,,1937.0,NC,2024-06-12 17:06:29.703,False,False,False,3.0,2.0,0.0,,52.0,3114.0,,1.0
155000.0,Porto,Porto,"Cedofeita, Santo Ildefonso, Sé, Miragaia, São Nicolau e Vitória",House,,,50.0,0.0,,,1937.0,NC,,False,False,False,3.0,1.0,1.0,,36.0,53.0,50.0,1.0
150000.0,Porto,Marco de Canaveses,Banho e Carvalhosa,House,,,216.0,1.0,,,1937.0,NC,2024-10-25 17:23:49.507,False,False,False,3.0,2.0,0.0,,216.0,6384.0,,0.0
617500.0,Porto,Vila Nova de Gaia,Gulpilhares e Valadares,House,C,,528.0,1.0,,,2003.0,C,2024-10-25 08:46:03.463,True,False,False,20.0,4.0,4.0,Like new,368.0,572.0,,7.0
379000.0,Porto,Matosinhos,"Perafita, Lavra e Santa Cruz do Bispo",House,,,160.0,0.0,,,1995.0,NC,2024-10-25 14:38:11.500,True,False,False,3.0,3.0,0.0,,160.0,646.0,293.0,2.0
470000.0,Porto,Trofa,Bougado (São Martinho e Santiago),House,A,,226.0,1.0,,,2024.0,A,2024-10-25 18:04:23.150,False,False,False,4.0,3.0,2.0,New,226.0,409.0,,4.0
75000.0,Porto,Penafiel,Abragão,House,F,,84.0,0.0,,,1989.0,F,,False,False,False,3.0,2.0,1.0,,83.0,430.0,,1.0
102500.0,Porto,Amarante,Lomba,House,,,72.0,0.0,,,1937.0,NC,,False,False,False,3.0,2.0,0.0,,72.0,1022.0,,0.0
165000.0,Porto,Porto,"Cedofeita, Santo Ildefonso, Sé, Miragaia, São Nicolau e Vitória",House,,,50.0,0.0,,,1937.0,NC,2024-10-25 15:43:31.067,False,False,False,3.0,1.0,1.0,,36.0,53.0,50.0,1.0
470000.0,Porto,Trofa,Bougado (São Martinho e Santiago),House,A,,226.0,1.0,,,2024.0,A,2024-10-25 18:06:19.327,False,False,False,4.0,3.0,2.0,New,226.0,409.0,,4.0
318500.0,Porto,Amarante,Padronelo,House,A,,165.0,1.0,,,2008.0,A,,False,False,False,3.0,3.0,1.0,,165.0,930.0,,2.0
180000.0,Porto,Porto,Campanhã,House,,,70.0,0.0,,,1951.0,NC,2024-07-31 08:35:31.930,False,False,False,5.0,4.0,,Needs renovation,70.0,304.0,,2.0
350000.0,Porto,Porto,Paranhos,House,,,121.0,0.0,,,1952.0,NC,,True,False,False,8.0,4.0,0.0,Used,102.0,,140.0,2.0
385000.0,Porto,Amarante,"Amarante (São Gonçalo), Madalena, Cepelos e Gatão",House,C,,150.0,1.0,,,2000.0,C,,False,False,False,3.0,3.0,0.0,,149.0,,,4.0
710000.0,Porto,Paços de Ferreira,Figueiró,House,E,,254.0,1.0,,,1961.0,E,,False,False,False,3.0,5.0,3.0,,254.0,5374.0,528.0,7.0
429000.0,Porto,Vila Nova de Gaia,Serzedo e Perosinho,House,E,,144.0,0.0,,,1994.0,E,2024-10-28 13:25:59.817,True,False,True,4.0,3.0,2.0,,328.0,1200.0,,5.0
460000.0,Porto,Vila Nova de Gaia,Vilar de Andorinho,House,D,,280.0,0.0,,,1985.0,D,,True,False,True,6.0,5.0,1.0,,280.0,678.0,470.0,4.0
800000.0,Porto,Vila Nova de Gaia,Canidelo,House,A+,,217.0,0.0,,,2024.0,A+,2024-10-28 15:23:25.617,True,False,True,3.0,4.0,1.0,New,217.0,303.0,,4.0
295000.0,Porto,Maia,Pedrouços,House,,,71.0,0.0,,,1986.0,NC,2024-10-28 09:19:28.840,True,False,False,9.0,3.0,1.0,Used,71.0,150.0,143.0,3.0
182500.0,Porto,Vila Nova de Gaia,Mafamude e Vilar do Paraíso,House,C,,86.0,0.0,,,1956.0,C,2024-10-28 18:11:36.097,False,False,False,3.0,2.0,,Good condition,86.0,146.0,146.0,1.0
328500.0,Porto,Felgueiras,Torrados e Sousa,House,D,,365.0,1.0,,,1985.0,D,2024-08-12 15:51:13.727,True,False,False,6.0,3.0,2.0,Good condition,365.0,4171.0,,2.0
219000.0,Porto,Porto,Paranhos,House,E,,96.0,0.0,,,1957.0,E,2024-10-28 14:32:30.940,False,False,False,3.0,2.0,,,96.0,117.0,,2.0
625000.0,Porto,Maia,Castêlo da Maia,House,D,,561.0,0.0,,,1974.0,D,2024-10-28 17:40:40.247,True,False,False,3.0,4.0,1.0,,210.0,3845.0,561.0,4.0
270000.0,Porto,Valongo,Alfena,House,F,,112.0,0.0,,,1982.0,F,,True,False,False,3.0,3.0,0.0,,112.0,985.0,224.0,1.0
65000.0,Porto,Baião,Ancede e Ribadouro,House,,,102.0,0.0,,,2003.0,NC,,False,False,False,3.0,2.0,0.0,,102.0,262.0,,1.0
178000.0,Porto,Vila Nova de Gaia,Arcozelo,House,E,,84.0,1.0,,,1951.0,E,2024-05-27 15:51:50.563,False,False,False,3.0,2.0,0.0,Used,60.0,,130.0,1.0
325000.0,Porto,Paredes,Paredes,House,E,,181.0,1.0,,,1995.0,E,2024-10-29 11:49:27.587,True,False,False,3.0,5.0,2.0,,181.0,1300.0,,3.0
325000.0,Porto,Paredes,Paredes,House,E,,181.0,1.0,,,1995.0,E,2024-10-29 11:49:27.587,True,False,False,3.0,5.0,2.0,,181.0,1300.0,,3.0
360000.0,Porto,Vila Nova de Gaia,Mafamude e Vilar do Paraíso,House,E,,200.0,0.0,,,1977.0,E,2024-10-29 17:52:32.873,True,False,True,7.0,3.0,0.0,Good condition,115.0,270.0,200.0,3.0
690000.0,Porto,Baião,Ancede e Ribadouro,House,E,,246.0,1.0,,,1937.0,E,2024-10-29 14:24:05.203,False,False,False,3.0,6.0,1.0,,246.0,76684.0,461.0,3.0
350000.0,Porto,Vila do Conde,Árvore,House,D,,182.0,0.0,,,2016.0,D,2024-10-29 14:55:29.720,True,False,False,3.0,4.0,0.0,,182.0,145.0,272.0,3.0
309000.0,Porto,Vila Nova de Gaia,Gulpilhares e Valadares,House,D,,95.0,0.0,,,2017.0,D,2024-10-29 21:29:13.697,True,False,False,3.0,2.0,,,95.0,346.0,190.0,2.0
325000.0,Porto,Paredes,Paredes,House,E,,181.0,1.0,,,1995.0,E,2024-10-29 11:49:27.587,True,False,False,3.0,5.0,2.0,,181.0,1300.0,,3.0
280000.0,Porto,Felgueiras,Friande,House,D,,193.0,1.0,,,2001.0,D,,False,False,False,3.0,3.0,1.0,,213.0,,,1.0
290000.0,Porto,Porto,Bonfim,House,F,,156.0,0.0,,,1966.0,F,,False,False,False,3.0,3.0,1.0,,156.0,144.0,,3.0
215000.0,Porto,Porto,"Cedofeita, Santo Ildefonso, Sé, Miragaia, São Nicolau e Vitória",House,E,,63.0,0.0,,,1951.0,E,,False,False,False,3.0,1.0,0.0,,63.0,,,1.0
249000.0,Porto,Maia,Águas Santas,House,C,,120.0,0.0,,,1969.0,C,,True,False,False,3.0,3.0,0.0,,89.0,,,2.0
280000.0,Porto,Marco de Canaveses,Bem Viver,House,B-,,254.0,0.0,,,2023.0,B-,,True,False,False,3.0,3.0,0.0,,278.0,335.0,,4.0
150000.0,Porto,Santo Tirso,Roriz,House,F,,134.0,1.0,,,2011.0,F,,False,False,False,3.0,3.0,0.0,,134.0,2000.0,,1.0
110000.0,Porto,Santo Tirso,Roriz,House,F,,71.0,1.0,,,2011.0,F,2024-10-30 17:36:45.063,False,False,False,3.0,3.0,0.0,,71.0,885.0,,1.0
90000.0,Porto,Santo Tirso,Roriz,House,F,,71.0,1.0,,,2011.0,F,2024-10-30 17:40:21.347,False,False,False,3.0,3.0,0.0,,71.0,885.0,,1.0
395000.0,Porto,Gondomar,Baguim do Monte,House,B,,128.0,0.0,,,2022.0,B,,True,False,False,8.0,2.0,0.0,Like new,128.0,220.0,168.0,2.0
590000.0,Porto,Matosinhos,Matosinhos e Leça da Palmeira,House,B-,,119.0,1.0,,,2024.0,B-,,False,False,False,5.0,3.0,1.0,New,119.0,162.0,234.9,3.0
45000.0,Porto,Amarante,Gouveia (São Simão),House,,,56.0,1.0,,,1937.0,NC,2024-10-30 15:22:07.990,False,False,False,3.0,3.0,0.0,,56.0,2311.0,147.0,0.0
820000.0,Porto,Vila do Conde,Mindelo,House,B,,287.0,0.0,,,2002.0,B,2024-10-30 12:52:27.847,True,False,False,6.0,4.0,1.0,,287.0,970.0,368.0,3.0
240000.0,Porto,Porto,Campanhã,House,E,,146.0,0.0,,,1979.0,E,2024-10-30 16:36:23.600,False,False,False,3.0,3.0,0.0,,118.0,,,2.0
750000.0,Porto,Vila Nova de Gaia,Canidelo,House,C,,291.0,0.0,,,1986.0,C,2024-10-29 17:58:39.333,True,False,False,6.0,5.0,0.0,Used,291.0,462.0,478.0,5.0
199500.0,Porto,Maia,Nogueira e Silva Escura,House,,,162.0,0.0,,,1999.0,NC,2024-10-30 15:52:45.417,False,False,False,4.0,3.0,0.0,,81.0,,,2.0
150000.0,Porto,Vila Nova de Gaia,Canelas,House,E,,65.0,0.0,,,1964.0,E,,False,False,False,3.0,1.0,1.0,,75.0,,75.0,1.0
210000.0,Porto,Baião,Santa Marinha do Zêzere,House,B,,176.0,0.0,,,2002.0,B,,True,False,False,3.0,4.0,0.0,,236.0,10787.0,,2.0
450000.0,Porto,Valongo,Valongo,House,B,,337.0,0.0,,,2023.0,B,,True,False,False,5.0,3.0,2.0,Like new,288.0,333.0,,4.0
50000.0,Porto,Lousada,Sousela,House,F,,42.0,0.0,,,1962.0,F,,False,False,False,3.0,2.0,0.0,,42.0,167.0,,1.0
49000.0,Porto,Baião,Campelo e Ovil,House,,,33.0,1.0,,,1937.0,NC,2024-10-31 16:22:33.887,False,False,False,4.0,2.0,1.0,Needs renovation,232.0,232.0,137.0,1.0
500000.0,Porto,Paços de Ferreira,Frazão Arreigada,House,D,,423.0,0.0,,,2007.0,D,2024-10-31 11:05:32.393,True,False,False,7.0,5.0,0.0,Good condition,423.0,799.0,548.0,5.0
298500.0,Porto,Matosinhos,"Perafita, Lavra e Santa Cruz do Bispo",House,D,,145.0,0.0,,,2003.0,D,,True,False,False,3.0,3.0,0.0,,145.0,473.0,167.96,2.0
95000.0,Porto,Baião,Campelo e Ovil,House,,,147.0,0.0,,,1937.0,NC,2024-10-31 16:41:40.523,False,False,False,5.0,3.0,1.0,Needs renovation,659.0,659.0,295.8,1.0
749000.0,Porto,Penafiel,Castelões,House,C,,620.0,0.0,,,2003.0,C,,True,False,False,3.0,4.0,1.0,,299.0,4000.0,620.0,5.0
185000.0,Porto,Vila Nova de Gaia,Gulpilhares e Valadares,House,E,,89.0,0.0,,,1982.0,E,2024-09-10 20:26:29.893,True,False,False,3.0,2.0,,,89.0,850.0,,1.0
500000.0,Porto,Vila do Conde,Mindelo,House,B-,,292.0,0.0,,,2008.0,B-,,True,False,False,6.0,3.0,0.0,Good condition,292.0,308.0,292.0,2.0
350000.0,Porto,Porto,Lordelo do Ouro e Massarelos,House,E,,144.0,0.0,,,1951.0,E,,False,False,False,5.0,3.0,0.0,,96.0,48.0,,5.0
77500.0,Porto,Baião,Gove,House,F,,94.0,0.0,,,1950.0,F,2024-10-31 16:59:45.170,False,False,False,2.0,2.0,0.0,Reasonable,85.0,950.0,189.0,1.0
800000.0,Porto,Lousada,Sousela,House,A,,362.0,1.0,,,2022.0,A,,False,False,False,3.0,3.0,4.0,,362.0,4404.0,,7.0
490000.0,Porto,Paredes,Paredes,House,B-,,332.0,1.0,,,2012.0,B-,,False,False,False,3.0,6.0,2.0,,332.0,287.0,,3.0
220000.0,Porto,Gondomar,Fânzeres e São Pedro da Cova,House,E,,242.0,0.0,,,1968.0,E,2024-10-31 18:15:20.317,True,False,False,16.0,6.0,,Good condition,363.0,540.0,363.0,2.0
370000.0,Porto,Porto,"Cedofeita, Santo Ildefonso, Sé, Miragaia, São Nicolau e Vitória",House,B-,,380.0,0.0,,,1991.0,B-,,False,False,False,4.0,3.0,3.0,Reasonable,300.0,125.0,380.0,6.0
645000.0,Porto,Vila Nova de Gaia,Gulpilhares e Valadares,House,B-,,279.0,0.0,,,1980.0,B-,2024-10-31 17:12:41.127,True,False,False,4.0,3.0,2.0,Like new,208.0,,208.0,4.0
69500.0,Porto,Amarante,Telões,House,E,,90.0,1.0,,,1989.0,E,2024-10-31 16:46:57.360,False,False,False,3.0,2.0,1.0,,90.0,,111.5,2.0
600000.0,Porto,Matosinhos,"Custóias, Leça do Balio e Guifões",House,E,,255.0,0.0,,,1979.0,E,2024-10-31 15:26:36.880,True,False,False,3.0,6.0,0.0,,135.0,,347.0,4.0
90000.0,Porto,Vila Nova de Gaia,Grijó e Sermonde,House,E,,67.0,0.0,,,1950.0,E,2024-10-31 17:02:00.563,False,False,False,3.0,3.0,0.0,Needs renovation,67.0,,,1.0
329000.0,Porto,Póvoa de Varzim,"Aver-o-Mar, Amorim e Terroso",House,C,,194.0,0.0,,,1995.0,C,,True,False,False,3.0,4.0,0.0,,190.0,466.0,234.0,2.0
430000.0,Porto,Penafiel,Penafiel,House,A,,150.0,1.0,,,1937.0,A,,False,False,False,6.0,4.0,0.0,Good condition,230.0,4400.0,300.0,3.0
199900.0,Porto,Felgueiras,"Pedreira, Rande e Sernande",House,G,,160.0,1.0,,,,G,,False,False,False,3.0,3.0,4.0,,12000.0,,,4.0
198000.0,Porto,Maia,Milheirós,House,F,,128.0,0.0,,,1998.0,F,2024-11-02 12:42:01.257,False,False,False,3.0,3.0,0.0,,128.0,,,0.0
690000.0,Porto,Vila Nova de Gaia,São Felix da Marinha,House,D,,458.0,1.0,,,2012.0,D,2024-11-05 09:36:08.847,False,False,False,3.0,3.0,2.0,,459.0,406.0,459.0,6.0
235000.0,Porto,Marco de Canaveses,"Várzea, Aliviada e Folhada",House,F,,140.0,0.0,,,1994.0,F,2024-11-05 12:13:32.627,True,False,False,3.0,3.0,,,280.0,800.0,,2.0
520000.0,Porto,Felgueiras,Macieira da Lixa e Caramos,House,E,,411.0,1.0,,,1937.0,E,,False,False,False,3.0,5.0,0.0,,535.0,,,4.0
225000.0,Porto,Vila Nova de Gaia,Madalena,House,G,,133.0,0.0,,,1950.0,G,2024-11-04 13:00:37.203,False,False,False,3.0,3.0,2.0,Needs renovation,133.0,248.0,148.0,2.0
130000.0,Porto,Trofa,Coronado (São Romão e São Mamede),House,,,55.0,0.0,,,1937.0,NC,2024-11-05 10:42:12.047,False,False,False,3.0,3.0,1.0,,55.0,155.0,55.0,1.0
99500.0,Porto,Marco de Canaveses,Sande e São Lourenço,House,F,,70.0,0.0,,,1986.0,F,,True,False,False,3.0,2.0,0.0,,160.0,780.0,,1.0
750000.0,Porto,Vila do Conde,Vila do Conde,House,E,,436.0,1.0,,,1937.0,E,2024-11-05 09:54:14.857,False,False,False,4.0,4.0,0.0,Needs renovation,436.0,302.0,436.0,3.0
379900.0,Porto,Vila Nova de Gaia,Gulpilhares e Valadares,House,D,,206.0,0.0,,,2003.0,D,2024-11-04 18:18:51.887,True,False,True,3.0,3.0,1.0,,206.0,,258.0,4.0
440000.0,Porto,Póvoa de Varzim,"Póvoa de Varzim, Beiriz e Argivai",House,A+,,172.0,0.0,,,2024.0,A+,2024-11-05 10:32:41.747,True,False,False,3.0,3.0,0.0,,172.0,371.0,172.0,2.0
490000.0,Porto,Maia,Vila Nova da Telha,House,C,,165.0,0.0,,,2003.0,C,2024-11-05 16:45:43.150,True,False,False,8.0,3.0,1.0,Good condition,165.0,284.0,285.17,4.0
79500.0,Porto,Gondomar,"Gondomar (São Cosme), Valbom e Jovim",House,,,254.0,0.0,,,2005.0,NC,2024-11-05 13:02:59.547,True,False,False,3.0,2.0,,Needs renovation,100.0,,,2.0
750000.0,Porto,Vila do Conde,Vila do Conde,House,C,,276.0,0.0,,,2002.0,C,,True,False,False,5.0,4.0,1.0,,276.0,192.0,300.0,4.0
290000.0,Porto,Maia,Vila Nova da Telha,House,,,55.0,1.0,,,1977.0,NC,2024-11-05 16:09:38.793,False,False,False,3.0,1.0,1.0,,55.0,,,2.0
128000.0,Porto,Marco de Canaveses,Penhalonga e Paços de Gaiolo,House,,,44.0,0.0,,,1937.0,NC,2024-11-04 15:51:59.127,False,False,False,3.0,3.0,,,88.0,,,2.0
254900.0,Porto,Lousada,Lustosa e Barrosas (Santo Estêvão),House,,,189.0,0.0,,,2010.0,NC,2024-11-04 15:09:50.937,True,False,False,3.0,3.0,0.0,,336.0,,,2.0
137000.0,Porto,Vila Nova de Gaia,Oliveira do Douro,House,,,41.0,1.0,,,1937.0,NC,,False,False,False,2.0,1.0,0.0,New,35.0,41.0,41.5,1.0
450000.0,Porto,Trofa,Bougado (São Martinho e Santiago),House,A,,398.0,0.0,,,2015.0,A,,True,True,False,3.0,3.0,0.0,,263.0,461.0,,6.0
325000.0,Porto,Vila do Conde,"Bagunte, Ferreiró, Outeiro Maior e Parada",House,,,138.0,0.0,,,2005.0,NC,2023-07-31 09:09:34.667,True,False,True,4.0,3.0,1.0,,138.0,490.0,188.0,3.0
167500.0,Porto,Trofa,Coronado (São Romão e São Mamede),House,D,,88.0,0.0,,,1944.0,D,,True,False,False,3.0,2.0,0.0,Used,59.0,499.0,,1.0
495000.0,Porto,Trofa,Bougado (São Martinho e Santiago),House,A+,,134.0,0.0,,,,A+,2024-11-06 17:32:11.460,True,False,False,3.0,3.0,0.0,,134.0,472.0,230.0,0.0
155000.0,Porto,Amarante,Mancelos,House,G,,140.0,0.0,,,1937.0,G,2024-11-06 15:20:05.867,False,False,False,5.0,2.0,1.0,,140.0,36262.0,,1.0
95000.0,Porto,Amarante,Candemil,House,,,36.0,0.0,,,1937.0,NC,2024-11-06 10:13:00.937,False,False,False,3.0,2.0,1.0,Good condition,36.0,75.0,72.0,2.0
89000.0,Porto,Marco de Canaveses,"Várzea, Aliviada e Folhada",House,E,,64.0,0.0,,,1968.0,E,2024-11-07 10:51:50.140,False,False,False,3.0,1.0,2.0,,64.0,64.0,,2.0
315000.0,Porto,Gondomar,"Gondomar (São Cosme), Valbom e Jovim",House,C,,123.0,0.0,,,2006.0,C,2024-11-07 12:33:09.027,True,False,False,3.0,3.0,1.0,,123.0,,226.0,3.0
354000.0,Porto,Valongo,Valongo,House,D,,225.0,1.0,,,2003.0,D,2024-11-07 18:39:37.403,False,False,False,3.0,4.0,4.0,,225.0,346.0,337.0,4.0
190000.0,Porto,Santo Tirso,Lamelas e Guimarei,House,F,,266.0,1.0,,,1991.0,F,2024-11-07 17:59:24.720,False,False,False,5.0,4.0,0.0,,266.0,1003.0,266.0,2.0
290000.0,Porto,Vila Nova de Gaia,Gulpilhares e Valadares,House,E,,247.0,0.0,,,1993.0,E,,True,False,False,3.0,5.0,0.0,Like new,247.0,,,4.0
50000.0,Porto,Matosinhos,"Custóias, Leça do Balio e Guifões",House,,,45.0,0.0,,,1950.0,NC,2024-11-07 15:49:07.227,False,False,False,6.0,3.0,0.0,,45.0,90.0,47.8,1.0
310000.0,Porto,Matosinhos,São Mamede de Infesta e Senhora da Hora,House,D,,160.0,0.0,,,1965.0,D,,True,False,True,9.0,5.0,1.0,,160.0,276.0,,3.0
690000.0,Porto,Vila Nova de Gaia,"Sandim, Olival, Lever e Crestuma",House,D,,510.0,0.0,,,1988.0,D,2024-11-07 10:56:34.547,True,False,False,7.0,6.0,2.0,Good condition,510.0,2500.0,630.82,6.0
335000.0,Porto,Póvoa de Varzim,Aguçadoura e Navais,House,B-,,129.0,0.0,,,2011.0,B-,2024-11-07 10:33:56.800,True,False,False,3.0,3.0,0.0,,225.0,420.0,225.0,2.0
50000.0,Porto,Baião,Santa Marinha do Zêzere,House,F,,53.0,0.0,,,1937.0,F,,False,False,False,3.0,2.0,1.0,Reasonable,127.0,93.0,73.56,1.0
419000.0,Porto,Penafiel,Penafiel,House,A,,300.0,1.0,,,1937.0,A,2024-11-08 09:57:42.613,False,False,False,6.0,4.0,0.0,Good condition,300.0,4400.0,300.0,3.0
135000.0,Porto,Vila Nova de Gaia,Canidelo,House,F,,65.0,0.0,,,1951.0,F,2024-11-08 13:07:05.797,False,False,False,5.0,3.0,2.0,,65.0,,,2.0
70000.0,Porto,Vila Nova de Gaia,Canidelo,House,D,,50.0,0.0,,,1951.0,D,2024-11-08 21:37:50.477,False,False,False,3.0,1.0,,,50.0,,,1.0
120000.0,Porto,Vila Nova de Gaia,Canidelo,House,D,,36.0,0.0,,,1951.0,D,2024-11-08 21:42:34.570,False,False,False,3.0,1.0,1.0,,36.0,,,1.0
420000.0,Porto,Vila Nova de Gaia,Canidelo,House,D,,281.0,0.0,,,1951.0,D,2024-11-08 22:57:44.700,False,False,False,3.0,10.0,,,281.0,1583.0,283.0,6.0
339000.0,Porto,Vila Nova de Gaia,Pedroso e Seixezelo,House,D,,144.0,0.0,,,1968.0,D,2024-11-08 11:36:33.747,True,False,False,7.0,4.0,0.0,,144.0,350.0,,2.0
480000.0,Porto,Maia,Nogueira e Silva Escura,House,C,,144.0,0.0,,,2016.0,C,2024-11-08 09:06:51.710,True,False,False,7.0,2.0,2.0,Like new,144.0,931.0,182.4,3.0
980000.0,Porto,Maia,Cidade da Maia,House,C,,300.0,1.0,,,1969.0,C,2024-11-08 18:46:55.940,False,False,False,3.0,4.0,1.0,,300.0,1200.0,300.0,4.0
750000.0,Porto,Vila Nova de Gaia,Canidelo,House,D,,377.0,0.0,,,1951.0,D,2024-11-08 21:42:02.327,False,False,False,3.0,14.0,0.0,,377.0,,482.0,7.0
650000.0,Porto,Vila Nova de Gaia,Canidelo,House,D,,434.0,0.0,,,1951.0,D,2024-11-08 22:53:08.137,False,False,False,3.0,15.0,0.0,,434.0,1700.0,434.0,10.0
165000.0,Porto,Matosinhos,"Custóias, Leça do Balio e Guifões",House,,,338.0,1.0,,,1971.0,NC,,False,False,False,3.0,2.0,0.0,,338.0,,,2.0
165000.0,Porto,Matosinhos,"Custóias, Leça do Balio e Guifões",House,C,,69.0,0.0,,,2017.0,C,2024-11-08 12:31:06.337,False,False,False,2.0,2.0,0.0,,82.0,,,1.0
80000.0,Porto,Vila Nova de Gaia,Canidelo,House,E,,44.0,0.0,,,1951.0,E,2024-11-08 21:35:33.120,False,False,False,3.0,2.0,,,44.0,,,1.0
120000.0,Porto,Vila Nova de Gaia,Canidelo,House,E,,39.0,0.0,,,1951.0,E,2024-11-08 21:40:43.233,False,False,False,3.0,1.0,1.0,,39.0,,,1.0
230000.0,Porto,Vila Nova de Gaia,Canidelo,House,D,,153.0,0.0,,,1988.0,D,2024-11-08 22:52:34.220,False,False,False,3.0,5.0,3.0,,153.0,,182.0,3.0
480000.0,Porto,Porto,Campanhã,House,C,,141.0,0.0,,,1946.0,C,,False,False,False,3.0,3.0,0.0,,141.0,197.0,167.41,2.0
475000.0,Porto,Vila do Conde,Mindelo,House,B-,,292.0,0.0,,,2008.0,B-,2024-11-08 09:58:10.173,True,False,False,6.0,3.0,0.0,Good condition,292.0,308.0,292.0,2.0
135000.0,Porto,Vila Nova de Gaia,Canidelo,House,E,,44.0,0.0,,,1951.0,E,2024-11-08 21:44:00.367,False,False,False,4.0,2.0,1.0,,44.0,,50.0,1.0
280000.0,Porto,Vila Nova de Gaia,Canidelo,House,,,110.0,1.0,,,1978.0,NC,2024-11-08 13:07:04.077,False,False,False,4.0,3.0,3.0,Needs renovation,110.0,1466.0,126.0,5.0
130000.0,Porto,Vila Nova de Gaia,Canidelo,House,E,,66.0,0.0,,,1951.0,E,2024-11-08 21:39:13.333,False,False,False,4.0,2.0,1.0,,66.0,,,1.0
130000.0,Porto,Vila Nova de Gaia,Canidelo,House,E,,47.0,0.0,,,1951.0,E,2024-11-08 21:44:34.747,False,False,False,4.0,2.0,1.0,,47.0,,,1.0
510000.0,Porto,Vila do Conde,Vilar de Pinheiro,House,E,,457.0,0.0,,,1992.0,E,2024-11-11 18:47:58.217,True,False,False,7.0,4.0,2.0,Used,457.0,1596.0,492.0,6.0
540000.0,Porto,Maia,Cidade da Maia,House,B,,224.0,0.0,,,1998.0,B,2024-11-11 12:24:29.953,True,False,False,5.0,4.0,1.0,Like new,224.0,326.0,381.0,5.0
259000.0,Porto,Maia,Moreira,House,D,,144.0,0.0,,,1967.0,D,2024-11-11 17:14:10.167,False,False,False,6.0,4.0,0.0,,140.0,150.0,144.0,2.0
180000.0,Porto,Trofa,Bougado (São Martinho e Santiago),House,E,,150.0,1.0,,,1988.0,E,2024-11-11 16:18:32.023,False,False,False,3.0,3.0,0.0,,150.0,432.0,300.0,1.0
134900.0,Porto,Paredes,Rebordosa,House,F,,130.0,1.0,,,1937.0,F,,False,False,False,3.0,2.0,0.0,,130.0,226.0,,1.0
135000.0,Porto,Amarante,"Aboadela, Sanche e Várzea",House,E,,120.0,0.0,,,2012.0,E,2024-11-11 09:53:29.543,True,False,False,3.0,3.0,2.0,,240.0,,,2.0
479900.0,Porto,Póvoa de Varzim,Balazar,House,,,190.0,0.0,,,1937.0,NC,,False,False,False,3.0,3.0,0.0,,290.0,690.0,,2.0
760000.0,Porto,Maia,Cidade da Maia,House,A,,282.0,0.0,,,2023.0,A,,True,False,False,6.0,4.0,1.0,New,282.0,415.0,413.5,6.0
298000.0,Porto,Matosinhos,"Custóias, Leça do Balio e Guifões",House,B-,,57.0,1.0,,,1951.0,B-,,False,False,False,3.0,2.0,1.0,,57.0,182.0,115.2,3.0
420000.0,Porto,Porto,Ramalde,House,D,,101.0,0.0,,,1958.0,D,2024-11-12 15:27:40.760,False,False,False,4.0,3.0,1.0,,101.0,127.0,,2.0
329000.0,Porto,Gondomar,Rio Tinto,House,,,66.0,0.0,,,1951.0,NC,,True,False,False,3.0,2.0,1.0,,66.0,329.0,,1.0
198000.0,Porto,Gondomar,Baguim do Monte,House,D,,147.0,0.0,,,1984.0,D,,False,False,False,5.0,5.0,0.0,Reasonable,147.0,440.0,,2.0
225000.0,Porto,Marco de Canaveses,Tabuado,House,F,,110.0,1.0,,,2003.0,F,2024-11-12 10:45:02.103,False,False,False,3.0,5.0,1.0,,1765.0,,,2.0
365000.0,Porto,Vila Nova de Gaia,Gulpilhares e Valadares,House,D,,166.0,1.0,,,1992.0,D,2024-06-28 16:49:43.683,True,False,False,3.0,3.0,,Like new,135.0,,166.0,3.0
250000.0,Porto,Gondomar,Rio Tinto,House,F,,120.0,0.0,,,1951.0,F,,True,False,False,6.0,5.0,1.0,Reasonable,120.0,340.0,,2.0
275000.0,Porto,Felgueiras,"Margaride (Santa Eulália), Várzea, Lagares, Varziela e Moure",House,D,,224.0,1.0,,,1990.0,D,2024-11-13 14:07:32.483,False,False,False,3.0,4.0,0.0,,264.0,445.0,,2.0
980000.0,Porto,Vila Nova de Gaia,São Felix da Marinha,House,A,,242.0,0.0,,,2010.0,A,2024-11-12 22:30:25.777,True,False,True,3.0,4.0,1.0,,242.0,441.0,351.0,4.0
448000.0,Porto,Santo Tirso,"Areias, Sequeiró, Lama e Palmeira",House,E,,221.0,1.0,,,2012.0,E,2024-11-12 16:01:35.470,False,False,False,6.0,3.0,2.0,,221.0,550.0,,4.0
170000.0,Porto,Porto,Campanhã,House,F,,53.0,1.0,,,1935.0,F,2024-11-13 18:48:27.240,False,False,False,5.0,3.0,0.0,,53.0,,70.0,2.0
259900.0,Porto,Lousada,Lustosa e Barrosas (Santo Estêvão),House,,,189.0,0.0,,,2010.0,NC,2024-11-12 16:37:22.603,True,False,False,3.0,3.0,0.0,,336.0,,,2.0
950000.0,Porto,Porto,Bonfim,House,B,,218.0,0.0,,,2016.0,B,,False,False,False,5.0,4.0,1.0,,218.0,364.0,218.0,5.0
370000.0,Porto,Santo Tirso,"Santo Tirso, Couto (Santa Cristina e São Miguel) e Burgães",House,D,,271.0,0.0,,,2022.0,D,,True,False,False,8.0,6.0,0.0,,271.0,966.0,,3.0
750000.0,Porto,Penafiel,Rio Mau,House,B,,355.0,0.0,,,2022.0,B,2024-11-14 09:37:47.720,True,False,True,3.0,4.0,4.0,,355.0,1855.0,377.7,4.0
595000.0,Porto,Vila Nova de Gaia,Canidelo,House,A,,373.0,1.0,,,2011.0,A,2024-11-14 16:45:06.537,False,False,False,3.0,3.0,0.0,,143.0,,,4.0
794900.0,Porto,Matosinhos,"Custóias, Leça do Balio e Guifões",House,,,250.0,0.0,,,2024.0,NC,,True,False,True,4.0,3.0,1.0,New,250.0,377.0,372.88,3.0
210000.0,Porto,Gondomar,Fânzeres e São Pedro da Cova,House,,,185.0,1.0,,,1950.0,NC,2024-11-14 12:15:48.510,False,False,False,5.0,2.0,1.0,Needs renovation,185.0,338.0,185.0,2.0
750000.0,Porto,Vila Nova de Gaia,Canidelo,House,C,,300.0,1.0,,,1950.0,C,2024-08-02 10:23:49.827,True,False,True,8.0,5.0,2.0,Used,300.0,1691.0,391.0,5.0
86000.0,Porto,Santo Tirso,"Santo Tirso, Couto (Santa Cristina e São Miguel) e Burgães",House,,,43.0,0.0,,,1958.0,NC,,False,False,False,3.0,2.0,0.0,,87.0,843.0,87.0,1.0
205000.0,Porto,Santo Tirso,"Areias, Sequeiró, Lama e Palmeira",House,B,,121.0,1.0,,,2016.0,B,2024-11-14 12:08:35.210,False,False,False,4.0,3.0,1.0,,121.0,465.0,121.5,2.0
69000.0,Porto,Felgueiras,Pombeiro de Ribavizela,House,,,1917.0,0.0,,,1940.0,NC,,False,False,False,3.0,0.0,0.0,,1917.0,,,0.0
350000.0,Porto,Vila Nova de Gaia,Santa Marinha e São Pedro da Afurada,House,,,450.0,0.0,,,1937.0,NC,2024-11-14 17:41:14.857,True,False,False,3.0,0.0,0.0,,182.0,450.0,65.0,3.0
139000.0,Porto,Matosinhos,São Mamede de Infesta e Senhora da Hora,House,D,,34.0,0.0,,,1937.0,D,2024-11-14 16:14:10.647,False,False,False,1.0,0.0,0.0,Like new,34.0,,34.54,1.0
295000.0,Porto,Paredes,Baltar,House,D,,209.0,1.0,,,2003.0,D,2024-07-25 14:26:03.510,False,False,False,3.0,3.0,1.0,,209.0,,,3.0
90000.0,Porto,Marco de Canaveses,Paredes de Viadores e Manhuncelos,House,D,,96.0,0.0,,,1950.0,D,,False,False,False,4.0,2.0,1.0,Reasonable,85.0,2061.0,192.0,2.0
270000.0,Porto,Maia,Águas Santas,House,D,,140.0,0.0,,,1973.0,D,,True,False,False,3.0,4.0,0.0,,140.0,,152.0,2.0
220000.0,Porto,Lousada,"Silvares, Pias, Nogueira e Alvarenga",House,D,,176.0,1.0,,,1993.0,D,,False,False,False,3.0,3.0,0.0,,176.0,,,2.0
275000.0,Porto,Valongo,Ermesinde,House,D,,168.0,0.0,,,1995.0,D,,True,False,False,3.0,3.0,1.0,,168.0,,198.0,3.0
612000.0,Porto,Santo Tirso,"Santo Tirso, Couto (Santa Cristina e São Miguel) e Burgães",House,F,,385.0,1.0,,,2001.0,F,2024-11-15 16:36:31.357,True,False,False,9.0,4.0,3.0,Like new,262.0,910.0,520.0,8.0
335000.0,Porto,Gondomar,Rio Tinto,House,D,,370.0,0.0,,,1997.0,D,2024-11-15 15:36:08.540,True,False,False,3.0,4.0,,,186.0,,,4.0
428000.0,Porto,Vila Nova de Gaia,Canidelo,House,C,,154.0,0.0,,,2012.0,C,2024-11-15 18:24:32.500,True,False,False,3.0,3.0,,,154.0,,197.0,4.0
63500.0,Porto,Felgueiras,Torrados e Sousa,House,,,789.0,1.0,,,1937.0,NC,,False,False,False,3.0,0.0,0.0,,229.0,,,0.0
175000.0,Porto,Matosinhos,São Mamede de Infesta e Senhora da Hora,House,,,29.0,0.0,,,1988.0,NC,2024-11-15 13:11:20.693,False,False,False,2.0,1.0,0.0,New,29.0,29.0,,1.0
180000.0,Porto,Baião,Gestaçô,House,D,,156.0,0.0,,,2009.0,D,2024-11-15 23:05:17.597,False,False,False,3.0,4.0,0.0,,156.0,400.0,232.0,2.0
452000.0,Porto,Vila do Conde,Vila Chã,House,A+,,277.0,1.0,,,2010.0,A+,2024-08-16 16:21:45.210,False,False,False,3.0,4.0,3.0,,277.0,,355.0,3.0
112000.0,Porto,Penafiel,Oldrões,House,F,,80.0,0.0,,,2001.0,F,,True,False,False,5.0,2.0,0.0,,53.0,,95.0,1.0
65000.0,Porto,Gondomar,Fânzeres e São Pedro da Cova,House,G,,55.0,0.0,,,1981.0,G,2024-11-15 17:19:18.577,False,False,False,3.0,1.0,0.0,Needs renovation,55.0,55.0,,0.0
195000.0,Porto,Porto,Paranhos,House,E,,96.0,0.0,,,1957.0,E,,False,False,False,3.0,2.0,0.0,,96.0,117.0,,2.0
215000.0,Porto,Porto,"Cedofeita, Santo Ildefonso, Sé, Miragaia, São Nicolau e Vitória",House,,,49.0,0.0,,,1937.0,NC,2024-11-16 10:30:35.723,False,False,False,3.0,2.0,1.0,,33.0,49.0,49.0,1.0
285000.0,Porto,Porto,"Cedofeita, Santo Ildefonso, Sé, Miragaia, São Nicolau e Vitória",House,D,,66.0,1.0,,,1966.0,D,2024-11-18 14:42:13.693,False,False,False,3.0,3.0,3.0,,66.0,,99.0,3.0
215000.0,Porto,Porto,"Cedofeita, Santo Ildefonso, Sé, Miragaia, São Nicolau e Vitória",House,,,90.0,1.0,,,1966.0,NC,2024-11-18 14:44:08.410,False,False,False,3.0,3.0,2.0,,39.0,,90.0,2.0
335000.0,Porto,Porto,"Cedofeita, Santo Ildefonso, Sé, Miragaia, São Nicolau e Vitória",House,C,,81.0,1.0,,,2022.0,C,,False,True,False,4.0,1.0,0.0,Like new,81.0,81.0,93.48,1.0
475000.0,Porto,Vila Nova de Gaia,Canelas,House,F,,156.0,0.0,,,1964.0,F,2024-11-18 17:57:01.363,True,False,False,6.0,4.0,0.0,,186.0,5300.0,,0.0
580000.0,Porto,Póvoa de Varzim,"Póvoa de Varzim, Beiriz e Argivai",House,A,,305.0,1.0,,,2021.0,A,2024-11-18 12:30:45.997,False,False,False,3.0,4.0,3.0,,290.0,815.0,,3.0
420000.0,Porto,Vila Nova de Gaia,São Felix da Marinha,House,C,,168.0,0.0,,,2000.0,C,2024-11-18 10:21:13.373,True,False,True,4.0,3.0,2.0,Like new,168.0,298.0,,4.0
150000.0,Porto,Matosinhos,Matosinhos e Leça da Palmeira,House,,,37.0,0.0,,,1938.0,NC,2024-11-18 18:09:16.617,False,False,False,4.0,3.0,,Needs renovation,37.0,267.0,37.0,1.0
285000.0,Porto,Valongo,Valongo,House,F,,140.0,0.0,,,1997.0,F,2024-11-18 15:31:59.707,True,False,False,3.0,3.0,2.0,,140.0,245.0,225.0,4.0
157500.0,Porto,Santo Tirso,"Santo Tirso, Couto (Santa Cristina e São Miguel) e Burgães",House,D,,94.0,1.0,,,2002.0,D,,False,False,False,4.0,3.0,0.0,,94.0,,131.9,1.0
175000.0,Porto,Matosinhos,São Mamede de Infesta e Senhora da Hora,House,,,29.0,0.0,,,1988.0,NC,2024-11-15 13:11:20.693,False,False,False,2.0,1.0,0.0,New,29.0,29.0,,1.0
420000.0,Porto,Póvoa de Varzim,"Aver-o-Mar, Amorim e Terroso",House,C,,230.0,0.0,,,1988.0,C,2024-11-18 15:47:11.937,True,False,False,6.0,3.0,2.0,Good condition,230.0,166.0,,2.0
225000.0,Porto,Matosinhos,"Custóias, Leça do Balio e Guifões",House,E,,219.0,0.0,,,1981.0,E,,True,False,False,3.0,3.0,0.0,,187.0,356.0,,0.0
100000.0,Porto,Paços de Ferreira,Penamaior,House,,,90.0,1.0,,,1937.0,NC,2024-11-18 17:25:59.137,False,False,False,3.0,1.0,0.0,,81.0,500.0,90.0,1.0
750000.0,Porto,Trofa,Muro,House,D,,437.0,1.0,,,1953.0,D,2024-11-18 19:36:05.790,True,False,False,3.0,7.0,,Reasonable,437.0,7123.0,762.0,9.0
850000.0,Porto,Porto,"Aldoar, Foz do Douro e Nevogilde",House,D,,149.0,0.0,,,2000.0,D,,False,False,False,3.0,3.0,0.0,Good condition,115.0,96.0,,3.0
170000.0,Porto,Marco de Canaveses,Sande e São Lourenço,House,C,,141.0,1.0,,,1937.0,C,2024-09-05 18:05:46.237,False,False,False,3.0,3.0,2.0,,217.0,441.0,,2.0
255000.0,Porto,Porto,Paranhos,House,F,,243.0,0.0,,,1951.0,F,2024-11-19 16:29:41.253,True,False,False,3.0,3.0,0.0,Needs renovation,243.0,283.0,282.96,3.0
139900.0,Porto,Vila Nova de Gaia,Oliveira do Douro,House,,,35.0,0.0,,,1971.0,NC,2024-11-19 10:07:07.917,False,False,False,2.0,1.0,,Used,35.0,70.0,,1.0
247000.0,Porto,Penafiel,Termas de São Vicente,House,E,,80.0,1.0,,,1981.0,E,2024-11-19 09:41:14.917,False,False,False,3.0,3.0,0.0,,80.0,338.0,,0.0
790000.0,Porto,Póvoa de Varzim,"Póvoa de Varzim, Beiriz e Argivai",House,A+,,194.0,0.0,,,2006.0,A+,,True,False,False,3.0,3.0,1.0,,194.0,1100.0,,4.0
640000.0,Porto,Vila Nova de Gaia,Gulpilhares e Valadares,House,B,,168.0,0.0,,,2010.0,B,2024-11-19 12:21:38.590,True,False,False,3.0,3.0,1.0,Good condition,157.0,,303.0,3.0
600000.0,Porto,Vila Nova de Gaia,Canidelo,House,A,,271.0,0.0,,,2011.0,A,,True,False,False,6.0,5.0,2.0,Like new,271.0,297.0,464.23,5.0
130000.0,Porto,Santo Tirso,Aves,House,F,,71.0,0.0,,,1973.0,F,2024-11-19 14:34:24.197,False,False,False,3.0,2.0,1.0,,116.0,,,1.0
375000.0,Porto,Vila do Conde,Azurara,House,E,,160.0,0.0,,,1984.0,E,,True,False,False,3.0,4.0,0.0,,160.0,486.0,222.34,2.0
299000.0,Porto,Maia,Nogueira e Silva Escura,House,D,,152.0,0.0,,,1974.0,D,2024-11-19 12:03:48.280,True,False,False,3.0,4.0,,,152.0,450.0,156.0,2.0
389000.0,Porto,Maia,Castêlo da Maia,House,D,,258.0,0.0,,,2000.0,D,,True,False,False,4.0,3.0,0.0,,258.0,,,3.0
850000.0,Porto,Gondomar,"Gondomar (São Cosme), Valbom e Jovim",House,D,,270.0,1.0,,,1980.0,D,2024-11-20 15:56:32.330,False,False,False,9.0,5.0,3.0,Used,270.0,925.0,337.0,6.0
110000.0,Porto,Vila Nova de Gaia,Canelas,House,E,,56.0,1.0,,,1976.0,E,2024-11-20 15:02:59.833,False,False,False,3.0,2.0,,Reasonable,56.0,,56.0,1.0
795000.0,Porto,Porto,Lordelo do Ouro e Massarelos,House,A+,,176.0,0.0,,,,A+,2024-11-20 18:07:46.427,True,False,True,10.0,4.0,2.0,New,176.0,44.0,176.0,5.0
220000.0,Porto,Penafiel,Eja,House,F,,226.0,0.0,,,1937.0,F,2024-11-20 17:31:54.067,False,False,False,3.0,3.0,0.0,,226.0,3000.0,,0.0
107000.0,Porto,Porto,Ramalde,House,E,,264.0,0.0,,,1951.0,E,2024-11-21 17:18:09.367,False,False,False,5.0,4.0,0.0,,241.0,,274.0,2.0
280000.0,Porto,Vila Nova de Gaia,Mafamude e Vilar do Paraíso,House,D,,61.0,1.0,,,1999.0,D,2024-11-21 18:50:36.363,False,False,True,3.0,2.0,0.0,Good condition,61.0,195.0,195.0,1.0
325000.0,Porto,Felgueiras,Torrados e Sousa,House,F,,236.0,1.0,,,1998.0,F,,False,False,False,3.0,3.0,0.0,,821.0,,,1.0
229900.0,Porto,Vila Nova de Gaia,Gulpilhares e Valadares,House,E,,147.0,0.0,,,1964.0,E,2024-11-21 12:13:38.500,True,False,False,3.0,3.0,0.0,Reasonable,147.0,533.0,,1.0
276000.0,Porto,Gondomar,Fânzeres e São Pedro da Cova,House,E,,185.0,1.0,,,1983.0,E,2024-11-21 16:10:34.317,True,False,False,6.0,4.0,1.0,,185.0,740.0,373.0,3.0
175000.0,Porto,Porto,Paranhos,House,,,34.0,0.0,,,2024.0,NC,2024-11-21 15:16:39.513,False,False,False,3.0,1.0,0.0,,34.0,,48.0,1.0
350000.0,Porto,Amarante,"Amarante (São Gonçalo), Madalena, Cepelos e Gatão",House,E,,286.0,1.0,,,1971.0,E,,False,False,False,3.0,4.0,2.0,Used,286.0,690.0,318.0,4.0
120000.0,Porto,Penafiel,Capela,House,,,63.0,1.0,,,1937.0,NC,,False,False,False,3.0,2.0,0.0,,85.0,138.0,63.0,0.0
535000.0,Porto,Gondomar,Baguim do Monte,House,A,,161.0,0.0,,,,A,2024-11-22 16:22:56.423,True,False,True,14.0,4.0,0.0,New,260.0,301.0,261.0,5.0
120000.0,Porto,Felgueiras,"Margaride (Santa Eulália), Várzea, Lagares, Varziela e Moure",House,,,360.0,0.0,,,2023.0,NC,2024-11-22 16:06:34.900,True,False,False,3.0,3.0,1.0,,240.0,,,3.0
82000.0,Porto,Amarante,Travanca,House,,,110.0,0.0,,,1959.0,NC,2024-11-22 12:00:57.753,False,False,False,3.0,3.0,0.0,,110.0,3365.0,,0.0
350000.0,Porto,Vila do Conde,Vila do Conde,House,,,192.0,0.0,,,1974.0,NC,2024-11-22 11:54:16.567,True,False,False,6.0,5.0,0.0,Reasonable,192.0,,222.0,3.0
420000.0,Porto,Amarante,"Amarante (São Gonçalo), Madalena, Cepelos e Gatão",House,A+,,150.0,1.0,,,1994.0,A+,2024-11-22 17:35:52.593,False,False,False,3.0,4.0,0.0,Like new,358.0,2550.0,,4.0
162000.0,Porto,Gondomar,"Gondomar (São Cosme), Valbom e Jovim",House,,,463.0,0.0,,,1951.0,NC,,True,False,False,3.0,5.0,0.0,,463.0,2217.0,,0.0
299000.0,Porto,Amarante,Figueiró (Santiago e Santa Cristina),House,F,,290.0,1.0,,,2009.0,F,2024-11-25 16:57:08.973,False,False,False,3.0,4.0,0.0,,290.0,1600.0,,3.0
90000.0,Porto,Marco de Canaveses,Paredes de Viadores e Manhuncelos,House,D,,96.0,0.0,,,1950.0,D,2024-11-25 13:59:35.867,False,False,False,4.0,2.0,1.0,Reasonable,96.0,111.0,96.0,2.0
360000.0,Porto,Matosinhos,São Mamede de Infesta e Senhora da Hora,House,,,146.0,0.0,,,1962.0,NC,2024-11-25 15:18:33.680,True,False,False,3.0,3.0,0.0,Good condition,116.0,262.0,146.0,2.0
350000.0,Porto,Maia,Cidade da Maia,House,D,,235.0,0.0,,,2019.0,D,2024-11-25 16:13:42.993,True,False,False,3.0,4.0,,,212.0,,,3.0
115000.0,Porto,Marco de Canaveses,Bem Viver,House,F,,70.0,1.0,,,1951.0,F,2024-11-25 17:27:05.063,False,False,False,3.0,2.0,0.0,Needs renovation,140.0,240.0,,1.0
620000.0,Porto,Vila Nova de Gaia,Canidelo,House,B,,260.0,0.0,,,2003.0,B,2024-11-25 16:31:45.400,True,False,False,5.0,4.0,1.0,Good condition,259.0,,364.0,5.0
298000.0,Porto,Maia,Cidade da Maia,House,D,,218.0,0.0,,,1996.0,D,2024-11-25 10:28:00.167,True,False,False,3.0,3.0,3.0,Reasonable,258.0,,323.0,5.0
429000.0,Porto,Porto,"Cedofeita, Santo Ildefonso, Sé, Miragaia, São Nicolau e Vitória",House,,,164.0,0.0,,,1967.0,NC,2024-11-25 17:38:05.210,False,False,False,3.0,4.0,0.0,,164.0,160.0,,4.0
424900.0,Porto,Vila Nova de Gaia,Gulpilhares e Valadares,House,C,,205.0,0.0,,,2007.0,C,,True,False,False,6.0,5.0,0.0,,188.0,,311.0,4.0
145000.0,Porto,Baião,Campelo e Ovil,House,,,180.0,0.0,,,1937.0,NC,,False,False,False,3.0,4.0,1.0,Needs renovation,432.0,892.0,,1.0
150000.0,Porto,Baião,Campelo e Ovil,House,,,84.0,0.0,,,1937.0,NC,,False,False,False,3.0,2.0,1.0,,129.0,499.0,,1.0
90000.0,Porto,Lousada,"Cristelos, Boim e Ordem",House,E,,57.0,1.0,,,1976.0,E,,False,False,False,3.0,3.0,1.0,,57.0,305.0,,1.0
57500.0,Porto,Paredes,Baltar,House,,,50.0,0.0,,,1937.0,NC,2024-11-27 14:47:50,False,False,False,3.0,3.0,1.0,,50.0,445.0,,1.0
520000.0,Porto,Vila Nova de Gaia,São Felix da Marinha,House,E,,138.0,0.0,,,1983.0,E,,True,False,False,4.0,3.0,,,138.0,2632.0,,4.0
59900.0,Porto,Matosinhos,"Custóias, Leça do Balio e Guifões",House,,,80.0,0.0,,,1975.0,NC,2024-11-27 12:46:18,False,False,False,3.0,3.0,0.0,Needs renovation,80.0,187.0,,0.0
330000.0,Porto,Marco de Canaveses,Constance,House,A,,135.0,0.0,,,2015.0,A,,True,False,False,3.0,3.0,2.0,,165.0,,,2.0
175000.0,Porto,Póvoa de Varzim,"Aver-o-Mar, Amorim e Terroso",House,,,90.0,0.0,,,1966.0,NC,2024-11-26 17:12:55,False,False,False,3.0,2.0,1.0,,90.0,237.0,122.0,2.0
87500.0,Porto,Trofa,Alvarelhos e Guidões,House,A,,92.0,0.0,,,1950.0,A,,False,False,False,3.0,3.0,0.0,,64.0,863.0,,1.0
448000.0,Porto,Paredes,Gandra,House,C,,280.0,0.0,,,2006.0,C,,True,False,False,3.0,5.0,0.0,Good condition,280.0,1500.0,420.0,4.0
380000.0,Porto,Paços de Ferreira,Seroa,House,A+,,373.0,1.0,,,1994.0,A+,,False,False,False,3.0,6.0,1.0,Used,373.0,926.0,632.48,4.0
270000.0,Porto,Santo Tirso,"Santo Tirso, Couto (Santa Cristina e São Miguel) e Burgães",House,B,,165.0,0.0,,,2003.0,B,2024-02-16 17:08:36,False,False,False,3.0,3.0,2.0,,165.0,700.0,165.0,2.0
549000.0,Porto,Marco de Canaveses,Marco,House,,,255.0,0.0,,,2007.0,NC,,True,False,False,3.0,4.0,0.0,,255.0,3400.0,,4.0
190000.0,Porto,Vila Nova de Gaia,Gulpilhares e Valadares,House,E,,120.0,1.0,,,1964.0,E,,False,False,False,3.0,3.0,2.0,Needs renovation,120.0,698.0,,2.0
165000.0,Porto,Amarante,Lomba,House,F,,100.0,1.0,,,1937.0,F,,False,False,False,3.0,3.0,1.0,,100.0,998.0,201.0,2.0
159000.0,Porto,Vila Nova de Gaia,Mafamude e Vilar do Paraíso,House,D,,101.0,0.0,,,1991.0,D,,False,False,False,3.0,3.0,1.0,Good condition,101.0,187.0,,3.0
125000.0,Porto,Porto,"Cedofeita, Santo Ildefonso, Sé, Miragaia, São Nicolau e Vitória",House,E,,27.0,0.0,,,1951.0,E,2024-11-29 18:47:37.823,False,False,False,3.0,2.0,0.0,Good condition,27.0,,,0.0
350000.0,Porto,Penafiel,Guilhufe e Urrô,House,,,170.0,0.0,,,2024.0,NC,2024-11-29 10:14:38.070,True,False,False,3.0,3.0,0.0,,210.0,512.0,,3.0
430000.0,Porto,Vila Nova de Gaia,Canelas,House,A+,,194.0,1.0,,,,A+,2024-11-29 17:53:22.380,True,False,False,3.0,3.0,1.0,New,104.0,194.0,208.0,3.0
580000.0,Porto,Maia,Castêlo da Maia,House,,,318.0,0.0,,,2024.0,NC,2024-11-29 21:16:50.607,True,False,True,3.0,3.0,,,213.0,,,3.0
499000.0,Porto,Maia,Cidade da Maia,House,D,,321.0,1.0,,,2006.0,D,2024-11-29 19:06:22.733,True,False,True,7.0,4.0,,Like new,375.0,545.0,,5.0
320000.0,Porto,Porto,"Aldoar, Foz do Douro e Nevogilde",House,F,,111.0,0.0,,,1966.0,F,2024-11-28 17:17:35.617,False,False,False,5.0,2.0,1.0,Needs renovation,111.0,109.0,,2.0
255000.0,Porto,Gondomar,"Gondomar (São Cosme), Valbom e Jovim",House,F,,229.0,0.0,,,1951.0,F,2024-11-28 15:49:03.807,False,False,False,7.0,3.0,1.0,,229.0,2462.0,,2.0
312500.0,Porto,Amarante,Fregim,House,A,,148.0,0.0,,,,A,2024-11-29 14:48:19.990,True,False,False,3.0,3.0,0.0,New,148.0,,367.86,3.0
259900.0,Porto,Vila Nova de Gaia,Vilar de Andorinho,House,E,,107.0,0.0,,,1993.0,E,2024-11-29 17:57:16.090,True,False,False,3.0,2.0,2.0,Good condition,107.0,,172.0,4.0
430000.0,Porto,Maia,Castêlo da Maia,House,A,,270.0,0.0,,,2024.0,A,2024-11-29 18:00:30.600,True,False,False,3.0,3.0,1.0,,270.0,301.0,,3.0
57500.0,Porto,Baião,Valadares,House,,,56.0,0.0,,,1970.0,NC,2024-11-29 18:18:36.667,False,False,False,3.0,2.0,0.0,,56.0,436.0,,1.0
360000.0,Porto,Paredes,Aguiar de Sousa,House,C,,400.0,0.0,,,2003.0,C,,True,False,False,3.0,3.0,0.0,,400.0,1303.0,,3.0
649000.0,Porto,Vila Nova de Gaia,Canidelo,House,B,,333.0,0.0,,,2011.0,B,2024-11-29 14:39:35.950,True,False,True,4.0,4.0,0.0,Like new,304.0,,333.0,5.0
279500.0,Porto,Gondomar,Rio Tinto,House,C,,100.0,0.0,,,1970.0,C,2024-11-29 17:47:02.463,True,False,True,3.0,3.0,1.0,Good condition,100.0,144.0,144.0,4.0
650000.0,Porto,Vila Nova de Gaia,Mafamude e Vilar do Paraíso,House,F,,235.0,0.0,,,1951.0,F,2024-11-29 18:51:51.213,False,False,False,3.0,9.0,0.0,Like new,95.0,,,0.0
430000.0,Porto,Maia,Castêlo da Maia,House,A,,270.0,0.0,,,2024.0,A,2024-11-29 17:49:43.503,True,False,False,3.0,3.0,1.0,,270.0,301.0,,3.0
430000.0,Porto,Vila Nova de Gaia,Canelas,House,A+,,193.0,0.0,,,,A+,2024-11-29 17:53:48.607,True,False,False,7.0,3.0,1.0,New,103.0,193.0,206.0,3.0
150000.0,Porto,Gondomar,"Gondomar (São Cosme), Valbom e Jovim",House,D,,97.0,0.0,,,1988.0,D,2024-11-29 17:13:04.583,False,False,False,4.0,3.0,0.0,,97.0,,97.0,2.0
349500.0,Porto,Porto,Bonfim,House,F,,95.0,0.0,,,1950.0,F,2024-11-28 16:59:25.663,False,False,False,3.0,3.0,2.0,Used,94.0,,,2.0
285000.0,Porto,Vila Nova de Gaia,Arcozelo,House,F,,124.0,1.0,,,1950.0,F,2024-11-29 12:11:46.763,False,False,True,3.0,4.0,,,124.0,532.0,,1.0
312500.0,Porto,Amarante,Fregim,House,A,,148.0,0.0,,,,A,2024-11-29 14:48:23.107,True,False,False,3.0,3.0,0.0,New,148.0,,348.49,3.0
312500.0,Porto,Amarante,Fregim,House,A,,148.0,0.0,,,,A,2024-11-29 14:48:25.970,True,False,False,3.0,3.0,0.0,New,148.0,,333.36,3.0
312500.0,Porto,Amarante,Fregim,House,A,,148.0,0.0,,,1958.0,A,2024-11-29 14:48:28.483,False,False,False,3.0,3.0,0.0,New,148.0,,378.33,3.0
430000.0,Porto,Vila Nova de Gaia,Canelas,House,A+,,219.0,0.0,,,,A+,2024-11-29 17:53:36.953,True,False,False,7.0,3.0,1.0,New,119.0,219.0,238.0,3.0
430000.0,Porto,Vila Nova de Gaia,Canelas,House,A+,,240.0,0.0,,,,A+,2024-11-29 17:53:59.010,True,False,False,7.0,3.0,1.0,New,120.0,208.0,208.0,3.0
180000.0,Porto,Gondomar,Fânzeres e São Pedro da Cova,House,D,,45.0,0.0,,,1940.0,D,2024-11-29 11:52:49.883,False,False,False,5.0,2.0,1.0,Reasonable,45.0,59.0,45.0,2.0
640000.0,Porto,Matosinhos,São Mamede de Infesta e Senhora da Hora,House,E,,166.0,0.0,,,2023.0,E,2024-11-28 16:39:02.093,False,False,False,3.0,9.0,,,166.0,234.0,,9.0
875000.0,Porto,Vila Nova de Gaia,São Felix da Marinha,House,A,,450.0,0.0,,,2024.0,A,2024-11-29 17:57:53.540,True,False,False,3.0,4.0,,,300.0,524.0,,4.0
350000.0,Porto,Vila Nova de Gaia,Santa Marinha e São Pedro da Afurada,House,F,,59.0,0.0,,,1937.0,F,2024-11-29 18:23:27.227,False,False,False,3.0,1.0,1.0,Needs renovation,49.0,,,1.0
350000.0,Porto,Vila Nova de Gaia,Santa Marinha e São Pedro da Afurada,House,F,,119.0,0.0,,,1937.0,F,2024-11-29 18:23:52.787,False,False,False,3.0,8.0,8.0,Needs renovation,119.0,229.0,,8.0
180000.0,Porto,Porto,Campanhã,House,,,70.0,0.0,,,1951.0,NC,2024-07-31 08:35:31.930,False,False,False,5.0,4.0,,Needs renovation,70.0,304.0,,2.0
45000.0,Porto,Vila Nova de Gaia,Gulpilhares e Valadares,House,,,43.0,0.0,,,1989.0,NC,,False,False,False,4.0,2.0,0.0,Needs renovation,43.0,,68.0,1.0
390000.0,Porto,Vila do Conde,Touguinha e Touguinhó,House,,,292.0,0.0,,,2023.0,NC,,True,False,False,10.0,3.0,3.0,,292.0,164.0,292.0,6.0
273000.0,Porto,Marco de Canaveses,Soalhães,House,F,,180.0,0.0,,,2006.0,F,,True,False,False,3.0,3.0,0.0,,190.0,2400.0,,3.0
459500.0,Porto,Vila do Conde,Vila do Conde,House,B,,104.0,0.0,,,2020.0,B,,True,False,False,3.0,3.0,0.0,Good condition,192.0,100.0,192.0,2.0
650000.0,Porto,Vila Nova de Gaia,Mafamude e Vilar do Paraíso,House,F,,235.0,0.0,,,1951.0,F,2024-11-29 18:46:30.803,False,False,False,3.0,9.0,0.0,Like new,30.0,,,0.0
72500.0,Porto,Vila Nova de Gaia,Gulpilhares e Valadares,House,,,87.0,0.0,,,1989.0,NC,2024-11-29 12:24:21.997,False,False,False,4.0,4.0,0.0,Needs renovation,87.0,268.0,87.5,2.0
485000.0,Porto,Gondomar,Rio Tinto,House,A,,255.0,0.0,,,2021.0,A,2024-11-29 10:48:46.540,True,False,False,5.0,3.0,1.0,,227.0,418.0,,4.0
135000.0,Porto,Amarante,"Aboadela, Sanche e Várzea",House,E,,120.0,0.0,,,2012.0,E,2024-11-11 09:53:29.543,True,False,False,3.0,3.0,2.0,,240.0,,,2.0
40000.0,Porto,Baião,Frende,House,,,48.0,0.0,,,1937.0,NC,,False,False,False,3.0,2.0,0.0,,48.0,80.0,,0.0
345000.0,Porto,Matosinhos,"Custóias, Leça do Balio e Guifões",House,D,,253.0,0.0,,,1975.0,D,2024-07-08 16:59:33.100,False,False,False,3.0,3.0,0.0,Used,252.0,297.0,,2.0
133000.0,Porto,Baião,Gestaçô,House,C,,181.0,1.0,,,2001.0,C,,False,False,False,7.0,3.0,1.0,,181.0,300.0,300.0,2.0
220000.0,Porto,Amarante,Freixo de Cima e de Baixo,House,E,,114.0,1.0,,,2000.0,E,,False,False,False,8.0,3.0,0.0,,114.0,460.0,114.0,2.0
400000.0,Porto,Vila Nova de Gaia,Mafamude e Vilar do Paraíso,House,B,,120.0,1.0,,,1988.0,B,2024-12-02 18:04:12.573,False,False,False,6.0,5.0,1.0,Like new,120.0,,275.0,3.0
200000.0,Porto,Vila Nova de Gaia,Mafamude e Vilar do Paraíso,House,,,20.0,0.0,,,1937.0,NC,2024-12-02 11:28:04.137,False,False,False,3.0,1.0,,,20.0,,,1.0
98000.0,Porto,Paredes,Rebordosa,House,F,,121.0,0.0,,,2006.0,F,2024-12-03 15:35:38.610,False,False,False,3.0,4.0,1.0,,121.0,250.0,,1.0
545000.0,Porto,Vila do Conde,Rio Mau e Arcos,House,D,,240.0,0.0,,,2012.0,D,2024-12-03 15:29:54.603,True,False,True,3.0,9.0,0.0,,190.0,1035.0,,5.0
295000.0,Porto,Maia,Vila Nova da Telha,House,D,,112.0,0.0,,,1978.0,D,2024-12-03 17:14:53.753,True,False,False,4.0,3.0,0.0,Good condition,112.0,213.0,,2.0
575000.0,Porto,Matosinhos,São Mamede de Infesta e Senhora da Hora,House,C,,380.0,1.0,,,1937.0,C,2024-12-03 10:34:15.033,False,False,False,6.0,5.0,4.0,,380.0,575.0,380.0,6.0
199000.0,Porto,Felgueiras,Sendim,House,,,492.0,1.0,,,2023.0,NC,2024-12-03 10:09:18.433,False,False,False,3.0,3.0,1.0,,2121.0,,,3.0
175000.0,Porto,Baião,Campelo e Ovil,House,D,,123.0,0.0,,,1999.0,D,2024-12-02 16:36:13.547,True,False,False,3.0,3.0,,,141.0,,,2.0
245000.0,Porto,Maia,Castêlo da Maia,House,F,,198.0,1.0,,,1937.0,F,2024-12-02 16:55:50.103,False,False,False,3.0,6.0,0.0,,198.0,495.0,,0.0
290000.0,Porto,Póvoa de Varzim,"Aver-o-Mar, Amorim e Terroso",House,E,,109.0,0.0,,,1988.0,E,2024-12-02 18:20:17.053,True,False,False,3.0,3.0,,,218.0,,,2.0
492500.0,Porto,Amarante,Jazente,House,D,,152.0,0.0,,,2014.0,D,2024-12-03 19:56:19.150,True,False,False,3.0,6.0,0.0,,152.0,1120.0,372.0,4.0
895000.0,Porto,Matosinhos,Matosinhos e Leça da Palmeira,House,D,,306.0,0.0,,,2001.0,D,,True,False,True,5.0,4.0,1.0,Good condition,306.0,,452.0,6.0
850000.0,Porto,Maia,Cidade da Maia,House,B-,,438.0,0.0,,,2002.0,B-,2024-12-02 16:32:17.507,True,False,False,3.0,4.0,1.0,Like new,364.0,,,5.0
460000.0,Porto,Matosinhos,"Perafita, Lavra e Santa Cruz do Bispo",House,A,,151.0,0.0,,,2008.0,A,,True,False,False,4.0,3.0,0.0,Like new,151.0,,354.0,3.0
119000.0,Porto,Vila Nova de Gaia,Gulpilhares e Valadares,House,,,60.0,1.0,,,1989.0,NC,2024-12-02 17:17:52.040,False,False,False,4.0,2.0,0.0,Needs renovation,60.0,642.0,110.6,1.0
410000.0,Porto,Vila Nova de Gaia,Santa Marinha e São Pedro da Afurada,House,C,,127.0,1.0,,,1950.0,C,2024-11-22 15:59:35.053,False,False,False,10.0,3.0,1.0,New,127.0,447.0,127.0,3.0
58500.0,Porto,Gondomar,"Gondomar (São Cosme), Valbom e Jovim",House,,,94.0,0.0,,,1951.0,NC,2024-05-22 08:26:18.693,False,False,False,3.0,1.0,0.0,Needs renovation,94.0,307.0,151.0,1.0
490000.0,Porto,Matosinhos,Matosinhos e Leça da Palmeira,House,D,,214.0,0.0,,,1981.0,D,,True,False,False,3.0,5.0,1.0,Good condition,264.0,,420.0,3.0
299022.0,Porto,Trofa,Bougado (São Martinho e Santiago),House,B-,,283.0,0.0,,,2022.0,B-,,False,False,False,3.0,3.0,0.0,,283.0,,,3.0
950000.0,Porto,Vila Nova de Gaia,São Felix da Marinha,House,,,357.0,0.0,,,,NC,2024-12-03 17:00:04.493,True,False,True,3.0,3.0,,,357.0,452.0,,4.0
229000.0,Porto,Vila do Conde,Vilar e Mosteiró,House,,,125.0,0.0,,,1937.0,NC,,True,False,False,3.0,2.0,0.0,Reasonable,84.0,523.0,185.0,2.0
240000.0,Porto,Porto,Campanhã,House,E,,98.0,0.0,,,1966.0,E,2024-12-04 15:33:55.873,False,False,False,5.0,3.0,0.0,,98.0,88.0,,1.0
580000.0,Porto,Maia,Pedrouços,House,B,,174.0,0.0,,,2018.0,B,2024-12-04 17:04:15.033,True,False,False,11.0,3.0,1.0,Like new,131.0,330.0,224.9,3.0
280000.0,Porto,Lousada,Aveleda,House,E,,122.0,0.0,,,2006.0,E,,True,False,False,3.0,3.0,0.0,,170.0,223.0,,2.0
299900.0,Porto,Maia,Vila Nova da Telha,House,E,,51.0,1.0,,,1965.0,E,,False,False,True,3.0,2.0,1.0,,51.0,762.0,,1.0
249000.0,Porto,Maia,Pedrouços,House,C,,112.0,0.0,,,2000.0,C,,True,False,False,3.0,3.0,2.0,,111.0,220.0,,4.0
289500.0,Porto,Penafiel,Paço de Sousa,House,B-,,310.0,0.0,,,2008.0,B-,,True,False,True,3.0,3.0,1.0,,167.0,,,3.0
545000.0,Porto,Porto,Lordelo do Ouro e Massarelos,House,B,,317.0,0.0,,,1989.0,B,2024-12-04 18:32:40.943,True,False,False,8.0,4.0,3.0,,317.0,,,6.0
429900.0,Porto,Vila Nova de Gaia,Oliveira do Douro,House,D,,161.0,0.0,,,2011.0,D,2024-12-04 10:58:08.173,True,False,False,4.0,3.0,,Used,161.0,279.0,,4.0
599900.0,Porto,Vila Nova de Gaia,Gulpilhares e Valadares,House,E,,107.0,1.0,,,1973.0,E,2024-12-04 11:54:29.010,False,False,True,6.0,5.0,0.0,Good condition,106.0,157.0,107.0,3.0
300000.0,Porto,Trofa,Bougado (São Martinho e Santiago),House,D,,381.0,0.0,,,1984.0,D,,True,False,False,3.0,4.0,0.0,,254.0,245.0,,0.0
235000.0,Porto,Porto,"Cedofeita, Santo Ildefonso, Sé, Miragaia, São Nicolau e Vitória",House,,,92.0,0.0,,,1951.0,NC,2024-12-04 18:17:31.323,False,False,False,7.0,3.0,,,92.0,46.0,,1.0
120000.0,Porto,Lousada,Meinedo,House,A+,,117.0,0.0,,,1989.0,A+,,True,False,False,3.0,3.0,0.0,,220.0,930.0,,2.0
354000.0,Porto,Valongo,Valongo,House,D,,225.0,1.0,,,2003.0,D,2024-11-07 18:39:37.403,False,False,False,3.0,4.0,4.0,,225.0,346.0,337.0,4.0
210000.0,Porto,Trofa,Coronado (São Romão e São Mamede),House,D,,87.0,0.0,,,2001.0,D,2024-08-07 15:06:53.090,True,False,False,3.0,2.0,0.0,,119.0,,,1.0
145000.0,Porto,Vila Nova de Gaia,Santa Marinha e São Pedro da Afurada,House,E,,42.0,0.0,,,1981.0,E,,False,False,False,3.0,3.0,0.0,,78.0,90.0,78.5,2.0
69500.0,Porto,Felgueiras,"Margaride (Santa Eulália), Várzea, Lagares, Varziela e Moure",House,F,,149.0,0.0,,,1937.0,F,2024-12-05 15:59:25.350,False,False,False,5.0,2.0,0.0,,149.0,376.0,,0.0
240000.0,Porto,Marco de Canaveses,Bem Viver,House,D,,114.0,1.0,,,1964.0,D,,False,False,False,3.0,3.0,2.0,,130.0,398.0,,2.0
200000.0,Porto,Porto,Paranhos,House,,,50.0,0.0,,,1937.0,NC,,False,False,False,3.0,1.0,1.0,,36.0,53.0,50.0,1.0
320000.0,Porto,Maia,Nogueira e Silva Escura,House,E,,460.0,0.0,,,1974.0,E,,True,False,False,3.0,3.0,,,123.0,,,2.0
320000.0,Porto,Valongo,Ermesinde,House,E,,108.0,0.0,,,2003.0,E,,True,False,False,3.0,3.0,1.0,,108.0,135.0,159.0,2.0
96150.0,Porto,Gondomar,"Gondomar (São Cosme), Valbom e Jovim",House,,,63.0,0.0,,,1951.0,NC,,False,False,False,3.0,3.0,,Needs renovation,63.0,240.0,63.0,1.0
55000.0,Porto,Vila Nova de Gaia,Santa Marinha e São Pedro da Afurada,House,,,38.0,0.0,,,1951.0,NC,2022-02-10 18:34:03,False,False,False,3.0,1.0,0.0,Needs renovation,38.0,63.0,44.2,0.0
110000.0,Porto,Trofa,Coronado (São Romão e São Mamede),House,,,46.0,1.0,,,1937.0,NC,2024-11-29 16:23:42,False,False,False,3.0,2.0,0.0,,46.0,,315.0,1.0
350000.0,Porto,Porto,Paranhos,House,D,,162.0,0.0,,,1965.0,D,,False,False,False,11.0,3.0,1.0,Used,162.0,,174.0,3.0
345000.0,Porto,Vila Nova de Gaia,Pedroso e Seixezelo,House,E,,110.0,0.0,,,1964.0,E,,False,False,False,4.0,3.0,0.0,Like new,110.0,348.0,110.0,2.0
210000.0,Porto,Maia,Nogueira e Silva Escura,House,,,90.0,1.0,,,1987.0,NC,2024-11-29 16:22:24,False,False,False,3.0,2.0,0.0,,90.0,1290.0,1200.0,1.0
107000.0,Porto,Felgueiras,Idães,House,,,148.0,0.0,,,1950.0,NC,2024-12-07 11:49:27.337,False,False,False,3.0,2.0,0.0,,148.0,254.0,,0.0
185000.0,Porto,Gondomar,Rio Tinto,House,E,,85.0,0.0,,,1951.0,E,2024-12-09 17:24:27.510,False,False,False,3.0,2.0,,,50.0,,,1.0
265000.0,Porto,Paredes,Baltar,House,C,,264.0,1.0,,,1991.0,C,2024-12-09 12:34:31.417,False,False,False,3.0,2.0,,,264.0,,,1.0
389900.0,Porto,Santo Tirso,"Santo Tirso, Couto (Santa Cristina e São Miguel) e Burgães",House,F,,145.0,0.0,,,1992.0,F,2024-12-09 13:20:55.127,True,False,False,3.0,3.0,3.0,,290.0,550.0,,3.0
245000.0,Porto,Porto,"Cedofeita, Santo Ildefonso, Sé, Miragaia, São Nicolau e Vitória",House,C,,47.0,0.0,,,2022.0,C,2024-12-09 16:51:14.533,False,False,False,3.0,1.0,1.0,,47.0,,,2.0
495000.0,Porto,Maia,Pedrouços,House,C,,138.0,0.0,,,1937.0,C,2024-12-09 17:15:49.020,False,False,False,3.0,7.0,0.0,,135.0,345.0,,0.0
449500.0,Porto,Matosinhos,"Perafita, Lavra e Santa Cruz do Bispo",House,E,,381.0,0.0,,,2017.0,E,2024-12-09 16:13:28.850,True,False,False,3.0,4.0,0.0,Like new,210.0,,,2.0
195000.0,Porto,Porto,Paranhos,House,,,25.0,0.0,,,1951.0,NC,2024-12-09 18:21:36.830,False,False,False,3.0,1.0,,,25.0,37.0,25.85,1.0
149000.0,Porto,Paredes,Baltar,House,D,,168.0,0.0,,,1937.0,D,2024-11-05 11:20:29.593,True,False,False,3.0,4.0,,,188.0,1.0,,3.0
179000.0,Porto,Gondomar,Fânzeres e São Pedro da Cova,House,E,,76.0,0.0,,,1952.0,E,2024-12-10 16:35:41.567,False,False,False,3.0,1.0,,,75.0,,,1.0
235000.0,Porto,Porto,Campanhã,House,,,78.0,0.0,,,1935.0,NC,2024-12-06 13:18:49.247,False,False,False,3.0,1.0,0.0,,68.0,68.0,,0.0
289900.0,Porto,Matosinhos,São Mamede de Infesta e Senhora da Hora,House,,,112.0,1.0,,,1937.0,NC,2024-12-10 10:01:15.623,False,False,False,3.0,3.0,0.0,Needs renovation,96.0,456.0,112.2,0.0
580000.0,Porto,Vila Nova de Gaia,Canidelo,House,C,,172.0,0.0,,,2007.0,C,2024-12-10 18:09:23.103,True,False,False,4.0,3.0,1.0,,172.0,,262.7,3.0
205000.0,Porto,Porto,Campanhã,House,,,55.0,0.0,,,1935.0,NC,2024-12-06 13:19:23.187,False,False,False,3.0,1.0,0.0,,55.0,52.0,,0.0
990000.0,Porto,Vila Nova de Gaia,Canidelo,House,A+,,369.0,0.0,,,,A+,2024-12-10 09:51:51.647,True,False,False,12.0,5.0,1.0,New,347.0,485.0,,5.0
310000.0,Porto,Gondomar,"Gondomar (São Cosme), Valbom e Jovim",House,D,,137.0,0.0,,,1984.0,D,2024-12-10 15:55:53.400,True,False,False,3.0,3.0,0.0,,137.0,568.0,210.0,2.0
600000.0,Porto,Paredes,Gandra,House,D,,371.0,0.0,,,1998.0,D,,True,False,False,3.0,4.0,0.0,,371.0,735.0,371.0,0.0
395000.0,Porto,Paços de Ferreira,Frazão Arreigada,House,,,154.0,1.0,,,2023.0,NC,2024-12-10 13:55:56.277,True,False,False,3.0,3.0,,New,154.0,232.0,,4.0
35500.0,Porto,Baião,Teixeira e Teixeiró,House,,,109.0,0.0,,,1937.0,NC,2024-12-10 18:13:14.873,False,False,False,3.0,3.0,,,109.0,219.0,,2.0
280000.0,Porto,Porto,Bonfim,House,C,,70.0,0.0,,,1937.0,C,2024-12-11 10:36:30.410,True,False,False,3.0,2.0,1.0,Good condition,65.0,,90.0,2.0
390000.0,Porto,Marco de Canaveses,"Alpendorada, Várzea e Torrão",House,E,,190.0,0.0,,,1995.0,E,2024-12-11 17:06:05.130,True,False,False,3.0,3.0,1.0,Good condition,255.0,1416.0,,2.0
449000.0,Porto,Gondomar,Foz do Sousa e Covelo,House,D,,186.0,0.0,,,1991.0,D,,True,False,False,4.0,4.0,1.0,Used,186.0,360.0,306.0,3.0
215000.0,Porto,Lousada,Nespereira e Casais,House,E,,109.0,0.0,,,1978.0,E,2024-12-11 18:19:46.573,False,False,False,3.0,3.0,1.0,,109.0,831.0,,3.0
339900.0,Porto,Matosinhos,São Mamede de Infesta e Senhora da Hora,House,D,,145.0,0.0,,,1986.0,D,,True,False,False,3.0,3.0,2.0,,129.0,,145.0,2.0
229000.0,Porto,Vila do Conde,Vilar e Mosteiró,House,,,125.0,0.0,,,1937.0,NC,2024-12-12 18:05:03.180,True,False,False,3.0,2.0,0.0,Reasonable,84.0,523.0,185.0,2.0
215000.0,Porto,Porto,"Cedofeita, Santo Ildefonso, Sé, Miragaia, São Nicolau e Vitória",House,,,68.0,0.0,,,1967.0,NC,2024-12-12 17:29:33.363,False,False,False,3.0,1.0,0.0,,67.0,101.0,68.0,0.0
35000.0,Porto,Baião,Ancede e Ribadouro,House,F,,60.0,1.0,,,1970.0,F,2024-12-12 20:48:30.540,False,False,False,3.0,2.0,0.0,,60.0,60.0,60.0,1.0
250000.0,Porto,Felgueiras,"Margaride (Santa Eulália), Várzea, Lagares, Varziela e Moure",House,D,,470.0,0.0,,,2008.0,D,2024-12-12 16:06:36.420,False,False,False,4.0,3.0,2.0,,380.0,470.0,,5.0
40000.0,Porto,Baião,Frende,House,,,48.0,0.0,,,1937.0,NC,,False,False,False,3.0,2.0,0.0,,48.0,80.0,,0.0
35000.0,Porto,Baião,Ancede e Ribadouro,House,F,,60.0,1.0,,,1970.0,F,,False,False,False,3.0,2.0,0.0,,60.0,60.0,60.0,1.0
640000.0,Porto,Póvoa de Varzim,"Aver-o-Mar, Amorim e Terroso",House,D,,326.0,0.0,,,2000.0,D,2024-12-12 21:11:54.780,True,False,False,3.0,4.0,0.0,,326.0,396.0,,4.0
497000.0,Porto,Porto,"Cedofeita, Santo Ildefonso, Sé, Miragaia, São Nicolau e Vitória",House,F,,144.0,0.0,,,1988.0,F,2024-12-12 18:41:18.377,False,False,False,3.0,3.0,,,95.0,,,3.0
495000.0,Porto,Maia,Pedrouços,House,C,,226.0,0.0,,,1937.0,C,2024-12-09 17:15:49.020,False,False,False,3.0,7.0,6.0,,220.0,345.0,250.0,6.0
360000.0,Porto,Porto,"Cedofeita, Santo Ildefonso, Sé, Miragaia, São Nicolau e Vitória",House,F,,96.0,0.0,,,1951.0,F,2024-12-13 16:21:53.813,False,False,False,10.0,3.0,1.0,Used,96.0,180.0,,2.0
698000.0,Porto,Santo Tirso,Monte Córdova,House,C,,281.0,0.0,,,1995.0,C,2024-12-03 16:55:36.907,True,False,True,6.0,4.0,1.0,Used,511.0,1000.0,511.05,5.0
60000.0,Porto,Baião,Gestaçô,House,,,72.0,0.0,,,2009.0,NC,2024-12-13 15:57:37.847,False,False,False,3.0,3.0,1.0,,72.0,240.0,,1.0
359000.0,Porto,Penafiel,Penafiel,House,A+,,352.0,0.0,,,2000.0,A+,2024-12-13 16:13:33.217,True,False,False,3.0,3.0,1.0,,294.0,,,3.0
599000.0,Porto,Vila Nova de Gaia,Santa Marinha e São Pedro da Afurada,House,E,,188.0,0.0,,,2005.0,E,2024-12-13 11:14:15.373,True,False,False,13.0,3.0,2.0,Good condition,188.0,381.0,339.0,4.0
535000.0,Porto,Penafiel,Penafiel,House,D,,288.0,0.0,,,2006.0,D,,True,False,False,3.0,4.0,4.0,,288.0,500.0,,4.0
479000.0,Porto,Maia,Vila Nova da Telha,House,A,,140.0,0.0,,,,A,,True,False,False,3.0,3.0,0.0,,140.0,,,3.0
465000.0,Porto,Valongo,Campo e Sobrado,House,C,,215.0,0.0,,,2003.0,C,2024-12-13 17:46:55.393,True,False,False,3.0,3.0,,,215.0,610.0,,4.0
170000.0,Porto,Felgueiras,Vila Cova da Lixa e Borba de Godim,House,E,,116.0,0.0,,,1968.0,E,2024-12-13 16:07:35.107,True,False,False,6.0,3.0,2.0,,116.0,530.0,,2.0
379900.0,Porto,Vila Nova de Gaia,Pedroso e Seixezelo,House,C,,196.0,0.0,,,2004.0,C,2024-12-13 23:27:53.423,True,False,False,3.0,3.0,1.0,Like new,279.0,101.0,279.2,3.0
890000.0,Porto,Matosinhos,Matosinhos e Leça da Palmeira,House,,,233.0,0.0,,,,NC,2024-12-13 22:35:11.713,True,False,False,3.0,3.0,1.0,,233.0,326.0,278.0,4.0
287000.0,Porto,Gondomar,Fânzeres e São Pedro da Cova,House,D,,91.0,0.0,,,1994.0,D,2024-12-13 15:01:36.597,True,False,False,4.0,3.0,1.0,,91.0,,254.5,2.0
139000.0,Porto,Santo Tirso,Vilarinho,House,G,,244.0,1.0,,,1938.0,G,2024-12-13 19:40:18.147,False,False,False,3.0,0.0,0.0,,244.0,844.0,244.75,0.0
450000.0,Porto,Matosinhos,São Mamede de Infesta e Senhora da Hora,House,E,,141.0,1.0,,,1980.0,E,2024-12-13 17:19:44.683,True,False,False,6.0,4.0,1.0,,141.0,189.0,282.0,4.0
329000.0,Porto,Maia,Milheirós,House,D,,360.0,0.0,,,1969.0,D,2024-12-13 10:49:48.847,True,False,False,3.0,6.0,0.0,,295.0,,,3.0
450000.0,Porto,Gondomar,"Gondomar (São Cosme), Valbom e Jovim",House,C,,192.0,1.0,,,2000.0,C,,False,False,False,3.0,4.0,0.0,,192.0,535.0,258.0,4.0
275000.0,Porto,Amarante,Lomba,House,F,,310.0,0.0,,,2019.0,F,2024-12-16 15:56:53.657,False,False,False,4.0,3.0,0.0,Used,310.0,1200.0,150.0,1.0
225000.0,Porto,Santo Tirso,"Santo Tirso, Couto (Santa Cristina e São Miguel) e Burgães",House,,,80.0,1.0,,,2024.0,NC,2024-12-16 12:10:40.060,False,False,False,3.0,2.0,1.0,,80.0,,180.0,2.0
550000.0,Porto,Porto,"Cedofeita, Santo Ildefonso, Sé, Miragaia, São Nicolau e Vitória",House,,,196.0,0.0,,,1951.0,NC,2024-12-17 15:50:23.407,False,False,True,3.0,6.0,,Needs renovation,196.0,,300.0,2.0
259900.0,Porto,Marco de Canaveses,Marco,House,D,,160.0,1.0,,,2002.0,D,2024-12-17 17:17:32.107,False,False,False,4.0,3.0,1.0,Reasonable,160.0,,180.0,3.0
980000.0,Porto,Lousada,Meinedo,House,A,,250.0,0.0,,,2010.0,A,,True,False,False,3.0,3.0,0.0,,561.0,6400.0,,4.0
620000.0,Porto,Maia,Moreira,House,C,,199.0,0.0,,,2007.0,C,2024-12-16 19:06:54.003,True,False,True,3.0,4.0,1.0,Good condition,199.0,88.0,299.5,6.0
499000.0,Porto,Felgueiras,Vila Cova da Lixa e Borba de Godim,House,F,,397.0,1.0,,,2001.0,F,2024-12-17 10:28:37.557,True,False,False,3.0,4.0,,,397.0,500.0,,6.0
195000.0,Porto,Porto,Paranhos,House,,,28.0,0.0,,,1951.0,NC,2024-12-17 18:10:04.707,False,False,False,3.0,1.0,0.0,,28.0,37.0,,1.0
159000.0,Porto,Vila Nova de Gaia,Mafamude e Vilar do Paraíso,House,,,290.0,0.0,,,,NC,2023-09-29 14:27:19.207,False,False,False,2.0,2.0,0.0,,290.0,1000.0,,0.0
770000.0,Porto,Penafiel,Penafiel,House,D,,173.0,0.0,,,2020.0,D,2024-12-18 19:00:58.537,True,False,False,3.0,2.0,0.0,,414.0,1079.0,,2.0
365000.0,Porto,Gondomar,Fânzeres e São Pedro da Cova,House,D,,192.0,0.0,,,2002.0,D,2024-12-18 16:06:57.610,True,False,False,3.0,3.0,0.0,,192.0,432.0,,5.0
250000.0,Porto,Penafiel,Rio de Moinhos,House,F,,231.0,0.0,,,1968.0,F,2024-12-18 17:41:24.680,False,True,False,3.0,6.0,3.0,,231.0,386.0,,3.0
750000.0,Porto,Porto,"Aldoar, Foz do Douro e Nevogilde",House,,,64.0,0.0,,,1937.0,NC,2024-12-18 16:03:55.753,False,False,False,3.0,2.0,1.0,,49.0,,,3.0
115000.0,Porto,Felgueiras,"Margaride (Santa Eulália), Várzea, Lagares, Varziela e Moure",House,,,70.0,0.0,,,1937.0,NC,2024-12-18 10:36:44.187,False,False,False,3.0,2.0,1.0,,70.0,330.0,,2.0
540000.0,Porto,Santo Tirso,Monte Córdova,House,D,,167.0,0.0,,,2008.0,D,2024-12-18 12:26:52.750,True,False,False,3.0,3.0,2.0,,296.0,,,2.0
844600.0,Porto,Maia,Milheirós,House,A,,492.0,1.0,,,,A,2024-12-19 12:08:57.883,False,False,True,6.0,4.0,0.0,New,492.0,,,4.0
844600.0,Porto,Maia,Milheirós,House,A,,492.0,1.0,,,,A,2024-12-19 12:08:59.460,False,False,True,6.0,4.0,0.0,New,492.0,,,4.0
345000.0,Porto,Matosinhos,"Custóias, Leça do Balio e Guifões",House,D,,253.0,0.0,,,1975.0,D,2024-07-08 16:59:33.100,False,False,False,3.0,3.0,0.0,Used,252.0,297.0,,2.0
175000.0,Porto,Porto,Paranhos,House,,,60.0,0.0,,,1937.0,NC,2024-12-19 17:42:10.387,False,False,False,3.0,2.0,0.0,,42.0,60.0,60.0,0.0
359900.0,Porto,Valongo,Alfena,House,C,,375.0,1.0,,,2002.0,C,2024-12-19 12:21:38.827,True,False,True,3.0,4.0,1.0,,288.0,,,3.0
295000.0,Porto,Vila do Conde,Vila Chã,House,F,,70.0,1.0,,,1989.0,F,,False,False,False,6.0,3.0,1.0,,70.0,285.0,70.0,1.0
450000.0,Porto,Póvoa de Varzim,"Aver-o-Mar, Amorim e Terroso",House,A+,,175.0,0.0,,,,A+,2024-12-19 11:16:19.917,True,False,True,5.0,4.0,0.0,New,192.0,400.0,233.0,3.0
943995.0,Porto,Maia,Milheirós,House,A,,485.0,1.0,,,,A,2024-12-19 12:08:56.407,False,False,True,6.0,4.0,0.0,New,485.0,,,4.0
844600.0,Porto,Maia,Milheirós,House,A,,492.0,1.0,,,,A,2024-12-19 12:09:00.713,False,False,True,6.0,4.0,0.0,New,492.0,,,4.0
870350.0,Porto,Maia,Milheirós,House,A,,492.0,1.0,,,,A,2024-12-19 12:09:02.227,False,False,True,6.0,4.0,0.0,New,492.0,,,4.0
870350.0,Porto,Maia,Milheirós,House,A,,492.0,1.0,,,,A,2024-12-19 12:09:03.757,False,False,True,6.0,4.0,0.0,New,492.0,,,4.0
135000.0,Porto,Gondomar,Fânzeres e São Pedro da Cova,House,F,,120.0,0.0,,,1967.0,F,2024-12-19 09:15:58.370,True,False,False,3.0,3.0,0.0,,120.0,,,1.0
190000.0,Porto,Valongo,Alfena,House,E,,80.0,0.0,,,1950.0,E,2024-12-20 16:42:12.403,True,False,False,4.0,3.0,0.0,,80.0,,100.0,1.0
322500.0,Porto,Maia,Moreira,House,E,,251.0,0.0,,,2001.0,E,,True,False,False,3.0,2.0,0.0,,251.0,330.0,,1.0
295000.0,Porto,Paredes,Louredo,House,F,,310.0,0.0,,,1937.0,F,,True,False,False,3.0,4.0,0.0,,310.0,1388.0,465.0,3.0
449900.0,Porto,Vila Nova de Gaia,Gulpilhares e Valadares,House,C,,140.0,1.0,,,1988.0,C,2024-12-20 17:48:33.243,True,False,False,11.0,5.0,1.0,Like new,180.0,660.0,280.0,3.0
95000.0,Porto,Vila Nova de Gaia,Canidelo,House,F,,47.0,0.0,,,1958.0,F,2024-12-20 17:57:58.243,True,False,False,2.0,1.0,0.0,Used,37.0,,47.0,1.0
245000.0,Porto,Lousada,Lustosa e Barrosas (Santo Estêvão),House,C,,191.0,0.0,,,2016.0,C,,True,False,False,3.0,4.0,0.0,,191.0,256.0,256.0,3.0
599000.0,Porto,Gondomar,Foz do Sousa e Covelo,House,B,,268.0,0.0,,,2021.0,B,2024-12-20 17:48:48.587,True,False,True,4.0,3.0,,,204.0,,,5.0
315000.0,Porto,Vila Nova de Gaia,Oliveira do Douro,House,D,,346.0,1.0,,,1937.0,D,2024-12-20 14:42:44.263,False,False,False,8.0,3.0,0.0,Used,346.0,535.0,,3.0
270000.0,Porto,Vila Nova de Gaia,Oliveira do Douro,House,E,,228.0,1.0,,,1937.0,E,2024-12-20 14:43:48.040,False,False,False,5.0,2.0,1.0,Needs renovation,228.0,539.0,,2.0
295000.0,Porto,Maia,Pedrouços,House,E,,71.0,1.0,,,1986.0,E,2024-12-20 15:11:16.733,True,False,False,3.0,3.0,1.0,,71.0,150.0,143.0,3.0
698000.0,Porto,Vila Nova de Gaia,Arcozelo,House,D,,260.0,0.0,,,1982.0,D,,True,False,False,7.0,4.0,1.0,,260.0,506.0,378.0,4.0
219000.0,Porto,Gondomar,Rio Tinto,House,D,,110.0,0.0,,,1976.0,D,2024-12-20 16:09:29.423,True,False,False,3.0,2.0,0.0,,110.0,,,1.0
349000.0,Porto,Póvoa de Varzim,Laúndos,House,C,,290.0,1.0,,,1998.0,C,2024-12-21 13:50:25.350,True,False,False,3.0,4.0,,,290.0,429.0,290.0,2.0
205000.0,Porto,Vila Nova de Gaia,Gulpilhares e Valadares,House,E,,147.0,0.0,,,1964.0,E,2024-12-22 17:12:03.547,True,False,False,3.0,3.0,0.0,Reasonable,147.0,533.0,,1.0
460000.0,Porto,Porto,Paranhos,House,C,,273.0,0.0,,,1931.0,C,,False,False,False,10.0,5.0,1.0,Used,273.0,151.0,,3.0
300000.0,Porto,Matosinhos,"Custóias, Leça do Balio e Guifões",House,F,,294.0,1.0,,,1950.0,F,2024-12-23 12:21:41.847,False,False,False,11.0,7.0,,Needs renovation,294.0,1133.0,294.0,3.0
500000.0,Porto,Valongo,Ermesinde,House,D,,198.0,0.0,,,2005.0,D,2024-12-23 18:31:47.843,True,False,False,5.0,3.0,1.0,Good condition,198.0,336.0,332.0,4.0
219000.0,Porto,Amarante,Olo e Canadelo,House,E,,244.0,0.0,,,1995.0,E,2024-12-23 09:58:46.497,True,False,False,3.0,3.0,0.0,,244.0,9365.0,,1.0
300000.0,Porto,Matosinhos,Matosinhos e Leça da Palmeira,House,D,,138.0,0.0,,,1991.0,D,2024-12-23 17:43:16.330,False,False,False,3.0,2.0,0.0,,100.0,,,1.0
240000.0,Porto,Matosinhos,"Custóias, Leça do Balio e Guifões",House,F,,182.0,0.0,,,1937.0,F,,False,False,False,3.0,2.0,1.0,,182.0,390.0,217.5,2.0
167500.0,Porto,Santo Tirso,Rebordões,House,,,65.0,1.0,,,1938.0,NC,,False,False,False,3.0,2.0,0.0,,65.0,245.0,,1.0
495000.0,Porto,Póvoa de Varzim,"Póvoa de Varzim, Beiriz e Argivai",House,B,,209.0,0.0,,,2010.0,B,2024-12-23 18:08:33.347,True,False,False,5.0,3.0,,Like new,209.0,500.0,,3.0
300000.0,Porto,Matosinhos,"Custóias, Leça do Balio e Guifões",House,F,,275.0,1.0,,,1950.0,F,2024-12-23 12:24:47.837,False,False,False,11.0,5.0,,Needs renovation,275.0,1036.0,275.0,2.0
150000.0,Porto,Santo Tirso,Aves,House,D,,194.0,0.0,,,1957.0,D,,False,False,False,3.0,4.0,0.0,,222.0,348.0,222.0,0.0
450000.0,Porto,Maia,Castêlo da Maia,House,,,830.0,0.0,,,1988.0,NC,,True,False,False,6.0,5.0,0.0,,240.0,,,2.0
100000.0,Porto,Vila Nova de Gaia,Avintes,House,,,50.0,0.0,,,1951.0,NC,2024-12-26 10:22:06.153,False,False,False,3.0,1.0,0.0,Needs renovation,32.0,422.0,,1.0
295000.0,Porto,Porto,Paranhos,House,,,225.0,0.0,,,1951.0,NC,2024-12-26 18:16:49.407,False,False,False,3.0,6.0,,,225.0,,,2.0
115000.0,Porto,Penafiel,Paço de Sousa,House,,,133.0,0.0,,,2007.0,NC,,False,False,False,3.0,2.0,0.0,,384.0,4000.0,,0.0
135000.0,Porto,Felgueiras,Vila Verde e Santão,House,F,,80.0,1.0,,,1975.0,F,,True,False,False,3.0,1.0,,,80.0,1430.0,,1.0
195000.0,Porto,Vila Nova de Gaia,Madalena,House,E,,330.0,0.0,,,1951.0,E,,True,False,False,3.0,7.0,,Used,222.0,,,2.0
372000.0,Porto,Matosinhos,"Custóias, Leça do Balio e Guifões",House,C,,190.0,0.0,,,1994.0,C,,True,False,False,3.0,4.0,1.0,Good condition,218.0,218.0,272.0,4.0
250000.0,Porto,Santo Tirso,Vila Nova do Campo,House,F,,80.0,0.0,,,1938.0,F,2024-05-22 15:04:37,False,False,False,3.0,3.0,0.0,,80.0,,80.0,1.0
135000.0,Porto,Penafiel,Cabeça Santa,House,,,5670.0,1.0,,,1937.0,NC,2024-12-30 19:06:44.857,False,False,False,3.0,3.0,,,5764.0,,,2.0
99000.0,Porto,Maia,Águas Santas,House,,,56.0,0.0,,,1951.0,NC,2024-12-30 16:14:47.390,False,False,False,4.0,2.0,2.0,,56.0,106.0,56.0,4.0
311644.0,Porto,Vila Nova de Gaia,Canelas,House,B-,,203.0,0.0,,,1976.0,B-,2024-12-30 17:39:44.043,True,False,False,5.0,4.0,1.0,Like new,151.0,,,2.0
160000.0,Porto,Vila Nova de Gaia,Pedroso e Seixezelo,House,F,,129.0,0.0,,,1938.0,F,2024-12-30 15:19:23.337,False,False,False,5.0,2.0,1.0,,129.0,,234.0,1.0
140000.0,Porto,Matosinhos,"Perafita, Lavra e Santa Cruz do Bispo",House,,,100.0,0.0,,,1951.0,NC,,False,False,False,3.0,3.0,0.0,,75.0,287.0,,1.0
295000.0,Porto,Gondomar,Rio Tinto,House,E,,270.0,0.0,,,1985.0,E,,True,False,False,5.0,4.0,1.0,Good condition,117.0,306.0,,3.0
70000.0,Porto,Santo Tirso,"Santo Tirso, Couto (Santa Cristina e São Miguel) e Burgães",House,,,53.0,0.0,,,1971.0,NC,2023-11-13 15:29:43.867,False,False,False,3.0,2.0,0.0,,53.0,153.0,,1.0
135000.0,Porto,Vila Nova de Gaia,Canidelo,House,E,,151.0,0.0,,,1951.0,E,2024-12-30 17:20:28.390,False,False,False,12.0,6.0,0.0,,151.0,310.0,,3.0
155000.0,Porto,Santo Tirso,"Santo Tirso, Couto (Santa Cristina e São Miguel) e Burgães",House,C,,258.0,0.0,,,1958.0,C,,False,False,False,6.0,2.0,0.0,,225.0,,,1.0
289000.0,Porto,Lousada,Macieira,House,E,,150.0,0.0,,,2002.0,E,2024-12-31 13:04:18.520,False,False,False,3.0,3.0,0.0,,150.0,640.0,,0.0
629900.0,Porto,Vila Nova de Gaia,"Sandim, Olival, Lever e Crestuma",House,D,,510.0,0.0,,,1988.0,D,2024-12-31 10:37:04.063,True,False,False,7.0,6.0,2.0,,510.0,978.0,630.82,6.0
420000.0,Porto,Vila Nova de Gaia,Pedroso e Seixezelo,House,C,,196.0,0.0,,,2004.0,C,2024-12-31 14:51:19.283,True,False,False,3.0,3.0,1.0,Like new,279.0,101.0,279.2,3.0
495000.0,Porto,Baião,Ancede e Ribadouro,House,,,152.0,1.0,,,1986.0,NC,2024-12-31 12:49:44.987,False,False,False,4.0,3.0,0.0,,152.0,10285.0,305.0,0.0
330000.0,Porto,Penafiel,Penafiel,House,B-,,100.0,1.0,,,1937.0,B-,2024-12-31 12:24:17.003,False,False,False,3.0,1.0,0.0,,100.0,4852.0,,0.0
49900.0,Porto,Baião,Santa Cruz do Douro e São Tomé de Covelas,House,,,189.0,0.0,,,1937.0,NC,2024-12-31 14:42:37.337,False,False,False,3.0,2.0,0.0,,189.0,1456.0,,0.0
439000.0,Porto,Vila do Conde,Vila do Conde,House,D,,182.0,1.0,,,1984.0,D,2024-12-31 09:51:25.717,False,False,False,3.0,2.0,0.0,,182.0,381.0,182.0,3.0
289900.0,Porto,Penafiel,Paço de Sousa,House,B-,,167.0,0.0,,,2008.0,B-,2025-01-02 17:50:23.007,True,False,True,3.0,3.0,1.0,Like new,167.0,145.0,311.0,3.0
287000.0,Porto,Baião,Campelo e Ovil,House,A+,,185.0,0.0,,,2025.0,A+,,False,False,False,3.0,3.0,0.0,,185.0,418.0,,0.0
265000.0,Porto,Marco de Canaveses,Bem Viver,House,A,,157.0,0.0,,,2024.0,A,2025-01-02 10:28:26.860,False,False,False,3.0,3.0,0.0,,157.0,314.0,,0.0
450000.0,Porto,Vila Nova de Gaia,Madalena,House,C,,164.0,0.0,,,2003.0,C,2025-01-02 11:21:12.457,True,False,False,3.0,3.0,0.0,,250.0,,,4.0
345000.0,Porto,Baião,Campelo e Ovil,House,A+,,257.0,1.0,,,2024.0,A+,,False,False,False,3.0,3.0,1.0,,257.0,423.0,277.55,3.0
297000.0,Porto,Baião,Campelo e Ovil,House,A+,,184.0,1.0,,,2024.0,A+,,False,False,False,3.0,3.0,0.0,,184.0,398.0,241.0,0.0
287000.0,Porto,Baião,Campelo e Ovil,House,A+,,183.0,1.0,,,2024.0,A+,,False,False,False,3.0,3.0,1.0,,183.0,398.0,241.0,3.0
287000.0,Porto,Baião,Campelo e Ovil,House,A+,,184.0,0.0,,,2024.0,A+,,False,False,False,3.0,3.0,0.0,,184.0,416.0,,0.0
600000.0,Porto,Porto,"Aldoar, Foz do Douro e Nevogilde",House,,,75.0,0.0,,,1968.0,NC,2025-01-02 11:58:58.557,False,False,False,5.0,3.0,,Needs renovation,75.0,196.0,116.2,2.0
495000.0,Porto,Amarante,Figueiró (Santiago e Santa Cristina),House,E,,427.0,0.0,,,1998.0,E,2025-01-03 19:08:16.080,True,False,False,3.0,5.0,0.0,,427.0,2500.0,,4.0
420000.0,Porto,Santo Tirso,Lamelas e Guimarei,House,C,,254.0,0.0,,,2015.0,C,2025-01-03 14:42:07.797,True,False,False,5.0,3.0,0.0,,421.0,727.0,421.0,3.0
319900.0,Porto,Santo Tirso,Aves,House,B,,169.0,0.0,,,2014.0,B,2025-01-03 17:33:40.057,True,False,False,3.0,2.0,0.0,,190.0,,,3.0
110000.0,Porto,Santo Tirso,Monte Córdova,House,F,,69.0,0.0,,,1957.0,F,2025-01-03 09:53:37.590,True,False,False,3.0,2.0,1.0,,157.0,,,1.0
390000.0,Porto,Vila do Conde,Touguinha e Touguinhó,House,,,292.0,0.0,,,2023.0,NC,,True,False,False,10.0,3.0,3.0,,292.0,164.0,292.0,6.0
265000.0,Porto,Penafiel,Capela,House,F,,120.0,1.0,,,1937.0,F,2025-01-03 18:16:44.517,False,False,False,6.0,3.0,1.0,,240.0,920.0,,2.0
279900.0,Porto,Gondomar,Rio Tinto,House,,,66.0,0.0,,,1951.0,NC,2025-01-03 15:53:03.283,True,False,False,3.0,2.0,1.0,,66.0,329.0,,1.0
109000.0,Porto,Vila Nova de Gaia,Canidelo,House,E,,225.0,0.0,,,1951.0,E,,False,False,False,3.0,2.0,0.0,,75.0,,,1.0
268900.0,Porto,Santo Tirso,Vilarinho,House,,,160.0,0.0,,,2006.0,NC,2024-08-02 10:11:42.813,True,False,False,5.0,4.0,1.0,,160.0,525.0,191.55,3.0
330000.0,Porto,Trofa,Bougado (São Martinho e Santiago),House,C,,234.0,0.0,,,1991.0,C,2024-05-07 14:49:47.480,True,False,False,3.0,4.0,0.0,,191.0,,,3.0
270000.0,Porto,Vila Nova de Gaia,Canelas,House,C,,186.0,1.0,,,1970.0,C,2024-04-29 15:52:13.233,False,False,False,3.0,3.0,0.0,,186.0,372.0,,2.0
360000.0,Porto,Penafiel,Penafiel,House,A+,,352.0,0.0,,,2025.0,A+,2025-01-06 18:13:15.193,False,False,False,3.0,3.0,0.0,New,352.0,352.0,295.0,1.0
175000.0,Porto,Matosinhos,"Custóias, Leça do Balio e Guifões",House,E,,150.0,0.0,,,1937.0,E,2025-01-06 18:09:53.353,False,False,False,4.0,2.0,0.0,,150.0,,,0.0
168000.0,Porto,Gondomar,Rio Tinto,House,,,102.0,1.0,,,1962.0,NC,2025-01-08 13:09:36.977,True,False,False,4.0,3.0,1.0,Needs renovation,102.0,165.0,165.0,3.0
550000.0,Porto,Trofa,Bougado (São Martinho e Santiago),House,A,,311.0,0.0,,,2025.0,A,2025-01-08 12:11:37.743,True,False,False,3.0,3.0,,,227.0,,,4.0
520000.0,Porto,Trofa,Bougado (São Martinho e Santiago),House,A,,235.0,0.0,,,2025.0,A,2025-01-08 15:12:36.207,True,False,False,3.0,3.0,,,218.0,,,4.0
520000.0,Porto,Trofa,Bougado (São Martinho e Santiago),House,A,,235.0,0.0,,,2025.0,A,2025-01-08 15:35:07.937,True,False,False,3.0,3.0,,,218.0,,,4.0
520000.0,Porto,Trofa,Bougado (São Martinho e Santiago),House,A,,235.0,0.0,,,2025.0,A,2025-01-08 15:35:32.317,True,False,False,3.0,3.0,,,218.0,,,4.0
520000.0,Porto,Trofa,Bougado (São Martinho e Santiago),House,A,,235.0,0.0,,,2025.0,A,2025-01-08 15:35:47.580,True,False,False,3.0,3.0,,,218.0,,,4.0
520000.0,Porto,Trofa,Bougado (São Martinho e Santiago),House,A,,235.0,0.0,,,2025.0,A,2025-01-08 15:36:01.150,True,False,False,3.0,3.0,,,218.0,,,4.0
520000.0,Porto,Trofa,Bougado (São Martinho e Santiago),House,A,,235.0,0.0,,,2025.0,A,2025-01-08 15:36:34.650,True,False,False,3.0,3.0,,,218.0,,,4.0
550000.0,Porto,Trofa,Bougado (São Martinho e Santiago),House,A,,341.0,0.0,,,2025.0,A,2025-01-08 15:37:19.937,True,False,False,3.0,3.0,,,221.0,,,4.0
550000.0,Porto,Trofa,Bougado (São Martinho e Santiago),House,A,,341.0,0.0,,,2025.0,A,2025-01-08 15:38:01.723,True,False,False,3.0,3.0,,,221.0,,,4.0
550000.0,Porto,Trofa,Bougado (São Martinho e Santiago),House,A,,341.0,0.0,,,2025.0,A,2025-01-08 15:38:41.607,True,False,False,3.0,3.0,,,221.0,,,4.0
175000.0,Porto,Porto,Ramalde,House,E,,72.0,0.0,,,1950.0,E,2025-01-07 18:26:06.447,False,False,False,4.0,3.0,0.0,Good condition,72.0,141.0,141.0,2.0
345000.0,Porto,Gondomar,Baguim do Monte,House,D,,162.0,0.0,,,1986.0,D,2025-01-07 15:57:54.060,True,False,False,6.0,4.0,3.0,Used,307.0,314.0,,4.0
235000.0,Porto,Marco de Canaveses,"Alpendorada, Várzea e Torrão",House,D,,140.0,0.0,,,2008.0,D,2025-01-07 15:54:01.900,True,False,False,3.0,3.0,,Good condition,140.0,232.0,,2.0
295000.0,Porto,Maia,Pedrouços,House,E,,71.0,1.0,,,1986.0,E,2024-12-20 15:11:16.733,True,False,False,3.0,3.0,1.0,,71.0,150.0,143.0,3.0
249000.0,Porto,Porto,Paranhos,House,F,,79.0,0.0,,,1986.0,F,2024-10-17 11:56:20.530,False,False,False,8.0,3.0,0.0,Used,79.0,,,2.0
255000.0,Porto,Marco de Canaveses,Avessadas e Rosém,House,A,,240.0,0.0,,,2025.0,A,2024-10-17 11:55:41.940,True,False,True,8.0,3.0,1.0,New,240.0,190.0,,3.0
265000.0,Porto,Marco de Canaveses,Avessadas e Rosém,House,A,,240.0,0.0,,,2025.0,A,,True,False,False,8.0,3.0,1.0,,240.0,190.0,,3.0
140000.0,Porto,Gondomar,"Gondomar (São Cosme), Valbom e Jovim",House,,,165.0,1.0,,,1950.0,NC,2024-10-01 11:42:49.157,False,False,False,5.0,2.0,1.0,,165.0,630.0,165.0,2.0
595000.0,Porto,Vila Nova de Gaia,São Felix da Marinha,House,,,290.0,0.0,,,,NC,,True,False,True,7.0,3.0,1.0,,270.0,880.0,,4.0
375000.0,Porto,Gondomar,Fânzeres e São Pedro da Cova,House,,,320.0,0.0,,,1963.0,NC,2024-07-18 13:08:29.060,False,False,False,3.0,5.0,0.0,,320.0,460.0,395.0,3.0
880000.0,Porto,Vila do Conde,Vila Chã,House,A,,163.0,1.0,,,1977.0,A,,False,False,False,3.0,4.0,2.0,Like new,163.0,890.0,163.3,4.0
345000.0,Porto,Maia,Castêlo da Maia,House,D,,2060.0,0.0,,,1977.0,D,,True,False,False,3.0,6.0,0.0,,285.0,,,2.0
525000.0,Porto,Paços de Ferreira,Meixomil,House,,,190.0,0.0,,,2023.0,NC,,True,False,False,3.0,4.0,0.0,,190.0,815.0,,3.0
389000.0,Porto,Penafiel,Irivo,House,B,,160.0,0.0,,,2001.0,B,2025-01-09 15:02:07.843,True,False,False,3.0,3.0,1.0,,280.0,400.0,280.0,3.0
375000.0,Porto,Santo Tirso,"Santo Tirso, Couto (Santa Cristina e São Miguel) e Burgães",House,,,228.0,0.0,,,2025.0,NC,2025-01-09 16:14:26.927,True,False,False,6.0,5.0,1.0,,228.0,180.0,,4.0
599000.0,Porto,Vila Nova de Gaia,Canidelo,House,F,,98.0,0.0,,,2017.0,F,,True,False,False,3.0,2.0,0.0,,292.0,,,3.0
500000.0,Porto,Penafiel,Penafiel,House,A+,,352.0,0.0,,,2025.0,A+,,False,False,False,3.0,3.0,0.0,New,352.0,,,1.0
270000.0,Porto,Porto,Campanhã,House,G,,65.0,0.0,,,1935.0,G,,False,False,False,4.0,2.0,0.0,,85.0,112.0,140.0,1.0
330000.0,Porto,Porto,Campanhã,House,C,,197.0,0.0,,,1982.0,C,,False,False,False,3.0,3.0,0.0,Like new,197.0,,,2.0
220000.0,Porto,Porto,Campanhã,House,,,322.0,0.0,,,1987.0,NC,,False,False,False,3.0,3.0,0.0,,132.0,,,0.0
91500.0,Porto,Gondomar,"Gondomar (São Cosme), Valbom e Jovim",House,,,60.0,0.0,,,1951.0,NC,,False,False,False,3.0,2.0,,,60.0,499.0,67.0,1.0
549000.0,Porto,Trofa,Coronado (São Romão e São Mamede),House,B,,324.0,0.0,,,1937.0,B,,True,False,True,9.0,6.0,1.0,Good condition,228.0,1983.0,229.0,4.0
750000.0,Porto,Póvoa de Varzim,"Aver-o-Mar, Amorim e Terroso",House,B,,170.0,1.0,,,2016.0,B,,True,False,False,3.0,4.0,,Like new,279.0,,,4.0
315000.0,Porto,Amarante,Figueiró (Santiago e Santa Cristina),House,A,,185.0,0.0,,,2025.0,A,,True,False,False,3.0,3.0,,,152.0,406.0,185.8,3.0
310000.0,Porto,Amarante,Figueiró (Santiago e Santa Cristina),House,A,,185.0,0.0,,,2025.0,A,,True,False,False,3.0,3.0,,,152.0,320.0,185.8,3.0
315000.0,Porto,Amarante,Figueiró (Santiago e Santa Cristina),House,A,,185.0,0.0,,,2025.0,A,,True,False,False,3.0,3.0,1.0,,152.0,506.0,,4.0
310000.0,Porto,Amarante,Figueiró (Santiago e Santa Cristina),House,A,,185.0,0.0,,,2025.0,A,,True,False,False,3.0,3.0,1.0,,152.0,320.0,,4.0
450000.0,Porto,Marco de Canaveses,Marco,House,E,,122.0,0.0,,,2005.0,E,2024-06-04 08:36:07,True,False,False,3.0,3.0,0.0,,110.0,1435.0,232.0,3.0
149000.0,Porto,Matosinhos,"Custóias, Leça do Balio e Guifões",House,,,170.0,1.0,,,1951.0,NC,,False,False,False,3.0,4.0,,,188.0,,,2.0
539000.0,Porto,Felgueiras,Vila Verde e Santão,House,E,,392.0,1.0,,,2017.0,E,2025-01-14 11:50:04.850,False,False,False,3.0,3.0,3.0,,1788.0,,,3.0
300000.0,Porto,Matosinhos,"Custóias, Leça do Balio e Guifões",House,C,,100.0,0.0,,,1977.0,C,2025-01-13 15:47:03.417,False,False,False,8.0,3.0,,,73.0,,115.0,2.0
220000.0,Porto,Gondomar,Melres e Medas,House,E,,95.0,1.0,,,2004.0,E,2025-01-13 14:41:41.487,False,False,False,3.0,2.0,1.0,Like new,95.0,,,2.0
311644.0,Porto,Vila Nova de Gaia,Canelas,House,B-,,203.0,0.0,,,1976.0,B-,2024-12-30 17:39:44.043,True,False,False,5.0,4.0,1.0,Like new,151.0,,,2.0
795000.0,Porto,Porto,Paranhos,House,C,,270.0,0.0,,,1945.0,C,,False,False,False,5.0,4.0,0.0,Like new,270.0,155.0,,4.0
150000.0,Porto,Vila Nova de Gaia,Avintes,House,F,,124.0,0.0,,,1975.0,F,2024-04-19 11:26:28.610,False,False,False,6.0,3.0,2.0,Needs renovation,124.0,102.0,124.0,2.0
85000.0,Porto,Baião,Gestaçô,House,F,,136.0,1.0,,,1969.0,F,2025-01-14 16:38:46.487,False,False,False,3.0,3.0,0.0,,136.0,9396.0,,1.0
214900.0,Porto,Vila Nova de Gaia,Serzedo e Perosinho,House,F,,148.0,0.0,,,1937.0,F,2025-01-15 17:55:55.557,True,False,False,4.0,3.0,2.0,Needs renovation,148.0,282.0,176.0,2.0
390000.0,Porto,Matosinhos,"Custóias, Leça do Balio e Guifões",House,D,,220.0,1.0,,,1985.0,D,2025-01-15 15:22:25.907,True,False,False,3.0,5.0,,Used,220.0,252.0,270.0,4.0
798000.0,Porto,Maia,Cidade da Maia,House,C,,458.0,0.0,,,2020.0,C,2025-01-15 16:03:47.043,True,False,True,7.0,6.0,1.0,Like new,458.0,337.0,,5.0
670000.0,Porto,Porto,Paranhos,House,,,64.0,0.0,,,1965.0,NC,,False,False,False,3.0,2.0,0.0,,64.0,418.0,,2.0
370000.0,Porto,Porto,Paranhos,House,,,64.0,0.0,,,1965.0,NC,,False,False,False,3.0,2.0,0.0,,64.0,418.0,,2.0
300000.0,Porto,Amarante,Travanca,House,,,200.0,0.0,,,2025.0,NC,,True,False,False,3.0,2.0,0.0,,200.0,1075.0,,2.0
199000.0,Porto,Vila Nova de Gaia,Gulpilhares e Valadares,House,D,,57.0,1.0,,,1980.0,D,2025-01-14 18:30:24.700,False,False,False,6.0,2.0,0.0,,91.0,1436.0,91.0,1.0
390000.0,Porto,Vila Nova de Gaia,Serzedo e Perosinho,House,C,,254.0,0.0,,,2002.0,C,2025-01-16 13:10:14.203,True,False,False,3.0,5.0,,,222.0,530.0,254.0,3.0
268500.0,Porto,Santo Tirso,Vilarinho,House,B-,,160.0,0.0,,,2006.0,B-,2025-01-16 10:10:18.880,True,False,False,5.0,4.0,1.0,,160.0,525.0,191.55,3.0
360000.0,Porto,Póvoa de Varzim,"Aver-o-Mar, Amorim e Terroso",House,E,,268.0,0.0,,,1981.0,E,2025-01-16 12:41:57.860,True,False,False,3.0,3.0,2.0,,268.0,601.0,,2.0
850000.0,Porto,Matosinhos,"Perafita, Lavra e Santa Cruz do Bispo",House,E,,260.0,0.0,,,1999.0,E,2025-01-16 09:59:58.947,True,False,False,3.0,4.0,1.0,,260.0,1530.0,350.0,4.0
325000.0,Porto,Santo Tirso,Aves,House,A+,,160.0,0.0,,,2025.0,A+,2025-01-16 18:02:54.063,True,False,False,3.0,3.0,1.0,New,160.0,251.0,,3.0
350000.0,Porto,Santo Tirso,Aves,House,A+,,160.0,0.0,,,2025.0,A+,2025-01-16 18:04:38.963,True,False,False,3.0,3.0,1.0,New,160.0,251.0,,3.0
325000.0,Porto,Santo Tirso,Aves,House,A+,,160.0,0.0,,,2025.0,A+,2025-01-16 18:06:11.733,True,False,False,3.0,3.0,1.0,New,160.0,251.0,,3.0
325000.0,Porto,Santo Tirso,Aves,House,A+,,160.0,0.0,,,2025.0,A+,2025-01-16 18:10:51.093,True,False,False,3.0,3.0,1.0,New,160.0,251.0,,3.0
325000.0,Porto,Santo Tirso,Aves,House,A+,,160.0,0.0,,,2025.0,A+,2025-01-16 18:12:15.080,True,False,False,3.0,3.0,1.0,New,160.0,251.0,,3.0
325000.0,Porto,Santo Tirso,Aves,House,A+,,160.0,0.0,,,2025.0,A+,2025-01-16 18:13:27.767,True,False,False,3.0,3.0,1.0,New,160.0,251.0,,3.0
325000.0,Porto,Santo Tirso,Aves,House,A+,,160.0,0.0,,,2025.0,A+,2025-01-16 18:14:13.760,True,False,False,3.0,3.0,1.0,New,160.0,251.0,,3.0
325000.0,Porto,Santo Tirso,Aves,House,A+,,160.0,0.0,,,2025.0,A+,2025-01-16 18:15:15.167,True,False,False,3.0,3.0,1.0,New,160.0,251.0,,3.0
325000.0,Porto,Santo Tirso,Aves,House,A+,,160.0,0.0,,,2025.0,A+,2025-01-16 18:16:43.277,True,False,False,3.0,3.0,1.0,New,160.0,251.0,,3.0
325000.0,Porto,Santo Tirso,Aves,House,A+,,160.0,0.0,,,2025.0,A+,2025-01-16 18:17:33.007,True,False,False,3.0,3.0,1.0,New,160.0,251.0,,3.0
325000.0,Porto,Santo Tirso,Aves,House,A+,,160.0,0.0,,,2025.0,A+,2025-01-16 18:19:02.110,True,False,False,3.0,3.0,1.0,New,160.0,251.0,,3.0
325000.0,Porto,Santo Tirso,Aves,House,A+,,160.0,0.0,,,2025.0,A+,2025-01-16 18:19:56.420,True,False,False,3.0,3.0,1.0,New,160.0,251.0,,3.0
335000.0,Porto,Santo Tirso,Aves,House,A+,,160.0,0.0,,,2025.0,A+,2025-01-16 18:20:29.343,True,False,False,3.0,3.0,1.0,New,160.0,251.0,,3.0
320000.0,Porto,Vila Nova de Gaia,Canidelo,House,C,,269.0,1.0,,,2024.0,C,2025-01-17 15:44:47.563,False,False,False,4.0,3.0,1.0,,84.0,,269.0,2.0
95000.0,Porto,Penafiel,Irivo,House,,,31.0,0.0,,,1953.0,NC,2025-01-17 17:37:08.183,False,False,False,3.0,2.0,1.0,,31.0,329.0,,1.0
180000.0,Porto,Maia,Moreira,House,D,,175.0,1.0,,,1938.0,D,2025-01-17 15:41:24.853,True,False,False,3.0,2.0,1.0,Needs renovation,113.0,1085.0,175.0,2.0
150000.0,Porto,Matosinhos,"Perafita, Lavra e Santa Cruz do Bispo",House,E,,75.0,0.0,,,1975.0,E,2025-01-17 17:07:00.370,True,False,False,3.0,2.0,0.0,,75.0,,,1.0
375000.0,Porto,Gondomar,Rio Tinto,House,D,,127.0,0.0,,,1974.0,D,2025-01-17 15:08:54.327,True,False,False,3.0,4.0,0.0,Used,140.0,140.0,140.0,2.0
460000.0,Porto,Póvoa de Varzim,Estela,House,C,,330.0,0.0,,,2000.0,C,,True,False,False,3.0,5.0,4.0,Good condition,330.0,1003.0,460.0,4.0
395000.0,Porto,Penafiel,Termas de São Vicente,House,,,193.0,1.0,,,1937.0,NC,2025-01-17 16:33:10.933,False,False,False,15.0,10.0,0.0,,193.0,1252.0,603.0,7.0
387000.0,Porto,Vila do Conde,Vila do Conde,House,F,,195.0,0.0,,,1973.0,F,,False,False,False,8.0,4.0,0.0,Used,195.0,199.0,297.0,2.0
277000.0,Porto,Vila do Conde,Junqueira,House,,,80.0,0.0,,,1950.0,NC,2025-01-17 18:05:08.653,True,False,False,3.0,3.0,,Reasonable,100.0,125.0,,1.0
985000.0,Porto,Vila Nova de Gaia,Gulpilhares e Valadares,House,C,,300.0,0.0,,,1996.0,C,2025-01-17 21:50:45.813,True,False,False,3.0,6.0,2.0,,300.0,836.0,,6.0
459700.0,Porto,Maia,Moreira,House,,,199.0,0.0,,,2006.0,NC,2025-01-17 16:03:13.190,True,False,True,3.0,4.0,0.0,Good condition,199.0,,299.5,4.0
165000.0,Porto,Paredes,Paredes,House,,,110.0,1.0,,,1937.0,NC,2025-01-09 12:35:50.153,False,False,False,3.0,3.0,1.0,,194.0,800.0,285.0,2.0
361900.0,Porto,Póvoa de Varzim,Rates,House,E,,227.0,0.0,,,2009.0,E,2025-01-17 18:02:00.920,True,False,False,3.0,4.0,1.0,,227.0,,,4.0
400000.0,Porto,Valongo,Campo e Sobrado,House,B,,203.0,0.0,,,2010.0,B,2025-01-18 11:46:08.877,True,False,True,5.0,3.0,1.0,Like new,180.0,299.0,264.0,3.0
354900.0,Porto,Valongo,Valongo,House,D,,225.0,1.0,,,2003.0,D,2025-01-18 20:07:42.053,False,True,True,3.0,4.0,,Good condition,225.0,346.0,337.0,4.0
449900.0,Porto,Vila Nova de Gaia,Canidelo,House,F,,150.0,1.0,,,1998.0,F,2025-01-19 22:11:29.017,True,False,False,4.0,3.0,1.0,Good condition,150.0,350.0,413.0,3.0
636900.0,Porto,Porto,Paranhos,House,,,133.0,0.0,,,1937.0,NC,2025-01-19 21:22:34.233,False,False,False,3.0,6.0,0.0,Like new,133.0,,208.8,3.0
44900.0,Porto,Paredes,Paredes,House,,,68.0,0.0,,,2022.0,NC,,False,False,False,3.0,1.0,0.0,,68.0,297.0,,1.0
79000.0,Porto,Valongo,Campo e Sobrado,House,,,92.0,0.0,,,2024.0,NC,,False,False,False,3.0,2.0,0.0,,257.0,544.0,,1.0
199000.0,Porto,Matosinhos,"Custóias, Leça do Balio e Guifões",House,G,,66.0,0.0,,,1956.0,G,,False,False,False,4.0,2.0,1.0,,66.0,111.0,74.5,2.0
210800.0,Porto,Felgueiras,Vila Fria e Vizela (São Jorge),House,D,,390.0,0.0,,,1951.0,D,,False,False,False,6.0,4.0,2.0,Reasonable,390.0,379.0,,2.0
585000.0,Porto,Vila Nova de Gaia,Arcozelo,House,B-,,233.0,0.0,,,2010.0,B-,,True,False,True,3.0,3.0,1.0,Good condition,233.0,,380.0,3.0
225000.0,Porto,Penafiel,Rans,House,,,310.0,0.0,,,1951.0,NC,2023-12-29 16:06:52,True,False,False,3.0,2.0,0.0,,310.0,20273.0,,0.0
119000.0,Porto,Vila Nova de Gaia,Oliveira do Douro,House,D,,65.0,0.0,,,1973.0,D,2025-01-21 17:51:00.827,False,False,False,3.0,2.0,0.0,Needs renovation,59.0,,113.0,1.0
290000.0,Porto,Matosinhos,"Perafita, Lavra e Santa Cruz do Bispo",House,,,149.0,1.0,,,2017.0,NC,2025-01-21 17:33:10.760,False,False,False,3.0,3.0,0.0,,149.0,310.0,199.0,2.0
220000.0,Porto,Penafiel,Termas de São Vicente,House,E,,70.0,1.0,,,1976.0,E,2025-01-21 17:53:22.610,False,False,False,3.0,3.0,0.0,,70.0,533.0,,1.0
875000.0,Porto,Vila do Conde,Vila do Conde,House,A,,197.0,0.0,,,2022.0,A,2025-01-21 17:46:21.937,True,False,False,3.0,3.0,,New,197.0,122.0,260.0,4.0
415000.0,Porto,Trofa,Bougado (São Martinho e Santiago),House,B,,162.0,0.0,,,2023.0,B,2025-01-21 15:10:57.133,False,False,True,3.0,3.0,1.0,,89.0,,,3.0
267500.0,Porto,Santo Tirso,"Santo Tirso, Couto (Santa Cristina e São Miguel) e Burgães",House,,,300.0,1.0,,,1983.0,NC,2025-01-21 15:39:48.533,False,False,False,3.0,3.0,1.0,,180.0,525.0,,2.0
225000.0,Porto,Trofa,Coronado (São Romão e São Mamede),House,,,112.0,0.0,,,1988.0,NC,2025-01-21 16:27:41.860,True,False,False,3.0,4.0,0.0,,112.0,636.0,136.0,0.0
489000.0,Porto,Vila do Conde,Rio Mau e Arcos,House,B,,295.0,0.0,,,2021.0,B,2025-01-21 17:54:46.663,True,False,False,3.0,4.0,0.0,,295.0,1162.0,356.87,3.0
160000.0,Porto,Porto,Ramalde,House,E,,56.0,0.0,,,1950.0,E,2025-01-22 15:54:58.727,False,False,False,4.0,3.0,1.0,Needs renovation,56.0,160.0,,1.0
160000.0,Porto,Porto,Ramalde,House,,,56.0,0.0,,,1950.0,NC,2025-01-22 16:09:38.900,False,False,False,4.0,3.0,1.0,,56.0,157.0,,1.0
330000.0,Porto,Vila Nova de Gaia,Oliveira do Douro,House,F,,1891.0,1.0,,,1948.0,F,2025-01-22 09:50:50.913,False,False,False,6.0,2.0,0.0,Needs renovation,213.0,1891.0,,2.0
240000.0,Porto,Matosinhos,Matosinhos e Leça da Palmeira,House,,,96.0,1.0,,,1986.0,NC,2025-01-22 12:55:38.970,False,False,False,4.0,3.0,1.0,Used,111.0,,,2.0
640000.0,Porto,Vila Nova de Gaia,Madalena,House,A+,,412.0,0.0,,,2025.0,A+,2025-01-22 22:19:50.323,True,False,True,3.0,3.0,,,156.0,,,3.0
349000.0,Porto,Felgueiras,Idães,House,D,,227.0,0.0,,,2003.0,D,2025-01-22 18:07:52.737,True,False,False,6.0,3.0,2.0,Good condition,227.0,889.0,,2.0
269500.0,Porto,Marco de Canaveses,"Alpendorada, Várzea e Torrão",House,E,,310.0,0.0,,,2019.0,E,2025-01-22 17:52:27.950,True,False,False,3.0,6.0,0.0,Good condition,525.0,1069.0,,3.0
560000.0,Porto,Vila Nova de Gaia,Serzedo e Perosinho,House,D,,312.0,1.0,,,2003.0,D,2025-01-22 16:29:25.597,False,True,True,12.0,4.0,0.0,,312.0,1300.0,546.0,6.0
420000.0,Porto,Vila Nova de Gaia,Santa Marinha e São Pedro da Afurada,House,C,,192.0,0.0,,,2004.0,C,2025-01-24 11:46:48.433,False,False,False,5.0,2.0,,Good condition,146.0,238.0,202.0,2.0
390000.0,Porto,Trofa,Coronado (São Romão e São Mamede),House,C,,252.0,0.0,,,2009.0,C,2025-01-24 17:30:54.780,True,False,True,3.0,3.0,4.0,,252.0,,,4.0
110000.0,Porto,Amarante,Vila Chã do Marão,House,,,60.0,0.0,,,1976.0,NC,2025-01-24 20:44:00.247,False,False,False,3.0,0.0,0.0,Needs renovation,60.0,2060.0,120.0,0.0
425000.0,Porto,Maia,Moreira,House,B,,213.0,1.0,,,1992.0,B,2025-01-23 11:02:56.813,True,False,True,6.0,4.0,1.0,,213.0,303.0,267.5,3.0
247000.0,Porto,Vila Nova de Gaia,"Sandim, Olival, Lever e Crestuma",House,F,,31.0,1.0,,,1937.0,F,2025-01-23 10:09:57.267,False,False,False,3.0,1.0,1.0,Needs renovation,31.0,2741.0,114.0,1.0
245000.0,Porto,Matosinhos,"Custóias, Leça do Balio e Guifões",House,F,,150.0,0.0,,,1937.0,F,2025-01-23 18:20:55.313,False,False,False,4.0,3.0,0.0,,149.0,293.0,236.0,1.0
239900.0,Porto,Felgueiras,Penacova,House,,,136.0,1.0,,,2022.0,NC,2025-01-24 19:18:56.070,False,False,False,3.0,3.0,0.0,,285.0,285.0,,3.0
300000.0,Porto,Felgueiras,"Margaride (Santa Eulália), Várzea, Lagares, Varziela e Moure",House,C,,1061.0,0.0,,,2009.0,C,2025-01-23 15:15:57.183,True,False,False,10.0,5.0,7.0,,1061.0,5160.0,,7.0
293000.0,Porto,Vila Nova de Gaia,Mafamude e Vilar do Paraíso,House,C,,100.0,0.0,,,1977.0,C,2025-01-24 08:05:54.750,True,False,False,3.0,4.0,1.0,Like new,100.0,,137.0,3.0
850000.0,Porto,Matosinhos,"Perafita, Lavra e Santa Cruz do Bispo",House,C,,362.0,1.0,,,1991.0,C,2025-01-24 18:06:35.467,False,False,False,4.0,3.0,2.0,,217.0,2400.0,,5.0
289000.0,Porto,Baião,Loivos da Ribeira e Tresouras,House,A,,141.0,0.0,,,2006.0,A,2025-01-23 17:20:22.933,False,False,False,3.0,3.0,0.0,,188.0,865.0,,3.0
525000.0,Porto,Santo Tirso,Vila Nova do Campo,House,C,,400.0,1.0,,,1995.0,C,2025-01-23 18:45:09.450,True,False,False,6.0,4.0,0.0,Used,210.0,4240.0,400.0,4.0
690000.0,Porto,Vila Nova de Gaia,Mafamude e Vilar do Paraíso,House,,,233.0,0.0,,,2024.0,NC,,True,True,True,3.0,4.0,4.0,New,233.0,280.0,330.0,4.0
515000.0,Porto,Vila Nova de Gaia,Canidelo,House,B,,215.0,0.0,,,2008.0,B,,True,False,False,3.0,4.0,2.0,Used,215.0,242.0,373.0,6.0
299000.0,Porto,Gondomar,Fânzeres e São Pedro da Cova,House,D,,243.0,0.0,,,1989.0,D,2025-01-27 16:25:39.510,True,False,False,8.0,6.0,,,243.0,655.0,,2.0
300000.0,Porto,Amarante,Lufrei,House,D,,198.0,0.0,,,1995.0,D,2025-01-27 19:43:50.137,True,False,False,6.0,3.0,3.0,Like new,198.0,974.0,297.2,3.0
950000.0,Porto,Porto,Paranhos,House,E,,385.0,0.0,,,1972.0,E,2025-01-27 16:02:00.303,True,False,False,3.0,6.0,1.0,,385.0,545.0,490.0,4.0
300000.0,Porto,Vila Nova de Gaia,Oliveira do Douro,House,B,,125.0,1.0,,,2021.0,B,2025-01-27 17:30:41.977,False,False,True,3.0,2.0,0.0,Like new,125.0,189.0,,3.0
82000.0,Porto,Amarante,Gouveia (São Simão),House,,,428.0,0.0,,,1937.0,NC,2025-01-27 19:50:40.777,True,False,False,3.0,3.0,0.0,,428.0,4271.0,573.0,0.0
275000.0,Porto,Trofa,Coronado (São Romão e São Mamede),House,B,,172.0,0.0,,,2008.0,B,2025-01-27 11:48:02.880,True,False,False,3.0,2.0,,,108.0,,,2.0
307000.0,Porto,Maia,Milheirós,House,D,,248.0,0.0,,,1979.0,D,2025-01-27 11:51:38.577,True,False,False,8.0,6.0,2.0,Needs renovation,248.0,423.0,,5.0
425000.0,Porto,Vila Nova de Gaia,Gulpilhares e Valadares,House,,,238.0,1.0,,,1979.0,NC,2025-01-27 17:33:29.160,False,False,False,3.0,2.0,0.0,Needs renovation,238.0,599.0,,0.0
670000.0,Porto,Matosinhos,"Custóias, Leça do Balio e Guifões",House,B,,205.0,1.0,,,2010.0,B,2025-01-27 12:57:22.857,False,False,True,3.0,4.0,0.0,,205.0,298.0,342.6,0.0
184000.0,Porto,Matosinhos,"Custóias, Leça do Balio e Guifões",House,F,,42.0,0.0,,,1951.0,F,2025-01-27 15:22:33.993,False,False,False,3.0,2.0,,,42.0,121.0,49.5,1.0
158000.0,Porto,Porto,"Cedofeita, Santo Ildefonso, Sé, Miragaia, São Nicolau e Vitória",House,,,37.0,0.0,,,1967.0,NC,2025-01-21 18:11:48.220,False,False,False,3.0,1.0,0.0,,37.0,18.0,,0.0
150000.0,Porto,Porto,"Cedofeita, Santo Ildefonso, Sé, Miragaia, São Nicolau e Vitória",House,,,37.0,0.0,,,1967.0,NC,2025-01-21 18:12:05.007,False,False,False,3.0,1.0,0.0,,37.0,25.0,,0.0
265000.0,Porto,Amarante,Fregim,House,B,,449.0,0.0,,,2025.0,B,,True,False,False,3.0,3.0,0.0,New,311.0,1595.0,,0.0
175000.0,Porto,Valongo,Ermesinde,House,D,,95.0,0.0,,,1990.0,D,,True,False,False,3.0,3.0,0.0,,95.0,,134.0,2.0
600000.0,Porto,Porto,"Cedofeita, Santo Ildefonso, Sé, Miragaia, São Nicolau e Vitória",House,D,,226.0,1.0,,,1978.0,D,2025-01-28 16:49:17.137,False,False,False,11.0,5.0,2.0,Used,246.0,,,2.0
97550.0,Porto,Vila Nova de Gaia,Gulpilhares e Valadares,House,,,100.0,0.0,,,1987.0,NC,2025-01-28 15:42:38.243,True,False,False,3.0,2.0,1.0,,100.0,,,1.0
350000.0,Porto,Felgueiras,Airães,House,C,,432.0,0.0,,,2001.0,C,2025-01-27 16:29:16.523,True,False,False,6.0,3.0,3.0,,432.0,791.0,,3.0
168000.0,Porto,Porto,"Cedofeita, Santo Ildefonso, Sé, Miragaia, São Nicolau e Vitória",House,,,64.0,0.0,,,1967.0,NC,2025-01-21 18:11:41.103,False,False,False,3.0,1.0,0.0,,64.0,32.0,,0.0
158000.0,Porto,Porto,"Cedofeita, Santo Ildefonso, Sé, Miragaia, São Nicolau e Vitória",House,,,37.0,0.0,,,1967.0,NC,2025-01-21 18:11:54.843,False,False,False,3.0,1.0,0.0,,37.0,18.0,,0.0
470000.0,Porto,Maia,Cidade da Maia,House,C,,216.0,0.0,,,1999.0,C,,True,False,False,10.0,4.0,1.0,Good condition,216.0,280.0,,3.0
254900.0,Porto,Penafiel,Perozelo,House,A+,,279.0,0.0,,,2010.0,A+,2025-01-28 17:16:01.327,True,False,True,3.0,3.0,1.0,Good condition,188.0,275.0,,3.0
160000.0,Porto,Paredes,Vandoma,House,,,72.0,0.0,,,1985.0,NC,2025-01-28 15:42:33.873,True,False,False,3.0,2.0,1.0,,72.0,210.0,,1.0
178000.0,Porto,Porto,"Cedofeita, Santo Ildefonso, Sé, Miragaia, São Nicolau e Vitória",House,,,38.0,0.0,,,1967.0,NC,2025-01-21 18:12:25.810,False,False,False,3.0,1.0,0.0,,38.0,19.0,,0.0
530000.0,Porto,Maia,Moreira,House,C,,199.0,0.0,,,2006.0,C,2025-01-28 12:45:05.720,True,False,False,3.0,4.0,0.0,,199.0,,,5.0
155000.0,Porto,Santo Tirso,Monte Córdova,House,F,,120.0,0.0,,,1948.0,F,2025-01-28 15:38:02.917,True,False,False,4.0,3.0,1.0,,120.0,681.0,170.25,2.0
168000.0,Porto,Porto,"Cedofeita, Santo Ildefonso, Sé, Miragaia, São Nicolau e Vitória",House,,,34.0,0.0,,,1967.0,NC,2025-01-21 18:12:12.720,False,False,False,3.0,1.0,0.0,,34.0,17.0,,0.0
148000.0,Porto,Porto,"Cedofeita, Santo Ildefonso, Sé, Miragaia, São Nicolau e Vitória",House,,,30.0,0.0,,,1967.0,NC,2025-01-21 18:12:19.547,False,False,False,3.0,1.0,0.0,,30.0,15.0,,0.0
485000.0,Porto,Vila Nova de Gaia,Arcozelo,House,C,,170.0,0.0,,,2007.0,C,,True,False,False,3.0,2.0,1.0,,105.0,,,3.0
890000.0,Porto,Vila Nova de Gaia,Canidelo,House,A,,389.0,0.0,,,2024.0,A,,True,False,False,7.0,4.0,0.0,New,389.0,,509.05,6.0
225000.0,Porto,Vila Nova de Gaia,Avintes,House,C,,131.0,0.0,,,2020.0,C,,False,False,False,3.0,2.0,0.0,Like new,131.0,114.0,,2.0
395000.0,Porto,Valongo,Valongo,House,E,,216.0,1.0,,,2003.0,E,,False,False,False,3.0,3.0,0.0,,216.0,378.0,324.0,3.0
950000.0,Porto,Vila Nova de Gaia,Canidelo,House,A,,389.0,0.0,,,2024.0,A,,True,False,False,7.0,4.0,0.0,New,389.0,,622.4,6.0
890000.0,Porto,Vila Nova de Gaia,Canidelo,House,A,,389.0,0.0,,,2024.0,A,,True,False,False,7.0,4.0,0.0,New,389.0,,639.35,6.0
280000.0,Porto,Gondomar,Rio Tinto,House,D,,175.0,0.0,,,1994.0,D,,True,False,False,3.0,3.0,0.0,,175.0,168.0,262.2,3.0
475000.0,Porto,Matosinhos,"Custóias, Leça do Balio e Guifões",House,F,,818.0,0.0,,,1937.0,F,2024-07-05 08:20:19,True,False,False,3.0,8.0,0.0,,115.0,,,5.0
690000.0,Porto,Matosinhos,"Perafita, Lavra e Santa Cruz do Bispo",House,A+,,211.0,1.0,,,2025.0,A+,2025-01-29 16:34:59,False,False,False,3.0,3.0,0.0,,211.0,326.0,248.15,0.0
228000.0,Porto,Marco de Canaveses,"Alpendorada, Várzea e Torrão",House,C,,140.0,1.0,,,2006.0,C,,False,False,False,3.0,3.0,1.0,,140.0,210.0,,2.0
69900.0,Porto,Penafiel,Luzim e Vila Cova,House,,,60.0,0.0,,,1949.0,NC,,False,False,False,3.0,2.0,0.0,Needs renovation,60.0,90.0,120.0,1.0
375000.0,Porto,Póvoa de Varzim,"Aver-o-Mar, Amorim e Terroso",House,,,228.0,0.0,,,2008.0,NC,,True,False,False,3.0,3.0,,Good condition,146.0,134.0,,3.0
930000.0,Porto,Vila Nova de Gaia,Canidelo,House,A,,389.0,0.0,,,2024.0,A,,True,False,False,7.0,4.0,0.0,New,389.0,,639.35,6.0
135000.0,Porto,Gondomar,"Gondomar (São Cosme), Valbom e Jovim",House,,,47.0,0.0,,,1972.0,NC,2024-09-11 15:44:39,False,False,False,3.0,1.0,0.0,,47.0,,,1.0
